Do you understand the terms above and agree to participate?;1. What is your age group?;2. What is your gender?;3. What is your occupation?;Please specify your occupation:;4. Kindly indicate the nearest location to you;Please specify your location:;5. Do you have any form of health insurance or HMO coverage?;6. Without looking at any list, which medical laboratory in Nigeria comes to your mind first?;7. Which of the following medical laboratories in Nigeria are you aware of?;7. Which of the following medical laboratories in Nigeria are you aware of?/SYNLAB Nigeria;7. Which of the following medical laboratories in Nigeria are you aware of?/Clina Lancet;7. Which of the following medical laboratories in Nigeria are you aware of?/Mecure Healthcare;7. Which of the following medical laboratories in Nigeria are you aware of?/Afriglobal Medicare;7. Which of the following medical laboratories in Nigeria are you aware of?/Clinix;7. Which of the following medical laboratories in Nigeria are you aware of?/AMCE (African Medical Centre of Excellence);7. Which of the following medical laboratories in Nigeria are you aware of?/Firmcare Diagnostics;7. Which of the following medical laboratories in Nigeria are you aware of?/LAB360;7. Which of the following medical laboratories in Nigeria are you aware of?/APIN Medical Laboratory and Diagnostics;7. Which of the following medical laboratories in Nigeria are you aware of?/Lifebridge Medical Diagnostics;7. Which of the following medical laboratories in Nigeria are you aware of?/Pseven Medical Diagnostics;7. Which of the following medical laboratories in Nigeria are you aware of?/e-Clinic & Diagnostics;7. Which of the following medical laboratories in Nigeria are you aware of?/None of the above;7. Which of the following medical laboratories in Nigeria are you aware of?/Other (please specify);7. Which of the following medical laboratories in Nigeria are you aware of?/Echo Lab (EcoScan);Please specify other laboratory:;8. How did you first hear about SYNLAB Nigeria?;Please specify:;9. Have you ever used the services of any of the following laboratories?;9. Have you ever used the services of any of the following laboratories?/SYNLAB Nigeria;9. Have you ever used the services of any of the following laboratories?/Clina Lancet;9. Have you ever used the services of any of the following laboratories?/Mecure Healthcare;9. Have you ever used the services of any of the following laboratories?/Afriglobal Medicare;9. Have you ever used the services of any of the following laboratories?/Clinix;9. Have you ever used the services of any of the following laboratories?/Firmcare Diagnostics;9. Have you ever used the services of any of the following laboratories?/LAB360;9. Have you ever used the services of any of the following laboratories?/APIN Medical Laboratory and Diagnostics;9. Have you ever used the services of any of the following laboratories?/Lifebridge Medical Diagnostics;9. Have you ever used the services of any of the following laboratories?/Pseven Medical Diagnostics;9. Have you ever used the services of any of the following laboratories?/e-Clinic & Diagnostics;9. Have you ever used the services of any of the following laboratories?/Other (please specify);9. Have you ever used the services of any of the following laboratories?/Echo Lab (EcoScan);9. Have you ever used the services of any of the following laboratories?/I have never used any medical laboratory;Please specify laboratory:;10. Thinking about the last time you used a medical laboratory, what was the primary reason for your visit?;Please specify reason:;11. When you need to use a medical laboratory, how do you typically decide which one to use?;11. When you need to use a medical laboratory, how do you typically decide which one to use?/I go to whichever laboratory my doctor recommends;11. When you need to use a medical laboratory, how do you typically decide which one to use?/I go to whichever laboratory my HMO covers;11. When you need to use a medical laboratory, how do you typically decide which one to use?/I choose based on proximity to my home or workplace;11. When you need to use a medical laboratory, how do you typically decide which one to use?/I choose based on previous experience;11. When you need to use a medical laboratory, how do you typically decide which one to use?/I search online for options;11. When you need to use a medical laboratory, how do you typically decide which one to use?/I ask friends or family for a recommendation;11. When you need to use a medical laboratory, how do you typically decide which one to use?/I choose based on price;11. When you need to use a medical laboratory, how do you typically decide which one to use?/I choose based on the laboratory's reputation;11. When you need to use a medical laboratory, how do you typically decide which one to use?/Other (please specify);Please specify factor:;12. On a scale of 1 to 5, how would you rate your overall impression of SYNLAB Nigeria?;12b. On a scale of 0 to 10, how likely are you to recommend SYNLAB Nigeria to a friend, family member or colleague?;18. What is the main reason for the score you gave above?;Ease of finding and accessing the location;Wait time at the facility;Professionalism and courtesy of staff;Clarity of communication about the test and process;Speed of receiving your results;Accuracy of your results;Online or digital experience if used;Overall value for the price paid;14. Which medical laboratory would you say you prefer most, and briefly explain why?;15a. Performance: Ease of access and location convenience;15b. Performance: Speed of result delivery;15c. Performance: Quality and accuracy of results;15d. Performance: Pricing and affordability;15e. Performance: Customer service and professionalism;15f. Performance: Range of tests available;15g. Performance: Digital experience — online booking and result access;16. Have you ever switched labs, and if so why?;16. Have you ever switched labs, and if so why?/The previous laboratory was too expensive;16. Have you ever switched labs, and if so why?/The previous laboratory was inconvenient to access;16. Have you ever switched labs, and if so why?/I was dissatisfied with the quality or accuracy of results;16. Have you ever switched labs, and if so why?/I was dissatisfied with the customer service;16. Have you ever switched labs, and if so why?/My doctor or HMO recommended a different laboratory;16. Have you ever switched labs, and if so why?/I moved to a new area;16. Have you ever switched labs, and if so why?/Other (please specify);Please specify reason for switching:;17. When choosing a medical laboratory, how important is price in your decision?;18. If SYNLAB Nigeria offered a comprehensive annual health screening package, what price range would you consider fair value?;19. How do you prefer to access your medical test results?;20. How would you prefer to book a laboratory appointment or test?;21 Do you have any additional comments, suggestions or observations for SYNLAB Nigeria?;22. Would you be willing to be contacted for a follow-up conversation about your experience with healthcare services in Nigeria?;Email address (Optional):;_id;_uuid;_submission_time;_status;__version__;meta/rootUuid;_index
Yes, I consent to participate;35-44;Female;Self-employed/business owner;;Wuse;;No, I pay out of pocket;;SYNLAB Nigeria e-Clinic & Diagnostics;1.0;0.0;0.0;0.0;0.0;0.0;0.0;0.0;0.0;0.0;0.0;1.0;0.0;0.0;0.0;;I passed by a SYNLAB location;;SYNLAB Nigeria;1.0;0.0;0.0;0.0;0.0;0.0;0.0;0.0;0.0;0.0;0.0;0.0;0.0;0.0;;Routine health check;;I choose based on proximity to my home or workplace;0.0;0.0;1.0;0.0;0.0;0.0;0.0;0.0;0.0;;4 - Good;8.0;;Satisfied;Very satisfied;Satisfied;Satisfied;Satisfied;Satisfied;Very satisfied;Satisfied;;About the same;Better;Better;About the same;Better;Much better;Much better;I moved to a new area;0.0;0.0;0.0;0.0;0.0;1.0;0.0;;Price is not a significant factor in my decision;₦50,000-100,000;Collect physical copy from the laboratory;Call the laboratory directly;;Yes;;799598472;f39b2ef9-ce32-48b4-aaad-9763d0a98a2a;2026-07-19T13:52:24;submitted_via_web;vcuMVyHEmtj3KUokEUBV7q;uuid:f39b2ef9-ce32-48b4-aaad-9763d0a98a2a;1
Yes, I consent to participate;18-24;Male;Civil servant;;Gwagwalada;;Yes, I pay for it personally;;Clina Lancet;0.0;1.0;0.0;0.0;0.0;0.0;0.0;0.0;0.0;0.0;0.0;0.0;0.0;0.0;0.0;;;;Clina Lancet;0.0;1.0;0.0;0.0;0.0;0.0;0.0;0.0;0.0;0.0;0.0;0.0;0.0;0.0;;Doctor's referral for a specific test;;I go to whichever laboratory my doctor recommends;1.0;0.0;0.0;0.0;0.0;0.0;0.0;0.0;0.0;;;;;;;;;;;;;;Better;Better;Better;Better;Better;Better;Better;I was dissatisfied with the customer service;0.0;0.0;0.0;1.0;0.0;0.0;0.0;;Price matters but quality comes first;Below ₦20,000;Receive via email;Book through a mobile app;;Yes;;796678097;c6f0aa8d-eecf-4ea2-b5dc-c0a5a2c8ba0e;2026-07-17T12:42:30;submitted_via_web;vcuMVyHEmtj3KUokEUBV7q;uuid:c6f0aa8d-eecf-4ea2-b5dc-c0a5a2c8ba0e;2
Yes, I consent to participate;45-54;Male;Self-employed/business owner;;Asokoro;;Yes, I pay for it personally;Echo lab;SYNLAB Nigeria Clinix e-Clinic & Diagnostics;1.0;0.0;0.0;0.0;1.0;0.0;0.0;0.0;0.0;0.0;0.0;1.0;0.0;0.0;1.0;;Recommendation from a friend or family member;;Other (please specify);0.0;0.0;0.0;0.0;0.0;0.0;0.0;0.0;0.0;0.0;0.0;1.0;0.0;0.0;Darlez and Everight;Routine health check;;I go to whichever laboratory my doctor recommends;1.0;0.0;0.0;0.0;0.0;0.0;0.0;0.0;0.0;;;;I’ve not used them before;;;;;;;;;;;;;;;;;;;;;;;;;;;;;;;;;797624102;6708e61a-e640-4dc7-af7e-1ef6aad67aa9;2026-07-16T11:58:33;submitted_via_web;vcuMVyHEmtj3KUokEUBV7q;uuid:6708e61a-e640-4dc7-af7e-1ef6aad67aa9;3
Yes, I consent to participate;25-34;Female;Civil servant;;Gwarimpa;;Yes, through my employer;Health scan;e-Clinic & Diagnostics None of the above;0.0;0.0;0.0;0.0;0.0;0.0;0.0;0.0;0.0;0.0;0.0;1.0;1.0;0.0;0.0;;;;I have never used any medical laboratory;0.0;0.0;0.0;0.0;0.0;0.0;0.0;0.0;0.0;0.0;0.0;0.0;0.0;1.0;;Insurance or HMO requirement;;I go to whichever laboratory my HMO covers;0.0;1.0;0.0;0.0;0.0;0.0;0.0;0.0;0.0;;;;;;;;;;;;;;Better;Better;Better;Better;Better;I cannot compare;Better;My doctor or HMO recommended a different laboratory I moved to a new area;0.0;0.0;0.0;0.0;1.0;1.0;0.0;;Price matters but quality comes first;₦20,000-50,000;Access through an online patient portal or app;Book online through a website;;Yes;;799830128;84f16241-2896-44a0-9347-a28e444a1793;2026-07-23T05:37:50;submitted_via_web;vcuMVyHEmtj3KUokEUBV7q;uuid:84f16241-2896-44a0-9347-a28e444a1793;4
Yes, I consent to participate;35-44;Male;Corporate/salaried professional;;Gwarimpa;;Yes, through my employer;SYNLAB;;;;;;;;;;;;;;;;0.0;;;;SYNLAB Nigeria Clinix;1.0;0.0;0.0;0.0;1.0;0.0;0.0;0.0;0.0;0.0;0.0;0.0;0.0;0.0;;Insurance or HMO requirement;;I go to whichever laboratory my doctor recommends I go to whichever laboratory my HMO covers;1.0;1.0;0.0;0.0;0.0;0.0;0.0;0.0;0.0;;;;;Satisfied;Very satisfied;Satisfied;Satisfied;Very satisfied;Very satisfied;Did not experience this;Satisfied;"SYNLAB; Overall satisfactory service";I cannot compare;Better;About the same;I cannot compare;Better;I cannot compare;I cannot compare;The previous laboratory was inconvenient to access My doctor or HMO recommended a different laboratory I moved to a new area;0.0;1.0;0.0;0.0;1.0;1.0;0.0;;Price matters but quality comes first;Below ₦20,000;I have no preference;I have no preference;;Yes;adetoheeb20@gmail.com;797393495;0e312f6e-6b4c-4b86-892a-cf04e1107357;2026-07-18T16:03:34;submitted_via_web;vcuMVyHEmtj3KUokEUBV7q;uuid:0e312f6e-6b4c-4b86-892a-cf04e1107357;5
Yes, I consent to participate;35-44;Male;Civil servant;;Kubwa;;Yes, through my employer;Medi care;SYNLAB Nigeria;1.0;0.0;0.0;0.0;0.0;0.0;0.0;0.0;0.0;0.0;0.0;0.0;0.0;0.0;0.0;;Referred by my HMO or employer;;SYNLAB Nigeria;1.0;0.0;0.0;0.0;0.0;0.0;0.0;0.0;0.0;0.0;0.0;0.0;0.0;0.0;;Routine health check;;I go to whichever laboratory my HMO covers;0.0;1.0;0.0;0.0;0.0;0.0;0.0;0.0;0.0;;4 - Good;5.0;;Satisfied;Satisfied;Satisfied;Satisfied;Satisfied;Satisfied;Neutral;Satisfied;Medi care, because they very good;Better;Better;Better;Better;Much better;Much better;Better;My doctor or HMO recommended a different laboratory;0.0;0.0;0.0;0.0;1.0;0.0;0.0;;Price matters but quality comes first;₦50,000-100,000;Receive via email;Book through my HMO or employer's portal;No;Yes;a.salisu01@gmail.com;796166150;64deebf2-c19b-4043-9857-5469354121f2;2026-07-20T17:51:34;submitted_via_web;vcuMVyHEmtj3KUokEUBV7q;uuid:64deebf2-c19b-4043-9857-5469354121f2;6
Yes, I consent to participate;45-54;Female;Self-employed/business owner;;Wuse;;No, I pay out of pocket;SYNLAB Nigeria;SYNLAB Nigeria;1.0;0.0;0.0;0.0;0.0;0.0;0.0;0.0;0.0;0.0;0.0;0.0;0.0;0.0;0.0;;I passed by a SYNLAB location;;SYNLAB Nigeria;1.0;0.0;0.0;0.0;0.0;0.0;0.0;0.0;0.0;0.0;0.0;0.0;0.0;0.0;;Pre-employment medical;;I choose based on proximity to my home or workplace;0.0;0.0;1.0;0.0;0.0;0.0;0.0;0.0;0.0;;4 - Good;8.0;They know their job;Satisfied;Satisfied;Very satisfied;Satisfied;Satisfied;Very satisfied;Satisfied;Satisfied;SYNLAB Nigeria it was easy to locate were it was;Better;Much better;Better;Better;Much better;Much better;Better;I moved to a new area;0.0;0.0;0.0;0.0;0.0;1.0;0.0;;Price is important but not the most important factor;₦100,000-200,000;Access through an online patient portal or app;Walk in without an appointment;;Yes;;796764180;b5ef2353-b372-439a-8e4b-40ab774da87e;2026-07-19T19:44:35;submitted_via_web;vcuMVyHEmtj3KUokEUBV7q;uuid:b5ef2353-b372-439a-8e4b-40ab774da87e;7
Yes, I consent to participate;35-44;Male;Civil servant;;Gwarimpa;;Yes, through my employer;SYNLAB Nigeria;SYNLAB Nigeria;1.0;0.0;0.0;0.0;0.0;0.0;0.0;0.0;0.0;0.0;0.0;0.0;0.0;0.0;0.0;;Referred by my HMO or employer;;SYNLAB Nigeria;1.0;0.0;0.0;0.0;0.0;0.0;0.0;0.0;0.0;0.0;0.0;0.0;0.0;0.0;;Routine health check;;;;;;;;;;;;;5- Excellent;9.0;They are good with their job;Very satisfied;Very satisfied;Very satisfied;Very satisfied;Neutral;Very satisfied;Very satisfied;Very satisfied;SYNLAB Nigeria they are just the best;Much better;Much better;Much better;Much better;Better;Much better;Much better;My doctor or HMO recommended a different laboratory;0.0;0.0;0.0;0.0;1.0;0.0;0.0;;Price matters but quality comes first;₦50,000-100,000;I have no preference;Walk in without an appointment;Keep been the best;Yes;;799226550;7e9f3587-5612-4f37-9856-d15cebe3caa2;2026-07-21T15:40:04;submitted_via_web;vcuMVyHEmtj3KUokEUBV7q;uuid:7e9f3587-5612-4f37-9856-d15cebe3caa2;8
Yes, I consent to participate;18-24;Female;Civil servant;;Gwagwalada;;I am not sure;Synlab Nigeria;SYNLAB Nigeria;1.0;0.0;0.0;0.0;0.0;0.0;0.0;0.0;0.0;0.0;0.0;0.0;0.0;0.0;0.0;;Referred by my HMO or employer;;SYNLAB Nigeria;1.0;0.0;0.0;0.0;0.0;0.0;0.0;0.0;0.0;0.0;0.0;0.0;0.0;0.0;;Insurance or HMO requirement;;I go to whichever laboratory my HMO covers;0.0;1.0;0.0;0.0;0.0;0.0;0.0;0.0;0.0;;4 - Good;8.0;They are good;Neutral;Neutral;Neutral;Neutral;Neutral;Neutral;Neutral;Neutral;Synlab Nigeria;Much better;Much better;Much better;Much better;Much better;Much better;Much better;My doctor or HMO recommended a different laboratory;0.0;0.0;0.0;0.0;1.0;0.0;0.0;;Price matters but quality comes first;₦20,000-50,000;Receive via WhatsApp;Book through my HMO or employer's portal;;Yes;;796666982;8bdf86fe-cb03-4aef-b490-4b1dc52b8ca9;2026-07-17T12:21:32;submitted_via_web;vcuMVyHEmtj3KUokEUBV7q;uuid:8bdf86fe-cb03-4aef-b490-4b1dc52b8ca9;9
Yes, I consent to participate;35-44;Female;Civil servant;;Gwarimpa;;Yes, through my employer;;None of the above;0.0;0.0;0.0;0.0;0.0;0.0;0.0;0.0;0.0;0.0;0.0;0.0;1.0;0.0;0.0;;;;Other (please specify);0.0;0.0;0.0;0.0;0.0;0.0;0.0;0.0;0.0;0.0;0.0;1.0;0.0;0.0;No;Doctor's referral for a specific test;;I go to whichever laboratory my HMO covers;0.0;1.0;0.0;0.0;0.0;0.0;0.0;0.0;0.0;;;;;;;;;;;;;My Hmo hospital;Better;Better;Better;Better;Better;Better;Better;The previous laboratory was too expensive;1.0;0.0;0.0;0.0;0.0;0.0;0.0;;Price is important but not the most important factor;₦20,000-50,000;Receive via email;Walk in without an appointment;;Yes;;799042190;c3f774f0-61c4-40c5-8e95-030f1995d366;2026-07-22T01:53:15;submitted_via_web;vcuMVyHEmtj3KUokEUBV7q;uuid:c3f774f0-61c4-40c5-8e95-030f1995d366;10
Yes, I consent to participate;35-44;Female;Self-employed/business owner;;Gwagwalada;;I am not sure;SYNLAB Nigeria;SYNLAB Nigeria;1.0;0.0;0.0;0.0;0.0;0.0;0.0;0.0;0.0;0.0;0.0;0.0;0.0;0.0;0.0;;Recommendation from a doctor or healthcare professional;;SYNLAB Nigeria;1.0;0.0;0.0;0.0;0.0;0.0;0.0;0.0;0.0;0.0;0.0;0.0;0.0;0.0;;Routine health check;;I go to whichever laboratory my doctor recommends;1.0;0.0;0.0;0.0;0.0;0.0;0.0;0.0;0.0;;5- Excellent;10.0;Because SYNLAB Nigeria is good;Very satisfied;Satisfied;Satisfied;Satisfied;Satisfied;Satisfied;Satisfied;Satisfied;SYNLAB Nigeria is good;Better;Better;Better;Better;Better;Better;Better;My doctor or HMO recommended a different laboratory;0.0;0.0;0.0;0.0;1.0;0.0;0.0;;Price matters but quality comes first;₦100,000-200,000;Collect physical copy from the laboratory;Book online through a website;;Yes;;796099623;1e6cf8e7-253a-4933-b5bf-12ba0980a74b;2026-07-15T15:43:10;submitted_via_web;vcuMVyHEmtj3KUokEUBV7q;uuid:1e6cf8e7-253a-4933-b5bf-12ba0980a74b;11
Yes, I consent to participate;45-54;Male;Healthcare professional;;Gwarimpa;;No, I pay out of pocket;Qualihealth Diagnostics;SYNLAB Nigeria Clina Lancet Mecure Healthcare Clinix LAB360 APIN Medical Laboratory and Diagnostics;1.0;1.0;1.0;0.0;1.0;0.0;0.0;1.0;1.0;0.0;0.0;0.0;0.0;0.0;0.0;;Social media;;Other (please specify);0.0;0.0;0.0;0.0;0.0;0.0;0.0;0.0;0.0;0.0;0.0;1.0;0.0;0.0;Qualihealth;Routine health check;;I choose based on the laboratory's reputation;0.0;0.0;0.0;0.0;0.0;0.0;0.0;1.0;0.0;;4 - Good;5.0;No reason;;;;;;;;;;I cannot compare;I cannot compare;I cannot compare;Much worse;Better;Much better;I cannot compare;Other (please specify);0.0;0.0;0.0;0.0;0.0;0.0;1.0;No;Price is important but not the most important factor;₦20,000-50,000;Receive via email;Book online through a website;No;No;;798103679;91257d2b-e370-42a6-b3a9-7535e492cd7b;2026-07-16T13:13:10;submitted_via_web;vcuMVyHEmtj3KUokEUBV7q;uuid:91257d2b-e370-42a6-b3a9-7535e492cd7b;12
Yes, I consent to participate;35-44;Female;Unemployed;;Gwarimpa;;I am not sure;;Afriglobal Medicare;0.0;0.0;0.0;1.0;0.0;0.0;0.0;0.0;0.0;0.0;0.0;0.0;0.0;0.0;0.0;;;;Afriglobal Medicare;0.0;0.0;0.0;1.0;0.0;0.0;0.0;0.0;0.0;0.0;0.0;0.0;0.0;0.0;;Monitoring an existing health condition;;I choose based on price;0.0;0.0;0.0;0.0;0.0;0.0;1.0;0.0;0.0;;;;;;;;;;;;;;Better;Better;Better;Better;Better;Better;Better;I was dissatisfied with the customer service;0.0;0.0;0.0;1.0;0.0;0.0;0.0;;Price is important but not the most important factor;Below ₦20,000;I have no preference;I have no preference;;Yes;;798687609;1e98b6d0-48e1-4f34-ba61-fa0f28519342;2026-07-19T00:41:02;submitted_via_web;vcuMVyHEmtj3KUokEUBV7q;uuid:1e98b6d0-48e1-4f34-ba61-fa0f28519342;13
Yes, I consent to participate;25-34;Male;Civil servant;;Others;Maitama;Yes, I pay for it personally;;SYNLAB Nigeria;1.0;0.0;0.0;0.0;0.0;0.0;0.0;0.0;0.0;0.0;0.0;0.0;0.0;0.0;0.0;;Social media;;I have never used any medical laboratory;0.0;0.0;0.0;0.0;0.0;0.0;0.0;0.0;0.0;0.0;0.0;0.0;0.0;1.0;;Routine health check;;I choose based on price;0.0;0.0;0.0;0.0;0.0;0.0;1.0;0.0;0.0;;4 - Good;5.0;;;;;;;;;;;Better;Better;Better;Worse;Better;About the same;Better;The previous laboratory was too expensive;1.0;0.0;0.0;0.0;0.0;0.0;0.0;;Price is the most important factor;Below ₦20,000;Collect physical copy from the laboratory;Walk in without an appointment;Is too expensive;Yes;israeloladokun94@gmail.com;797075250;7b690738-6749-4793-afed-b0b1f4146a39;2026-07-18T06:38:29;submitted_via_web;vcuMVyHEmtj3KUokEUBV7q;uuid:7b690738-6749-4793-afed-b0b1f4146a39;14
Yes, I consent to participate;35-44;Female;Student;;Asokoro;;I am not sure;Asokoro;SYNLAB Nigeria;1.0;0.0;0.0;0.0;0.0;0.0;0.0;0.0;0.0;0.0;0.0;0.0;0.0;0.0;0.0;;Recommendation from a doctor or healthcare professional;;SYNLAB Nigeria;1.0;0.0;0.0;0.0;0.0;0.0;0.0;0.0;0.0;0.0;0.0;0.0;1.0;0.0;;Pre-employment medical;;I go to whichever laboratory my doctor recommends;1.0;0.0;0.0;0.0;0.0;0.0;0.0;0.0;0.0;;4 - Good;5.0;There are good;Neutral;Satisfied;Very satisfied;Very satisfied;Neutral;Neutral;Dissatisfied;Neutral;Eco lab;Much better;Better;Better;About the same;Much better;Better;About the same;The previous laboratory was inconvenient to access;0.0;1.0;0.0;0.0;0.0;0.0;0.0;;Price matters but quality comes first;₦50,000-100,000;Access through an online patient portal or app;Call the laboratory directly;Nill;Yes;jimohsidikat191@gmail.com;798515572;bd6e0725-7761-413b-b08f-ea2099e82a65;2026-07-16T03:17:47;submitted_via_web;vcuMVyHEmtj3KUokEUBV7q;uuid:bd6e0725-7761-413b-b08f-ea2099e82a65;15
Yes, I consent to participate;35-44;Male;Self-employed/business owner;;Gwarimpa;;Yes, I pay for it personally;;None of the above;0.0;0.0;0.0;0.0;0.0;0.0;0.0;0.0;0.0;0.0;0.0;0.0;1.0;0.0;0.0;;;;Lifebridge Medical Diagnostics;0.0;0.0;0.0;0.0;0.0;0.0;0.0;0.0;1.0;0.0;0.0;0.0;0.0;0.0;;Doctor's referral for a specific test;;I go to whichever laboratory my doctor recommends;1.0;0.0;0.0;0.0;0.0;0.0;0.0;0.0;0.0;;;;;;;;;;;;;Life bridge  lab ,quick to access for me and the resul was fast to be out;Much better;Much better;Much better;Better;Much better;Much better;Much better;I moved to a new area;0.0;0.0;0.0;0.0;0.0;1.0;0.0;;Price is not a significant factor in my decision;₦50,000-100,000;Receive via email;Call the laboratory directly;;Yes;;799168893;0f05d219-ffd7-460d-afb0-89cbe954537e;2026-07-23T11:18:53;submitted_via_web;vcuMVyHEmtj3KUokEUBV7q;uuid:0f05d219-ffd7-460d-afb0-89cbe954537e;16
Yes, I consent to participate;35-44;Female;Self-employed/business owner;;Gwagwalada;;Yes, I pay for it personally;Eco lab;Firmcare Diagnostics;0.0;0.0;0.0;0.0;0.0;0.0;1.0;0.0;0.0;0.0;0.0;0.0;0.0;0.0;1.0;;;;Other (please specify);0.0;0.0;0.0;0.0;0.0;0.0;0.0;0.0;0.0;0.0;0.0;1.0;1.0;0.0;No;Doctor's referral for a specific test;;I ask friends or family for a recommendation;0.0;0.0;0.0;0.0;0.0;1.0;0.0;0.0;0.0;;;;;;;;;;;;;Eco lab is okay i did all my lab test and scan there;Much better;Much better;Much better;Much better;Much better;Much better;Much better;My doctor or HMO recommended a different laboratory;0.0;0.0;0.0;0.0;1.0;0.0;0.0;;Price matters but quality comes first;₦20,000-50,000;Access through an online patient portal or app;Walk in without an appointment;No;Yes;;797801165;0954d149-5f7b-4263-b162-5304a017474b;2026-07-15T22:46:55;submitted_via_web;vcuMVyHEmtj3KUokEUBV7q;uuid:0954d149-5f7b-4263-b162-5304a017474b;17
Yes, I consent to participate;18-24;Female;Student;;Asokoro;;Yes, I pay for it personally;;Mecure Healthcare;0.0;0.0;1.0;0.0;0.0;0.0;0.0;0.0;0.0;0.0;0.0;0.0;0.0;0.0;0.0;;;;I have never used any medical laboratory;0.0;0.0;0.0;0.0;0.0;0.0;0.0;0.0;0.0;0.0;0.0;0.0;0.0;1.0;;Monitoring an existing health condition;;I choose based on proximity to my home or workplace;0.0;0.0;1.0;0.0;0.0;0.0;0.0;0.0;0.0;;;;;;;;;;;;;;Better;Better;Better;;Better;Better;Better;The previous laboratory was too expensive;1.0;0.0;0.0;0.0;0.0;0.0;0.0;;Price is the most important factor;Below ₦20,000;Collect physical copy from the laboratory;Walk in without an appointment;;Yes;rihanatjimoh297@gmail.com;796138370;008f71a8-80c9-4403-ade8-07ea56be828f;2026-07-15T18:31:15;submitted_via_web;vcuMVyHEmtj3KUokEUBV7q;uuid:008f71a8-80c9-4403-ade8-07ea56be828f;18
Yes, I consent to participate;35-44;Male;Corporate/salaried professional;;Kubwa;;Yes, through my employer;;None of the above;0.0;0.0;0.0;0.0;0.0;0.0;0.0;0.0;0.0;0.0;0.0;0.0;1.0;0.0;0.0;;;;I have never used any medical laboratory;0.0;0.0;0.0;0.0;0.0;0.0;0.0;0.0;0.0;0.0;0.0;0.0;0.0;1.0;;Doctor's referral for a specific test;;I go to whichever laboratory my doctor recommends;1.0;0.0;0.0;0.0;0.0;0.0;0.0;0.0;0.0;;;;;;;;;;;;;;I cannot compare;About the same;About the same;Worse;Better;About the same;About the same;I moved to a new area;0.0;0.0;0.0;0.0;0.0;1.0;0.0;;Price matters but quality comes first;I would not purchase this type of package;Receive via email;Walk in without an appointment;;Yes;;799270082;6d11ab2a-ac7a-4486-984a-99db37384793;2026-07-15T17:16:15;submitted_via_web;vcuMVyHEmtj3KUokEUBV7q;uuid:6d11ab2a-ac7a-4486-984a-99db37384793;19
Yes, I consent to participate;35-44;Female;Self-employed/business owner;;Gwagwalada;;No, I pay out of pocket;NONE;AMCE (African Medical Centre of Excellence);0.0;0.0;0.0;0.0;0.0;1.0;0.0;0.0;0.0;0.0;0.0;0.0;0.0;0.0;0.0;;;;I have never used any medical laboratory;0.0;0.0;0.0;0.0;0.0;0.0;0.0;0.0;0.0;0.0;0.0;0.0;0.0;1.0;;Doctor's referral for a specific test;;I go to whichever laboratory my doctor recommends;1.0;0.0;0.0;0.0;0.0;0.0;0.0;0.0;0.0;;;;;;;;;;;;;NONE;I cannot compare;I cannot compare;I cannot compare;I cannot compare;I cannot compare;I cannot compare;I cannot compare;Other (please specify);0.0;0.0;0.0;0.0;0.0;0.0;1.0;NONE;Price matters but quality comes first;₦100,000-200,000;Receive via email;I have no preference;NO;No;;796909942;270fe294-cb12-49f5-bb72-b9036cacbf39;2026-07-15T20:14:21;submitted_via_web;vcuMVyHEmtj3KUokEUBV7q;uuid:270fe294-cb12-49f5-bb72-b9036cacbf39;20
Yes, I consent to participate;35-44;Female;Corporate/salaried professional;;Asokoro;;No, I pay out of pocket;sure health laboratory and diagnostic limited;SYNLAB Nigeria Other (please specify);1.0;0.0;0.0;0.0;0.0;0.0;0.0;0.0;0.0;0.0;0.0;0.0;0.0;1.0;0.0;sure Health Laboratory and Diagnostic limited;Recommendation from a friend or family member;;Other (please specify);0.0;0.0;0.0;0.0;0.0;0.0;0.0;0.0;0.0;0.0;0.0;1.0;0.0;0.0;sure health laboratory;Doctor's referral for a specific test;;I go to whichever laboratory my doctor recommends;1.0;0.0;0.0;0.0;0.0;0.0;0.0;0.0;0.0;;4 - Good;5.0;I have not used it myself;;;;;;;;;Sure health lab. Reason is that it is closest to Asokoro District hospital;Better;Much better;Better;I cannot compare;Better;About the same;About the same;I moved to a new area;0.0;0.0;0.0;0.0;0.0;1.0;0.0;;Price is the most important factor;Below ₦20,000;Receive via WhatsApp;Book online through a website;Create more awareness for people around Asokoro axis till Mararabaa;Yes;olayemiakinpelu@gmail.com;798950171;f742e1f5-ff24-461e-86c2-58b5868288e8;2026-07-19T13:16:32;submitted_via_web;vcuMVyHEmtj3KUokEUBV7q;uuid:f742e1f5-ff24-461e-86c2-58b5868288e8;21
Yes, I consent to participate;45-54;Male;Self-employed/business owner;;Asokoro;;Yes, I pay for it personally;ZOOLANT;SYNLAB Nigeria Mecure Healthcare Clinix AMCE (African Medical Centre of Excellence) Firmcare Diagnostics APIN Medical Laboratory and Diagnostics Lifebridge Medical Diagnostics Pseven Medical Diagnostics e-Clinic & Diagnostics;1.0;0.0;1.0;0.0;1.0;1.0;1.0;0.0;1.0;1.0;1.0;1.0;0.0;0.0;0.0;;Recommendation from a friend or family member;;SYNLAB Nigeria Clina Lancet Afriglobal Medicare Firmcare Diagnostics;1.0;1.0;0.0;1.0;0.0;1.0;0.0;0.0;0.0;0.0;0.0;0.0;0.0;0.0;;Insurance or HMO requirement;;I go to whichever laboratory my HMO covers I choose based on previous experience;0.0;1.0;0.0;1.0;0.0;0.0;0.0;0.0;0.0;;4 - Good;7.0;;Satisfied;Satisfied;Neutral;Satisfied;Satisfied;Satisfied;Satisfied;Satisfied;;Much better;Better;;Much better;Much better;Much better;Better;My doctor or HMO recommended a different laboratory;0.0;0.0;0.0;0.0;1.0;0.0;0.0;;Price matters but quality comes first;Above ₦200,000;Access through an online patient portal or app;Book online through a website;;Yes;;798627941;7f9e707e-d480-4fd8-b926-434f801777fb;2026-07-18T16:07:57;submitted_via_web;vcuMVyHEmtj3KUokEUBV7q;uuid:7f9e707e-d480-4fd8-b926-434f801777fb;22
Yes, I consent to participate;45-54;Male;Self-employed/business owner;;Asokoro;;Yes, I pay for it personally;Echo lab;SYNLAB Nigeria Clinix e-Clinic & Diagnostics;1.0;0.0;0.0;0.0;1.0;0.0;0.0;0.0;0.0;0.0;0.0;1.0;0.0;0.0;1.0;;Recommendation from a friend or family member;;Other (please specify);0.0;0.0;0.0;0.0;0.0;0.0;0.0;0.0;0.0;0.0;0.0;1.0;0.0;0.0;Darlez and Everight;Routine health check;;I go to whichever laboratory my doctor recommends;1.0;0.0;0.0;0.0;0.0;0.0;0.0;0.0;0.0;;;;I’ve not used them before;;;;;;;;;;;;;;;;;;;;;;;;;;;;;;;;;796478165;0a3db077-5938-4170-9ae9-319a4937b3a5;2026-07-21T03:28:38;submitted_via_web;vcuMVyHEmtj3KUokEUBV7q;uuid:0a3db077-5938-4170-9ae9-319a4937b3a5;23
Yes, I consent to participate;35-44;Female;Self-employed/business owner;;Wuse;;Yes, I pay for it personally;;SYNLAB Nigeria;1.0;0.0;0.0;0.0;0.0;0.0;0.0;0.0;0.0;0.0;0.0;0.0;0.0;0.0;0.0;;Recommendation from a friend or family member;;SYNLAB Nigeria Lifebridge Medical Diagnostics;1.0;0.0;0.0;0.0;0.0;0.0;0.0;0.0;1.0;0.0;0.0;0.0;0.0;0.0;;Routine health check;;I choose based on proximity to my home or workplace;0.0;0.0;1.0;0.0;0.0;0.0;0.0;0.0;0.0;;3- Neutral;5.0;;Satisfied;Satisfied;Neutral;Satisfied;Very satisfied;Satisfied;Satisfied;Satisfied;Synlab;Better;Better;About the same;About the same;Better;About the same;Better;The previous laboratory was inconvenient to access;0.0;1.0;0.0;0.0;0.0;0.0;0.0;;Price matters but quality comes first;₦50,000-100,000;Access through an online patient portal or app;Book through a mobile app;;Yes;;796817912;dda0598e-96be-44a0-b345-e565f4473e01;2026-07-16T13:46:00;submitted_via_web;vcuMVyHEmtj3KUokEUBV7q;uuid:dda0598e-96be-44a0-b345-e565f4473e01;24
Yes, I consent to participate;35-44;Male;Corporate/salaried professional;;Gwarimpa;;No, I pay out of pocket;;SYNLAB Nigeria Afriglobal Medicare Clinix LAB360;1.0;0.0;0.0;1.0;1.0;0.0;0.0;1.0;0.0;0.0;0.0;0.0;0.0;0.0;0.0;;I passed by a SYNLAB location;;I have never used any medical laboratory;0.0;0.0;0.0;0.0;0.0;0.0;0.0;0.0;0.0;0.0;0.0;0.0;0.0;1.0;;;;I go to whichever laboratory my HMO covers;0.0;1.0;0.0;0.0;0.0;0.0;0.0;0.0;0.0;;4 - Good;9.0;Because they attend to patients instantly;;;;;;;;;;Much better;Much better;Much better;Better;Much better;Better;Better;I moved to a new area;0.0;0.0;0.0;0.0;0.0;1.0;0.0;;;₦20,000-50,000;Receive via email;Book through my HMO or employer's portal;;No;;796785038;c6863cb1-a915-4973-8687-30a2df9ee6d5;2026-07-17T15:26:33;submitted_via_web;vcuMVyHEmtj3KUokEUBV7q;uuid:c6863cb1-a915-4973-8687-30a2df9ee6d5;25
Yes, I consent to participate;45-54;Male;Other (please specify);Retiree;Wuse;;Yes, through my employer;Wuse District hospital;None of the above;0.0;0.0;0.0;0.0;0.0;0.0;0.0;0.0;0.0;0.0;0.0;0.0;1.0;0.0;0.0;;;;I have never used any medical laboratory;0.0;0.0;0.0;0.0;0.0;0.0;0.0;0.0;0.0;0.0;0.0;0.0;0.0;1.0;;Pre-employment medical;;I choose based on proximity to my home or workplace;0.0;0.0;1.0;0.0;0.0;0.0;0.0;0.0;0.0;;;;;;;;;;;;;;I cannot compare;I cannot compare;I cannot compare;I cannot compare;I cannot compare;Better;Worse;I was dissatisfied with the quality or accuracy of results;0.0;0.0;1.0;0.0;0.0;0.0;0.0;;Price is important but not the most important factor;Below ₦20,000;Collect physical copy from the laboratory;I have no preference;No;Yes;;797889616;9bb7045a-4fde-46e6-8926-8be1b0164a22;2026-07-22T11:10:34;submitted_via_web;vcuMVyHEmtj3KUokEUBV7q;uuid:9bb7045a-4fde-46e6-8926-8be1b0164a22;26
Yes, I consent to participate;35-44;Female;Civil servant;;Gwagwalada;;Yes, through my employer;LAB360;LAB360;0.0;0.0;0.0;0.0;0.0;0.0;0.0;1.0;0.0;0.0;0.0;0.0;0.0;0.0;0.0;;;;LAB360;0.0;0.0;0.0;0.0;0.0;0.0;1.0;0.0;0.0;0.0;0.0;0.0;0.0;0.0;;Insurance or HMO requirement;;I go to whichever laboratory my HMO covers;0.0;1.0;0.0;0.0;0.0;0.0;0.0;0.0;0.0;;;;;;;;;;;;;;I cannot compare;I cannot compare;I cannot compare;I cannot compare;Better;Better;Better;I moved to a new area;0.0;0.0;0.0;0.0;0.0;1.0;0.0;;Price is not a significant factor in my decision;₦20,000-50,000;Collect physical copy from the laboratory;Book through my HMO or employer's portal;;No;;798696874;afce7a1c-9bff-4296-9850-f2c6bd5b1014;2026-07-22T03:45:03;submitted_via_web;vcuMVyHEmtj3KUokEUBV7q;uuid:afce7a1c-9bff-4296-9850-f2c6bd5b1014;27
Yes, I consent to participate;35-44;Female;Self-employed/business owner;;Wuse;;Yes, I pay for it personally;;SYNLAB Nigeria;1.0;0.0;0.0;0.0;0.0;0.0;0.0;0.0;0.0;0.0;0.0;0.0;0.0;0.0;0.0;;Recommendation from a friend or family member;;SYNLAB Nigeria Lifebridge Medical Diagnostics;1.0;0.0;0.0;0.0;0.0;0.0;0.0;0.0;1.0;0.0;0.0;0.0;0.0;0.0;;Routine health check;;I choose based on proximity to my home or workplace;0.0;0.0;1.0;0.0;0.0;0.0;0.0;0.0;0.0;;3- Neutral;5.0;;Satisfied;Satisfied;Neutral;Satisfied;Very satisfied;Satisfied;Satisfied;Satisfied;Synlab;Better;Better;About the same;About the same;Better;About the same;Better;The previous laboratory was inconvenient to access;0.0;1.0;0.0;0.0;0.0;0.0;0.0;;Price matters but quality comes first;₦50,000-100,000;Access through an online patient portal or app;Book through a mobile app;;Yes;;797990969;9d6cd86a-3ff0-4c4f-96cc-9c15fcdc40f9;2026-07-17T03:31:14;submitted_via_web;vcuMVyHEmtj3KUokEUBV7q;uuid:9d6cd86a-3ff0-4c4f-96cc-9c15fcdc40f9;28
Yes, I consent to participate;35-44;Male;Corporate/salaried professional;;Lugbe;;Yes, through my employer;St. Emmanuel Hospital;SYNLAB Nigeria Mecure Healthcare Clinix;1.0;0.0;1.0;0.0;1.0;0.0;0.0;0.0;0.0;0.0;0.0;0.0;0.0;0.0;0.0;;Recommendation from a friend or family member;;I have never used any medical laboratory;0.0;0.0;0.0;0.0;0.0;0.0;0.0;0.0;0.0;0.0;0.0;0.0;0.0;1.0;;Insurance or HMO requirement;;I go to whichever laboratory my HMO covers I choose based on proximity to my home or workplace;0.0;1.0;1.0;0.0;0.0;0.0;0.0;0.0;0.0;;3- Neutral;5.0;Because have not used them before myself;;;;;;;;;;I cannot compare;I cannot compare;I cannot compare;I cannot compare;I cannot compare;I cannot compare;I cannot compare;I was dissatisfied with the quality or accuracy of results I was dissatisfied with the customer service My doctor or HMO recommended a different laboratory I moved to a new area;0.0;0.0;1.0;1.0;1.0;1.0;0.0;;Price matters but quality comes first;Below ₦20,000;I have no preference;I have no preference;;No;;797187209;ab618295-462b-434c-900b-7590d384b9e0;2026-07-18T11:21:15;submitted_via_web;vcuMVyHEmtj3KUokEUBV7q;uuid:ab618295-462b-434c-900b-7590d384b9e0;29
Yes, I consent to participate;35-44;Female;Civil servant;;Gwagwalada;;Yes, through my employer;Health care  scan;Lifebridge Medical Diagnostics;0.0;0.0;0.0;0.0;0.0;0.0;0.0;0.0;0.0;1.0;0.0;0.0;0.0;0.0;0.0;;;;Lifebridge Medical Diagnostics;0.0;0.0;0.0;0.0;0.0;0.0;0.0;0.0;1.0;0.0;0.0;0.0;0.0;0.0;;Doctor's referral for a specific test;;I go to whichever laboratory my doctor recommends;1.0;0.0;0.0;0.0;0.0;0.0;0.0;0.0;0.0;;;;;;;;;;;;;Health care , very affordable;Better;Better;Better;Better;Better;Better;Better;I was dissatisfied with the quality or accuracy of results;0.0;0.0;1.0;0.0;0.0;0.0;0.0;;Price is important but not the most important factor;₦20,000-50,000;Collect physical copy from the laboratory;Walk in without an appointment;;Yes;;796280553;a5888705-38b5-47f8-9615-cb1b251c60c1;2026-07-18T04:25:25;submitted_via_web;vcuMVyHEmtj3KUokEUBV7q;uuid:a5888705-38b5-47f8-9615-cb1b251c60c1;30
Yes, I consent to participate;35-44;;Student;;Asokoro;;;;SYNLAB Nigeria;1.0;0.0;0.0;0.0;0.0;0.0;0.0;0.0;0.0;0.0;0.0;0.0;0.0;0.0;0.0;;Recommendation from a doctor or healthcare professional;;I have never used any medical laboratory;0.0;0.0;0.0;0.0;0.0;0.0;0.0;0.0;0.0;0.0;0.0;0.0;0.0;1.0;;Monitoring an existing health condition;;I choose based on proximity to my home or workplace;0.0;0.0;1.0;0.0;0.0;0.0;0.0;0.0;0.0;;3- Neutral;6.0;;;;;;;;;;;Better;Better;Better;Better;Better;Better;Better;The previous laboratory was too expensive;1.0;0.0;0.0;0.0;0.0;0.0;0.0;;Price is the most important factor;I would not purchase this type of package;Collect physical copy from the laboratory;Walk in without an appointment;;Yes;rihanatjimoh297@gmail.com;796885332;14e3429e-4be8-4989-86e2-b038293cf837;2026-07-21T06:38:22;submitted_via_web;vcuMVyHEmtj3KUokEUBV7q;uuid:14e3429e-4be8-4989-86e2-b038293cf837;31
Yes, I consent to participate;35-44;Male;Self-employed/business owner;;Wuse;;;SYNLAB Nigeria;SYNLAB Nigeria;1.0;0.0;0.0;0.0;0.0;0.0;0.0;0.0;0.0;0.0;0.0;0.0;0.0;0.0;0.0;;Advertisement - television, radio or outdoor;;SYNLAB Nigeria;1.0;0.0;0.0;0.0;0.0;0.0;0.0;0.0;0.0;0.0;0.0;0.0;0.0;0.0;;Monitoring an existing health condition;;I go to whichever laboratory my doctor recommends;1.0;0.0;0.0;0.0;0.0;0.0;0.0;0.0;0.0;;4 - Good;7.0;They are good;Satisfied;Neutral;;Very satisfied;;Neutral;;Satisfied;SYNLAB their work is nice;Better;Better;Better;Better;Much better;Much better;Much better;The previous laboratory was too expensive;1.0;0.0;0.0;0.0;0.0;0.0;0.0;;Price is important but not the most important factor;₦100,000-200,000;Collect physical copy from the laboratory;Walk in without an appointment;I like ur good work;Yes;;799077590;79b21b03-9bc2-4979-8a26-2ef05cb3da0b;2026-07-16T04:48:18;submitted_via_web;vcuMVyHEmtj3KUokEUBV7q;uuid:79b21b03-9bc2-4979-8a26-2ef05cb3da0b;32
Yes, I consent to participate;35-44;Male;Civil servant;;Asokoro;;I am not sure;Synlab;SYNLAB Nigeria;1.0;0.0;0.0;0.0;0.0;0.0;0.0;0.0;0.0;0.0;0.0;0.0;0.0;0.0;0.0;;Recommendation from a doctor or healthcare professional;;SYNLAB Nigeria I have never used any medical laboratory;1.0;0.0;0.0;0.0;0.0;0.0;0.0;0.0;0.0;0.0;0.0;0.0;0.0;1.0;;Doctor's referral for a specific test;;I go to whichever laboratory my doctor recommends;1.0;0.0;0.0;0.0;0.0;0.0;0.0;0.0;0.0;;5- Excellent;7.0;;Satisfied;Satisfied;Neutral;Satisfied;Very satisfied;Very satisfied;Very satisfied;Very satisfied;;Better;Better;About the same;Better;Better;Much better;Much better;The previous laboratory was too expensive;1.0;0.0;0.0;0.0;0.0;0.0;0.0;;Price matters but quality comes first;₦50,000-100,000;Collect physical copy from the laboratory;Book online through a website;No;;;798619997;5e65b761-2dce-4020-8d02-7b6b4d87c2c2;2026-07-16T17:59:24;submitted_via_web;vcuMVyHEmtj3KUokEUBV7q;uuid:5e65b761-2dce-4020-8d02-7b6b4d87c2c2;33
Yes, I consent to participate;35-44;Female;Student;;Asokoro;;No, I pay out of pocket;SYNLAB NIGERIA;SYNLAB Nigeria Mecure Healthcare Clinix LAB360 e-Clinic & Diagnostics;1.0;0.0;1.0;0.0;1.0;0.0;0.0;1.0;0.0;0.0;0.0;1.0;0.0;0.0;0.0;;Recommendation from a doctor or healthcare professional;;SYNLAB Nigeria Mecure Healthcare Clinix LAB360 e-Clinic & Diagnostics;1.0;0.0;1.0;0.0;1.0;0.0;1.0;0.0;0.0;0.0;1.0;0.0;0.0;0.0;;Pre-employment medical;;I go to whichever laboratory my doctor recommends I choose based on previous experience;1.0;0.0;0.0;1.0;0.0;0.0;0.0;0.0;0.0;;5- Excellent;10.0;based on previous experience they work with experience and they are very good 👍;Very satisfied;Satisfied;Satisfied;Satisfied;Satisfied;Satisfied;Very satisfied;Satisfied;SYNLAB, based on the previous experience I had with them, they work with experience and they are very good 👍;Much better;Better;Better;Better;Better;Better;Better;The previous laboratory was too expensive I moved to a new area;1.0;0.0;0.0;0.0;0.0;1.0;0.0;;Price matters but quality comes first;₦20,000-50,000;Collect physical copy from the laboratory;Walk in without an appointment;;Yes;;798575539;bee6a9ec-6e31-42a4-830b-0d6f9e4f8db4;2026-07-22T12:08:19;submitted_via_web;vcuMVyHEmtj3KUokEUBV7q;uuid:bee6a9ec-6e31-42a4-830b-0d6f9e4f8db4;34
Yes, I consent to participate;35-44;Female;Self-employed/business owner;;Gwagwalada;;No, I pay out of pocket;;Lifebridge Medical Diagnostics;0.0;0.0;0.0;0.0;0.0;0.0;0.0;0.0;0.0;1.0;0.0;0.0;0.0;0.0;0.0;;;;Lifebridge Medical Diagnostics;0.0;0.0;0.0;0.0;0.0;0.0;0.0;0.0;1.0;0.0;0.0;0.0;0.0;0.0;;Doctor's referral for a specific test;;I choose based on price;0.0;0.0;0.0;0.0;0.0;0.0;1.0;0.0;0.0;;;;;;;;;;;;;None i go to any one my doctor say;Much better;Much better;Better;Better;Much better;About the same;Much better;I was dissatisfied with the customer service;0.0;0.0;0.0;1.0;0.0;0.0;0.0;;Price matters but quality comes first;₦20,000-50,000;Collect physical copy from the laboratory;Walk in without an appointment;;Yes;;796070287;9de9089a-991d-4fae-aede-cbb7570cf93d;2026-07-15T14:08:36;submitted_via_web;vcuMVyHEmtj3KUokEUBV7q;uuid:9de9089a-991d-4fae-aede-cbb7570cf93d;35
Yes, I consent to participate;35-44;;Student;;Asokoro;;;;SYNLAB Nigeria;1.0;0.0;0.0;0.0;0.0;0.0;0.0;0.0;0.0;0.0;0.0;0.0;0.0;0.0;0.0;;Recommendation from a doctor or healthcare professional;;I have never used any medical laboratory;0.0;0.0;0.0;0.0;0.0;0.0;0.0;0.0;0.0;0.0;0.0;0.0;0.0;1.0;;Monitoring an existing health condition;;I choose based on proximity to my home or workplace;0.0;0.0;1.0;0.0;0.0;0.0;0.0;0.0;0.0;;3- Neutral;6.0;;;;;;;;;;;Better;Better;Better;Better;Better;Better;Better;The previous laboratory was too expensive;1.0;0.0;0.0;0.0;0.0;0.0;0.0;;Price is the most important factor;I would not purchase this type of package;Collect physical copy from the laboratory;Walk in without an appointment;;Yes;rihanatjimoh297@gmail.com;796528988;18c7cb68-af53-4d87-8353-413c7cdac750;2026-07-20T15:34:19;submitted_via_web;vcuMVyHEmtj3KUokEUBV7q;uuid:18c7cb68-af53-4d87-8353-413c7cdac750;36
Yes, I consent to participate;35-44;Male;Other (please specify);public servant;Kubwa;;Yes, through my employer;synlab;SYNLAB Nigeria Mecure Healthcare AMCE (African Medical Centre of Excellence) Lifebridge Medical Diagnostics e-Clinic & Diagnostics;1.0;0.0;1.0;0.0;0.0;1.0;0.0;0.0;0.0;1.0;0.0;1.0;0.0;0.0;0.0;;Social media;;SYNLAB Nigeria Mecure Healthcare Lifebridge Medical Diagnostics e-Clinic & Diagnostics;1.0;0.0;1.0;0.0;0.0;0.0;0.0;0.0;1.0;0.0;1.0;0.0;0.0;0.0;;Routine health check;;I choose based on previous experience;0.0;0.0;0.0;1.0;0.0;0.0;0.0;0.0;0.0;;4 - Good;9.0;because as it is now, they are the best;Very satisfied;Neutral;Neutral;Very satisfied;Satisfied;Very satisfied;Satisfied;Neutral;synlab because of there result give and hospitalizes;Better;Better;Much better;About the same;Much better;Much better;Much better;The previous laboratory was inconvenient to access;0.0;1.0;0.0;0.0;0.0;0.0;0.0;;Price matters but quality comes first;₦100,000-200,000;Receive via email;Walk in without an appointment;they should keep good result flying;Yes;Budelpapil@gmail.com;799979275;58f6185a-d98e-45f2-9b7a-7cd6eaa854c0;2026-07-19T07:57:35;submitted_via_web;vcuMVyHEmtj3KUokEUBV7q;uuid:58f6185a-d98e-45f2-9b7a-7cd6eaa854c0;37
Yes, I consent to participate;25-34;Prefer not to say;Civil servant;;Gwagwalada;;Yes, I pay for it personally;;Afriglobal Medicare;0.0;0.0;0.0;1.0;0.0;0.0;0.0;0.0;0.0;0.0;0.0;0.0;0.0;0.0;0.0;;;;Afriglobal Medicare;0.0;0.0;0.0;1.0;0.0;0.0;0.0;0.0;0.0;0.0;0.0;0.0;0.0;0.0;;Routine health check;;I go to whichever laboratory my HMO covers;0.0;1.0;0.0;0.0;0.0;0.0;0.0;0.0;0.0;;;;;;;;;;;;;;Better;Better;Better;Better;Better;Better;Better;I moved to a new area;0.0;0.0;0.0;0.0;0.0;1.0;0.0;;Price matters but quality comes first;Below ₦20,000;Receive via email;I have no preference;;Yes;;796670446;fd1552fc-91ac-4124-9ff1-f2c98d790651;2026-07-17T12:28:11;submitted_via_web;vcuMVyHEmtj3KUokEUBV7q;uuid:fd1552fc-91ac-4124-9ff1-f2c98d790651;38
Yes, I consent to participate;45-54;Male;Self-employed/business owner;;Kubwa;;No, I pay out of pocket;Eco scan;SYNLAB Nigeria e-Clinic & Diagnostics;1.0;0.0;0.0;0.0;0.0;0.0;0.0;0.0;0.0;0.0;0.0;1.0;0.0;0.0;1.0;;Recommendation from a friend or family member;;SYNLAB Nigeria e-Clinic & Diagnostics;1.0;0.0;0.0;0.0;0.0;0.0;0.0;0.0;0.0;0.0;1.0;0.0;0.0;0.0;;Doctor's referral for a specific test;;I go to whichever laboratory my doctor recommends I choose based on proximity to my home or workplace;1.0;0.0;1.0;0.0;0.0;0.0;0.0;0.0;0.0;;4 - Good;6.0;My view;Satisfied;Satisfied;Satisfied;Neutral;Satisfied;Satisfied;Neutral;Satisfied;Indifferent;About the same;Better;About the same;About the same;Better;About the same;About the same;My doctor or HMO recommended a different laboratory;0.0;0.0;0.0;0.0;1.0;0.0;0.0;;Price is important but not the most important factor;₦20,000-50,000;Access through an online patient portal or app;Walk in without an appointment;Non;Yes;;799559565;91343758-e445-43e5-92b6-cd93d212143d;2026-07-22T01:01:00;submitted_via_web;vcuMVyHEmtj3KUokEUBV7q;uuid:91343758-e445-43e5-92b6-cd93d212143d;39
Yes, I consent to participate;35-44;Male;Self-employed/business owner;;Asokoro;;No, I pay out of pocket;Healthscan;LAB360;0.0;0.0;0.0;0.0;0.0;0.0;0.0;1.0;0.0;0.0;0.0;0.0;0.0;0.0;0.0;;;;LAB360;0.0;0.0;0.0;0.0;0.0;0.0;1.0;0.0;0.0;0.0;0.0;0.0;0.0;0.0;;Doctor's referral for a specific test;;I go to whichever laboratory my doctor recommends;1.0;0.0;0.0;0.0;0.0;0.0;0.0;0.0;0.0;;;;;;;;;;;;;Healthscan;Better;Much better;About the same;About the same;Better;Better;Better;The previous laboratory was too expensive;1.0;0.0;0.0;0.0;0.0;0.0;0.0;;Price matters but quality comes first;₦20,000-50,000;Receive via WhatsApp;Call the laboratory directly;More awareness needed for recognition;Yes;;796591235;5dfb5204-dad1-4141-bbae-407d29fb029c;2026-07-17T09:36:42;submitted_via_web;vcuMVyHEmtj3KUokEUBV7q;uuid:5dfb5204-dad1-4141-bbae-407d29fb029c;40
Yes, I consent to participate;35-44;Male;Unemployed;;Gwarimpa;;Yes, I pay for it personally;;Afriglobal Medicare;0.0;0.0;0.0;1.0;0.0;0.0;0.0;0.0;0.0;0.0;0.0;0.0;0.0;0.0;0.0;;;;Afriglobal Medicare;0.0;0.0;0.0;1.0;0.0;0.0;0.0;0.0;0.0;0.0;0.0;0.0;0.0;0.0;;Insurance or HMO requirement;;I ask friends or family for a recommendation;0.0;0.0;0.0;0.0;0.0;1.0;0.0;0.0;0.0;;;;;;;;;;;;;;Much better;Much better;Much better;Much better;Much better;Much better;Much better;I moved to a new area;0.0;0.0;0.0;0.0;0.0;1.0;0.0;;Price matters but quality comes first;Below ₦20,000;I have no preference;I have no preference;;Yes;;799811802;b2f0d102-829a-47ed-b430-0be6513a49ae;2026-07-17T09:48:11;submitted_via_web;vcuMVyHEmtj3KUokEUBV7q;uuid:b2f0d102-829a-47ed-b430-0be6513a49ae;41
Yes, I consent to participate;25-34;Male;Healthcare professional;;Others;Benue;Yes, through my employer;Synlab Nigeria;SYNLAB Nigeria Clina Lancet Afriglobal Medicare AMCE (African Medical Centre of Excellence) Firmcare Diagnostics APIN Medical Laboratory and Diagnostics;1.0;1.0;0.0;1.0;0.0;1.0;1.0;0.0;1.0;0.0;0.0;0.0;0.0;0.0;0.0;;Recommendation from a doctor or healthcare professional;;SYNLAB Nigeria Firmcare Diagnostics APIN Medical Laboratory and Diagnostics;1.0;0.0;0.0;0.0;0.0;1.0;0.0;1.0;0.0;0.0;0.0;0.0;0.0;0.0;;Routine health check;;I go to whichever laboratory my doctor recommends I go to whichever laboratory my HMO covers;1.0;1.0;0.0;0.0;0.0;0.0;0.0;0.0;0.0;;5- Excellent;10.0;I really like there services;Very satisfied;Very satisfied;Very satisfied;Very satisfied;Very satisfied;Very satisfied;Very satisfied;Very satisfied;Synlab Nigeria;Much better;Much better;Much better;Better;Much better;Much better;Much better;The previous laboratory was too expensive;1.0;0.0;0.0;0.0;0.0;0.0;0.0;;Price is important but not the most important factor;₦100,000-200,000;Collect physical copy from the laboratory;Book online through a website;No;No;;797128857;dd4605a1-bf83-4c66-ad95-074335773cda;2026-07-18T09:09:03;submitted_via_web;vcuMVyHEmtj3KUokEUBV7q;uuid:dd4605a1-bf83-4c66-ad95-074335773cda;42
Yes, I consent to participate;35-44;Male;Corporate/salaried professional;;Gwarimpa;;Yes, through my employer;SYNLAB;;;;;;;;;;;;;;;;0.0;;;;SYNLAB Nigeria Clinix;1.0;0.0;0.0;0.0;1.0;0.0;0.0;0.0;0.0;0.0;0.0;0.0;0.0;0.0;;Insurance or HMO requirement;;I go to whichever laboratory my doctor recommends I go to whichever laboratory my HMO covers;1.0;1.0;0.0;0.0;0.0;0.0;0.0;0.0;0.0;;;;;Satisfied;Very satisfied;Satisfied;Satisfied;Very satisfied;Very satisfied;Did not experience this;Satisfied;"SYNLAB; Overall satisfactory service";I cannot compare;Better;About the same;I cannot compare;Better;I cannot compare;I cannot compare;The previous laboratory was inconvenient to access My doctor or HMO recommended a different laboratory I moved to a new area;0.0;1.0;0.0;0.0;1.0;1.0;0.0;;Price matters but quality comes first;Below ₦20,000;I have no preference;I have no preference;;Yes;adetoheeb20@gmail.com;799288729;9dd7b35e-e83b-4b59-87a1-4ddfc991e90a;2026-07-22T19:54:35;submitted_via_web;vcuMVyHEmtj3KUokEUBV7q;uuid:9dd7b35e-e83b-4b59-87a1-4ddfc991e90a;43
Yes, I consent to participate;35-44;Female;Corporate/salaried professional;;Gwagwalada;;Yes, I pay for it personally;SYNLAB Nigeria;SYNLAB Nigeria e-Clinic & Diagnostics;1.0;0.0;0.0;0.0;0.0;0.0;0.0;0.0;0.0;0.0;0.0;1.0;0.0;0.0;0.0;;Recommendation from a doctor or healthcare professional;;SYNLAB Nigeria e-Clinic & Diagnostics;1.0;0.0;0.0;0.0;0.0;0.0;0.0;0.0;0.0;0.0;1.0;0.0;0.0;0.0;;Doctor's referral for a specific test;;I go to whichever laboratory my HMO covers;0.0;1.0;0.0;0.0;0.0;0.0;0.0;0.0;0.0;;5- Excellent;9.0;Best experience;Satisfied;Very satisfied;Very satisfied;Very satisfied;Very satisfied;Very satisfied;Did not experience this;Satisfied;SYNLAB Nigeria;Better;Much better;Much better;Better;Much better;Better;I cannot compare;My doctor or HMO recommended a different laboratory;0.0;0.0;0.0;0.0;1.0;0.0;0.0;;Price matters but quality comes first;₦20,000-50,000;Collect physical copy from the laboratory;Walk in without an appointment;Keep it up;Yes;semluv@gmail.com;798083851;1ae3c675-b4d6-490f-b36c-3f81dad88445;2026-07-15T16:12:16;submitted_via_web;vcuMVyHEmtj3KUokEUBV7q;uuid:1ae3c675-b4d6-490f-b36c-3f81dad88445;44
Yes, I consent to participate;25-34;Female;Student;;Asokoro;;No, I pay out of pocket;SYNLAB NIGERIA;SYNLAB Nigeria Mecure Healthcare Clinix LAB360 e-Clinic & Diagnostics;1.0;0.0;1.0;0.0;1.0;0.0;0.0;1.0;0.0;0.0;0.0;1.0;0.0;0.0;0.0;;Recommendation from a doctor or healthcare professional;;SYNLAB Nigeria Mecure Healthcare Clinix LAB360 e-Clinic & Diagnostics;1.0;0.0;1.0;0.0;1.0;0.0;1.0;0.0;0.0;0.0;1.0;0.0;0.0;0.0;;Pre-employment medical;;I go to whichever laboratory my doctor recommends I choose based on previous experience;1.0;0.0;0.0;1.0;0.0;0.0;0.0;0.0;0.0;;5- Excellent;10.0;based on previous experience they work with experience and they are very good 👍;Very satisfied;Satisfied;Satisfied;Satisfied;Satisfied;Satisfied;Very satisfied;Satisfied;SYNLAB, based on the previous experience I had with them, they work with experience and they are very good 👍;Much better;Better;Better;Better;Better;Better;Better;The previous laboratory was too expensive I moved to a new area;1.0;0.0;0.0;0.0;0.0;1.0;0.0;;Price matters but quality comes first;₦20,000-50,000;Collect physical copy from the laboratory;Walk in without an appointment;;Yes;;796139756;e4233862-d441-467f-a753-3d867a4dafea;2026-07-15T18:38:29;submitted_via_web;vcuMVyHEmtj3KUokEUBV7q;uuid:e4233862-d441-467f-a753-3d867a4dafea;45
Yes, I consent to participate;18-24;Male;Unemployed;;Gwagwalada;;Yes, I pay for it personally;SYNLAB Nigeria;SYNLAB Nigeria;1.0;0.0;0.0;0.0;0.0;0.0;0.0;0.0;0.0;0.0;0.0;0.0;0.0;0.0;0.0;;Recommendation from a friend or family member;;SYNLAB Nigeria;1.0;0.0;0.0;0.0;0.0;0.0;0.0;0.0;0.0;0.0;0.0;0.0;0.0;0.0;;Routine health check;;I choose based on proximity to my home or workplace;0.0;0.0;1.0;0.0;0.0;0.0;0.0;0.0;0.0;;4 - Good;7.0;Because of the fair treatment;Neutral;Dissatisfied;Satisfied;Satisfied;Satisfied;Satisfied;Satisfied;Neutral;SYNLAB, because they are the best so far;Better;Better;Better;Better;Better;Better;Better;I was dissatisfied with the quality or accuracy of results;0.0;0.0;1.0;0.0;0.0;0.0;0.0;;Price matters but quality comes first;₦100,000-200,000;Access through an online patient portal or app;Call the laboratory directly;I'll suggest they give in their best;Yes;;796865702;f70891b8-2c61-4321-bd72-21579cb54223;2026-07-17T16:51:23;submitted_via_web;vcuMVyHEmtj3KUokEUBV7q;uuid:f70891b8-2c61-4321-bd72-21579cb54223;46
Yes, I consent to participate;25-34;Female;Civil servant;;Gwagwalada;;Yes, through my employer;Finlab;SYNLAB Nigeria;1.0;0.0;0.0;0.0;0.0;0.0;0.0;0.0;0.0;0.0;0.0;0.0;0.0;0.0;0.0;;Recommendation from a doctor or healthcare professional;;;;;;;;;;;;;;;0.0;;;Doctor's referral for a specific test;;I choose based on price;0.0;0.0;0.0;0.0;0.0;0.0;1.0;0.0;0.0;;4 - Good;5.0;Have not used them before but I heard they are good;;;;;;;;;Fin lab, there test is accurate and price fare;Better;Better;Better;Better;Better;Much better;Better;The previous laboratory was too expensive;1.0;0.0;0.0;0.0;0.0;0.0;0.0;;Price matters but quality comes first;Below ₦20,000;Collect physical copy from the laboratory;Walk in without an appointment;I think they need more  awareness;Yes;ELELA.O@YAHOO.COM;796068059;9b3993cf-d128-438f-82c4-6423759f05d6;2026-07-15T14:00:30;submitted_via_web;vcuMVyHEmtj3KUokEUBV7q;uuid:9b3993cf-d128-438f-82c4-6423759f05d6;47
Yes, I consent to participate;45-54;Male;Self-employed/business owner;;Gwagwalada;;Yes, I pay for it personally;Synlab;SYNLAB Nigeria;1.0;0.0;0.0;0.0;0.0;0.0;0.0;0.0;0.0;0.0;0.0;0.0;0.0;0.0;0.0;;Recommendation from a friend or family member;;SYNLAB Nigeria;1.0;0.0;0.0;0.0;0.0;0.0;0.0;0.0;0.0;0.0;0.0;0.0;0.0;0.0;;Monitoring an existing health condition;;I ask friends or family for a recommendation;0.0;0.0;0.0;0.0;0.0;1.0;0.0;0.0;0.0;;4 - Good;8.0;Human relationship not bad;Satisfied;Satisfied;Satisfied;Satisfied;Satisfied;Satisfied;Satisfied;Neutral;Synlab;Better;Much better;Better;Better;Much better;Much better;Better;I was dissatisfied with the customer service Other (please specify);0.0;0.0;0.0;1.0;0.0;0.0;1.0;;Price matters but quality comes first;₦50,000-100,000;I have no preference;Call the laboratory directly;;Yes;;796106877;ab380c2b-8046-4a32-88ee-1849e96d8e54;2026-07-15T16:11:01;submitted_via_web;vcuMVyHEmtj3KUokEUBV7q;uuid:ab380c2b-8046-4a32-88ee-1849e96d8e54;48
Yes, I consent to participate;35-44;Male;Civil servant;;Gwagwalada;;Yes, through my employer;Eldorado lab;SYNLAB Nigeria;1.0;0.0;0.0;0.0;0.0;0.0;0.0;0.0;0.0;0.0;0.0;0.0;0.0;0.0;0.0;;Recommendation from a doctor or healthcare professional;;Other (please specify);0.0;0.0;0.0;0.0;0.0;0.0;0.0;0.0;0.0;0.0;0.0;1.0;0.0;0.0;My hospital have a lab;Routine health check;;I go to whichever laboratory my doctor recommends;1.0;0.0;0.0;0.0;0.0;0.0;0.0;0.0;0.0;;4 - Good;4.0;My doctor just recommended it for that they are so good buti didn't later use it;;;;;;;;;My hospital lab is okay;Much better;Better;Much better;Better;Better;Much better;Much better;The previous laboratory was too expensive;1.0;0.0;0.0;0.0;0.0;0.0;0.0;;Price is important but not the most important factor;₦50,000-100,000;Access through an online patient portal or app;Call the laboratory directly;Is okay;Yes;;799038204;3b326a67-1577-4945-b026-6d2bf6771344;2026-07-18T03:02:34;submitted_via_web;vcuMVyHEmtj3KUokEUBV7q;uuid:3b326a67-1577-4945-b026-6d2bf6771344;49
Yes, I consent to participate;18-24;Female;Student;;Asokoro;;I am not sure;;;;;;;;;;;;;;;;;0.0;;;;I have never used any medical laboratory;0.0;0.0;0.0;0.0;0.0;0.0;0.0;0.0;0.0;0.0;0.0;0.0;0.0;1.0;;Routine health check;;I choose based on proximity to my home or workplace;0.0;0.0;1.0;0.0;0.0;0.0;0.0;0.0;0.0;;;;;;;;;;;;;;I cannot compare;About the same;Better;I cannot compare;About the same;About the same;I cannot compare;;;;;;;;;;Price matters but quality comes first;₦20,000-50,000;Collect physical copy from the laboratory;I have no preference;;No;;796130049;93506b74-d638-45af-86c4-762038e336d7;2026-07-15T17:49:09;submitted_via_web;vcuMVyHEmtj3KUokEUBV7q;uuid:93506b74-d638-45af-86c4-762038e336d7;50
Yes, I consent to participate;18-24;Female;Unemployed;;Gwagwalada;;No, I pay out of pocket;;Lifebridge Medical Diagnostics;0.0;0.0;0.0;0.0;0.0;0.0;0.0;0.0;0.0;1.0;0.0;0.0;0.0;0.0;0.0;;;;Lifebridge Medical Diagnostics;0.0;0.0;0.0;0.0;0.0;0.0;0.0;0.0;1.0;0.0;0.0;0.0;0.0;0.0;;Pre-employment medical;;I ask friends or family for a recommendation;0.0;0.0;0.0;0.0;0.0;1.0;0.0;0.0;0.0;;;;;;;;;;;;;;I cannot compare;Much better;Much better;Much better;Much better;Much better;Much better;I moved to a new area;0.0;0.0;0.0;0.0;0.0;1.0;0.0;;Price matters but quality comes first;Below ₦20,000;Receive via WhatsApp;Book through my HMO or employer's portal;;Yes;;796677066;f83e2c86-aaba-4431-b10c-27924151bf37;2026-07-17T12:40:43;submitted_via_web;vcuMVyHEmtj3KUokEUBV7q;uuid:f83e2c86-aaba-4431-b10c-27924151bf37;51
Yes, I consent to participate;35-44;Female;Civil servant;;Gwarimpa;;Yes, through my employer;Garki general hospital Hu;None of the above;0.0;0.0;0.0;0.0;0.0;0.0;0.0;0.0;0.0;0.0;0.0;0.0;1.0;0.0;0.0;;;;Other (please specify);0.0;0.0;0.0;0.0;0.0;0.0;0.0;0.0;0.0;0.0;0.0;1.0;0.0;0.0;Garki general hospital;Doctor's referral for a specific test;;I go to whichever laboratory my HMO covers;0.0;1.0;0.0;0.0;0.0;0.0;0.0;0.0;0.0;;;;;;;;;;;;;Garki general hospital, because l am used to it;Better;Worse;Better;Much better;Better;Better;Worse;Other (please specify);0.0;0.0;0.0;0.0;0.0;0.0;1.0;Want to be sure, if the scan is correct;Price matters but quality comes first;I would not purchase this type of package;Collect physical copy from the laboratory;Walk in without an appointment;;Yes;;798335307;2afb74a3-f58d-4961-9e38-4ecf1e03c86d;2026-07-21T02:40:32;submitted_via_web;vcuMVyHEmtj3KUokEUBV7q;uuid:2afb74a3-f58d-4961-9e38-4ecf1e03c86d;52
Yes, I consent to participate;35-44;Male;Self-employed/business owner;;Gwarimpa;;Yes, I pay for it personally;;None of the above;0.0;0.0;0.0;0.0;0.0;0.0;0.0;0.0;0.0;0.0;0.0;0.0;1.0;0.0;0.0;;;;Lifebridge Medical Diagnostics;0.0;0.0;0.0;0.0;0.0;0.0;0.0;0.0;1.0;0.0;0.0;0.0;0.0;0.0;;Doctor's referral for a specific test;;I go to whichever laboratory my doctor recommends;1.0;0.0;0.0;0.0;0.0;0.0;0.0;0.0;0.0;;;;;;;;;;;;;Life bridge  lab ,quick to access for me and the resul was fast to be out;Much better;Much better;Much better;Better;Much better;Much better;Much better;I moved to a new area;0.0;0.0;0.0;0.0;0.0;1.0;0.0;;Price is not a significant factor in my decision;₦50,000-100,000;Receive via email;Call the laboratory directly;;Yes;;799407898;74813ea2-41b2-4ddc-ab30-e1bb90159d01;2026-07-22T04:29:42;submitted_via_web;vcuMVyHEmtj3KUokEUBV7q;uuid:74813ea2-41b2-4ddc-ab30-e1bb90159d01;53
Yes, I consent to participate;45-54;Female;Self-employed/business owner;;Wuse;;No, I pay out of pocket;SYNLAB Nigeria;SYNLAB Nigeria;1.0;0.0;0.0;0.0;0.0;0.0;0.0;0.0;0.0;0.0;0.0;0.0;0.0;0.0;0.0;;I passed by a SYNLAB location;;SYNLAB Nigeria;1.0;0.0;0.0;0.0;0.0;0.0;0.0;0.0;0.0;0.0;0.0;0.0;0.0;0.0;;Pre-employment medical;;I choose based on proximity to my home or workplace;0.0;0.0;1.0;0.0;0.0;0.0;0.0;0.0;0.0;;4 - Good;8.0;They know their job;Satisfied;Satisfied;Very satisfied;Satisfied;Satisfied;Very satisfied;Satisfied;Satisfied;SYNLAB Nigeria it was easy to locate were it was;Better;Much better;Better;Better;Much better;Much better;Better;I moved to a new area;0.0;0.0;0.0;0.0;0.0;1.0;0.0;;Price is important but not the most important factor;₦100,000-200,000;Access through an online patient portal or app;Walk in without an appointment;;Yes;;796796358;12903639-7cf4-4fab-8787-136de8e77739;2026-07-17T20:03:05;submitted_via_web;vcuMVyHEmtj3KUokEUBV7q;uuid:12903639-7cf4-4fab-8787-136de8e77739;54
Yes, I consent to participate;35-44;Female;Civil servant;;Gwarimpa;;Yes, through my employer;Synlab;SYNLAB Nigeria;1.0;0.0;0.0;0.0;0.0;0.0;0.0;0.0;0.0;0.0;0.0;0.0;0.0;0.0;0.0;;Recommendation from a doctor or healthcare professional;;SYNLAB Nigeria;1.0;0.0;0.0;0.0;0.0;0.0;0.0;0.0;0.0;0.0;0.0;0.0;0.0;0.0;;Monitoring an existing health condition;;I go to whichever laboratory my doctor recommends;1.0;0.0;0.0;0.0;0.0;0.0;0.0;0.0;0.0;;4 - Good;9.0;It was my mum i took there for test and scan  and the way I was attended to was so great and the result marvelous  just don't want to give the 10/10 because they are good;Very satisfied;Very satisfied;Very satisfied;Very satisfied;Satisfied;Very satisfied;Did not experience this;Satisfied;As for me synlab is better,just that my hospital won't sent you out for a test I would have preferred synlab;Much better;Much better;Much better;;Much better;Much better;Much better;Other (please specify);0.0;0.0;0.0;0.0;0.0;0.0;1.0;No;Price is important but not the most important factor;₦20,000-50,000;Receive via email;Book online through a website;I had a very good experience with them;Yes;;796317215;8d87e8d7-8a1f-4a83-87ee-bfbdc6856829;2026-07-23T08:57:44;submitted_via_web;vcuMVyHEmtj3KUokEUBV7q;uuid:8d87e8d7-8a1f-4a83-87ee-bfbdc6856829;55
Yes, I consent to participate;35-44;Male;Self-employed/business owner;;Asokoro;;Yes, I pay for it personally;Echo lab;SYNLAB Nigeria Clinix e-Clinic & Diagnostics;1.0;0.0;0.0;0.0;1.0;0.0;0.0;0.0;0.0;0.0;0.0;1.0;0.0;0.0;1.0;;Recommendation from a friend or family member;;Other (please specify);0.0;0.0;0.0;0.0;0.0;0.0;0.0;0.0;0.0;0.0;0.0;1.0;0.0;0.0;Darlez and Everight;Routine health check;;I go to whichever laboratory my doctor recommends;1.0;0.0;0.0;0.0;0.0;0.0;0.0;0.0;0.0;;;;I’ve not used them before;;;;;;;;;;;;;;;;;;;;;;;;;;;;;;;;;796468763;75a34dbc-dd9e-4331-96e0-5e80c552bf65;2026-07-16T19:38:39;submitted_via_web;vcuMVyHEmtj3KUokEUBV7q;uuid:75a34dbc-dd9e-4331-96e0-5e80c552bf65;56
Yes, I consent to participate;35-44;Female;Self-employed/business owner;;Asokoro;;Yes, I pay for it personally;;SYNLAB Nigeria;1.0;0.0;0.0;0.0;0.0;0.0;0.0;0.0;0.0;0.0;0.0;0.0;0.0;0.0;0.0;;Recommendation from a doctor or healthcare professional;;SYNLAB Nigeria;1.0;0.0;0.0;0.0;0.0;0.0;0.0;0.0;0.0;0.0;0.0;0.0;0.0;0.0;;Routine health check;;I go to whichever laboratory my doctor recommends;1.0;0.0;0.0;0.0;0.0;0.0;0.0;0.0;0.0;;;;;;;;;;;;;;;;;;;;;;;;;;;;;;;;;;;No;;799729437;7f4bc9dd-85de-426f-889a-0b7a165a83cb;2026-07-22T17:36:33;submitted_via_web;vcuMVyHEmtj3KUokEUBV7q;uuid:7f4bc9dd-85de-426f-889a-0b7a165a83cb;57
Yes, I consent to participate;18-24;Female;Student;;Asokoro;;Yes, through my employer;medilab;Clina Lancet Clinix Firmcare Diagnostics;0.0;1.0;0.0;0.0;1.0;0.0;1.0;0.0;0.0;0.0;0.0;0.0;0.0;0.0;0.0;;;;Other (please specify);0.0;0.0;0.0;0.0;0.0;0.0;0.0;0.0;0.0;0.0;0.0;1.0;0.0;0.0;medilab;Routine health check;;I go to whichever laboratory my HMO covers;0.0;1.0;0.0;0.0;0.0;0.0;0.0;0.0;0.0;;;;;;;;;;;;;medilab;About the same;Better;Better;About the same;About the same;About the same;About the same;;;;;;;;;;Price is the most important factor;₦20,000-50,000;Receive via email;Walk in without an appointment;none;No;;796129104;ab1a5cbc-af7d-4dfa-a36f-0bc484657c0e;2026-07-15T17:45:00;submitted_via_web;vcuMVyHEmtj3KUokEUBV7q;uuid:ab1a5cbc-af7d-4dfa-a36f-0bc484657c0e;58
Yes, I consent to participate;35-44;Male;Corporate/salaried professional;;Asokoro;;Yes, through my employer;E-clinic;e-Clinic & Diagnostics;0.0;0.0;0.0;0.0;0.0;0.0;0.0;0.0;0.0;0.0;0.0;1.0;0.0;0.0;0.0;;;;e-Clinic & Diagnostics;0.0;0.0;0.0;0.0;0.0;0.0;0.0;0.0;0.0;0.0;1.0;0.0;0.0;0.0;;Doctor's referral for a specific test;;I go to whichever laboratory my HMO covers;0.0;1.0;0.0;0.0;0.0;0.0;0.0;0.0;0.0;;;;;;;;;;;;;;Better;Better;I cannot compare;Better;About the same;Better;Better;The previous laboratory was inconvenient to access;0.0;1.0;0.0;0.0;0.0;0.0;0.0;;Price matters but quality comes first;₦50,000-100,000;Receive via WhatsApp;Book through a mobile app;;Yes;abdulrahmannuhu4@gmail.com;796986040;dc0d74ef-de8f-478f-ae6c-8d79a29b3ae7;2026-07-19T08:49:06;submitted_via_web;vcuMVyHEmtj3KUokEUBV7q;uuid:dc0d74ef-de8f-478f-ae6c-8d79a29b3ae7;59
Yes, I consent to participate;25-34;Female;Healthcare professional;;Gwagwalada;;Yes, through my employer;SYNLAB Nigeria;SYNLAB Nigeria Clina Lancet Mecure Healthcare Afriglobal Medicare Clinix AMCE (African Medical Centre of Excellence);1.0;1.0;1.0;1.0;1.0;1.0;0.0;0.0;0.0;0.0;0.0;0.0;0.0;0.0;0.0;;Recommendation from a doctor or healthcare professional;;SYNLAB Nigeria Clinix;1.0;0.0;0.0;0.0;1.0;0.0;0.0;0.0;0.0;0.0;0.0;0.0;0.0;0.0;;Routine health check;;I go to whichever laboratory my HMO covers I choose based on previous experience;0.0;1.0;0.0;1.0;0.0;0.0;0.0;0.0;0.0;;5- Excellent;8.0;SYNLAB reputation preceeds it;Satisfied;Satisfied;Very satisfied;Very satisfied;Very satisfied;Very satisfied;Very satisfied;Very satisfied;SYNLAB Nigeria;Better;Much better;Much better;I cannot compare;Much better;Much better;Much better;I was dissatisfied with the quality or accuracy of results I was dissatisfied with the customer service;0.0;0.0;1.0;1.0;0.0;0.0;0.0;;Price matters but quality comes first;₦100,000-200,000;Receive via email;Book online through a website;Please help us bring down the price small;Yes;;797024916;6726f216-33b4-46dd-a122-01cf054ca3ef;2026-07-17T22:14:14;submitted_via_web;vcuMVyHEmtj3KUokEUBV7q;uuid:6726f216-33b4-46dd-a122-01cf054ca3ef;60
Yes, I consent to participate;45-54;Female;Self-employed/business owner;;Gwarimpa;;No, I pay out of pocket;Bravite diagnostics;SYNLAB Nigeria Mecure Healthcare None of the above;1.0;0.0;1.0;0.0;0.0;0.0;0.0;0.0;0.0;0.0;0.0;0.0;1.0;0.0;0.0;;;;SYNLAB Nigeria Mecure Healthcare Clinix;1.0;0.0;1.0;0.0;1.0;0.0;0.0;0.0;0.0;0.0;0.0;0.0;0.0;0.0;;Doctor's referral for a specific test;;I go to whichever laboratory my doctor recommends;1.0;0.0;0.0;0.0;0.0;0.0;0.0;0.0;0.0;;3- Neutral;10.0;;Very satisfied;Very satisfied;;Satisfied;Neutral;Neutral;Satisfied;Satisfied;Synlab - they are prompt and tech oriented;Better;Much better;Much better;Much better;Better;Much better;Much better;The previous laboratory was inconvenient to access;0.0;1.0;0.0;0.0;0.0;0.0;0.0;;Price matters but quality comes first;₦100,000-200,000;Access through an online patient portal or app;Book through a mobile app;;Yes;;797860574;091cba46-379e-4bd8-a709-b4a77f4bacd2;2026-07-23T12:54:10;submitted_via_web;vcuMVyHEmtj3KUokEUBV7q;uuid:091cba46-379e-4bd8-a709-b4a77f4bacd2;61
Yes, I consent to participate;45-54;Female;Healthcare professional;;Wuse;;Yes, through my employer;;SYNLAB Nigeria;1.0;0.0;0.0;0.0;0.0;0.0;0.0;0.0;0.0;0.0;0.0;0.0;0.0;0.0;0.0;;Referred by my HMO or employer;;SYNLAB Nigeria;1.0;0.0;0.0;0.0;0.0;0.0;0.0;0.0;0.0;0.0;0.0;0.0;1.0;0.0;;Pre-employment medical;;I choose based on previous experience;0.0;0.0;0.0;1.0;0.0;0.0;0.0;0.0;0.0;;3- Neutral;9.0;;Very satisfied;Very satisfied;Satisfied;Very satisfied;Very satisfied;Satisfied;Neutral;Satisfied;Eco scan;Better;Better;Better;Better;Much better;Better;About the same;My doctor or HMO recommended a different laboratory;0.0;0.0;0.0;0.0;1.0;0.0;0.0;;Price is important but not the most important factor;₦20,000-50,000;Collect physical copy from the laboratory;Walk in without an appointment;Their is room for improvement;Yes;;799230730;5b91ac57-c7ed-44e7-ac86-dd5c0b81a7c9;2026-07-22T17:14:02;submitted_via_web;vcuMVyHEmtj3KUokEUBV7q;uuid:5b91ac57-c7ed-44e7-ac86-dd5c0b81a7c9;62
Yes, I consent to participate;35-44;Male;Self-employed/business owner;;Wuse;;Yes, I pay for it personally;SYNLAB Nigeria;SYNLAB Nigeria;1.0;0.0;0.0;0.0;0.0;0.0;0.0;0.0;0.0;0.0;0.0;0.0;0.0;0.0;0.0;;I passed by a SYNLAB location;;SYNLAB Nigeria;1.0;0.0;0.0;0.0;0.0;0.0;0.0;0.0;0.0;0.0;0.0;0.0;0.0;0.0;;Routine health check;;I choose based on the laboratory's reputation;0.0;0.0;0.0;0.0;0.0;0.0;0.0;1.0;0.0;;4 - Good;8.0;;Very satisfied;Very satisfied;Very satisfied;Satisfied;Satisfied;Very satisfied;Very satisfied;Very satisfied;SYNLAB good lab equipment;Better;Better;Better;Much better;Much better;Better;Better;I was dissatisfied with the quality or accuracy of results;0.0;0.0;1.0;0.0;0.0;0.0;0.0;;Price matters but quality comes first;₦100,000-200,000;Collect physical copy from the laboratory;Book online through a website;Continue with the greet work;Yes;;798937981;cb2daa66-7608-48af-bc4a-08f310135a10;2026-07-19T11:55:06;submitted_via_web;vcuMVyHEmtj3KUokEUBV7q;uuid:cb2daa66-7608-48af-bc4a-08f310135a10;63
Yes, I consent to participate;35-44;Male;Self-employed/business owner;;Gwarimpa;;Yes, I pay for it personally;Health scan medical laboratory;SYNLAB Nigeria Lifebridge Medical Diagnostics;1.0;0.0;0.0;0.0;0.0;0.0;0.0;0.0;0.0;1.0;0.0;0.0;0.0;0.0;0.0;;I passed by a SYNLAB location;;SYNLAB Nigeria Lifebridge Medical Diagnostics;1.0;0.0;0.0;0.0;0.0;0.0;0.0;0.0;1.0;0.0;0.0;0.0;0.0;0.0;;Routine health check;;I choose based on proximity to my home or workplace;0.0;0.0;1.0;0.0;0.0;0.0;0.0;0.0;0.0;;4 - Good;8.0;My experience with them;Satisfied;Very satisfied;Satisfied;Satisfied;Very satisfied;Very satisfied;Neutral;Neutral;My hospital laboratory;About the same;Better;Better;About the same;About the same;Better;Much better;My doctor or HMO recommended a different laboratory;0.0;0.0;0.0;0.0;1.0;0.0;0.0;;Price matters but quality comes first;₦20,000-50,000;I have no preference;Walk in without an appointment;No;Yes;;798163499;1e70a306-d9b6-496f-861e-b2cee9712f6e;2026-07-18T06:17:57;submitted_via_web;vcuMVyHEmtj3KUokEUBV7q;uuid:1e70a306-d9b6-496f-861e-b2cee9712f6e;64
Yes, I consent to participate;25-34;Male;Student;;Kubwa;;I am not sure;;None of the above;0.0;0.0;0.0;0.0;0.0;0.0;0.0;0.0;0.0;0.0;0.0;0.0;1.0;0.0;0.0;;;;Other (please specify);0.0;0.0;0.0;0.0;0.0;0.0;0.0;0.0;0.0;0.0;0.0;1.0;0.0;0.0;;Doctor's referral for a specific test;;I go to whichever laboratory my doctor recommends;1.0;0.0;0.0;0.0;0.0;0.0;0.0;0.0;0.0;;;;;;;;;;;;;Non;Better;Better;Much better;Much better;Better;Better;Worse;I was dissatisfied with the quality or accuracy of results;0.0;0.0;1.0;0.0;0.0;0.0;0.0;;Price is not a significant factor in my decision;Below ₦20,000;Receive via WhatsApp;Book online through a website;;Yes;;797057832;8cf41b17-9fa6-40b7-80e9-4daa9ebd1dd0;2026-07-18T05:13:37;submitted_via_web;vcuMVyHEmtj3KUokEUBV7q;uuid:8cf41b17-9fa6-40b7-80e9-4daa9ebd1dd0;65
Yes, I consent to participate;35-44;Male;Civil servant;;Asokoro;;No, I pay out of pocket;SYNLAB Nigeria;Mecure Healthcare;0.0;0.0;1.0;0.0;0.0;0.0;0.0;0.0;0.0;0.0;0.0;0.0;0.0;0.0;0.0;;;;Mecure Healthcare;0.0;0.0;1.0;0.0;0.0;0.0;0.0;0.0;0.0;0.0;0.0;0.0;0.0;0.0;;Routine health check;;I choose based on previous experience;0.0;0.0;0.0;1.0;0.0;0.0;0.0;0.0;0.0;;;;;;;;;;;;;SYNLAB Nigeria they are good with what they do;Better;Better;Much better;Better;Better;Better;Much better;I was dissatisfied with the quality or accuracy of results;0.0;0.0;1.0;0.0;0.0;0.0;0.0;;Price is important but not the most important factor;₦100,000-200,000;Receive via email;Book through a mobile app;Keep been the best;Yes;;799649560;6798ec59-40d5-460c-a73e-9b5312beacc8;2026-07-19T21:48:56;submitted_via_web;vcuMVyHEmtj3KUokEUBV7q;uuid:6798ec59-40d5-460c-a73e-9b5312beacc8;66
Yes, I consent to participate;25-34;Female;Student;;Asokoro;;No, I pay out of pocket;Clinix;Clinix e-Clinic & Diagnostics;0.0;0.0;0.0;0.0;1.0;0.0;0.0;0.0;0.0;0.0;0.0;1.0;0.0;0.0;0.0;;;;Firmcare Diagnostics;0.0;0.0;0.0;0.0;0.0;1.0;0.0;0.0;0.0;0.0;0.0;0.0;0.0;0.0;;Doctor's referral for a specific test;;I ask friends or family for a recommendation;0.0;0.0;0.0;0.0;0.0;1.0;0.0;0.0;0.0;;;;;;;;;;;;;;Better;Better;;Better;Better;Better;I cannot compare;I moved to a new area;0.0;0.0;0.0;0.0;0.0;1.0;0.0;;Price matters but quality comes first;₦20,000-50,000;Collect physical copy from the laboratory;Walk in without an appointment;;No;;796262773;9d9313e8-30a8-4ece-ba60-e04939e1df35;2026-07-16T08:22:53;submitted_via_web;vcuMVyHEmtj3KUokEUBV7q;uuid:9d9313e8-30a8-4ece-ba60-e04939e1df35;67
Yes, I consent to participate;45-54;Female;Unemployed;;Gwarimpa;;No, I pay out of pocket;Health scan;SYNLAB Nigeria;1.0;0.0;0.0;0.0;0.0;0.0;0.0;0.0;0.0;0.0;0.0;0.0;0.0;0.0;0.0;;I passed by a SYNLAB location;;SYNLAB Nigeria;1.0;0.0;0.0;0.0;0.0;0.0;0.0;0.0;0.0;0.0;0.0;0.0;0.0;0.0;;Monitoring an existing health condition;;I choose based on the laboratory's reputation;0.0;0.0;0.0;0.0;0.0;0.0;0.0;1.0;0.0;;5- Excellent;8.0;Because they give the best medical test;Very satisfied;Very satisfied;Very satisfied;Very satisfied;Very satisfied;Very satisfied;Very satisfied;Very satisfied;Synlab Nigeria;Much better;Much better;Much better;Much better;Much better;Much better;Much better;I moved to a new area;0.0;0.0;0.0;0.0;0.0;1.0;0.0;;Price is important but not the most important factor;Below ₦20,000;Receive via email;Book through a mobile app;No;Yes;;796151226;43856b33-214d-4541-be23-698cd724ed31;2026-07-23T11:21:22;submitted_via_web;vcuMVyHEmtj3KUokEUBV7q;uuid:43856b33-214d-4541-be23-698cd724ed31;68
Yes, I consent to participate;35-44;Male;Civil servant;;Gwagwalada;;Yes, through my employer;;Firmcare Diagnostics;0.0;0.0;0.0;0.0;0.0;0.0;1.0;0.0;0.0;0.0;0.0;0.0;0.0;0.0;0.0;;;;Firmcare Diagnostics;0.0;0.0;0.0;0.0;0.0;1.0;0.0;0.0;0.0;0.0;0.0;0.0;0.0;0.0;;Insurance or HMO requirement;;I go to whichever laboratory my HMO covers;0.0;1.0;0.0;0.0;0.0;0.0;0.0;0.0;0.0;;;;;;;;;;;;;;Much better;Much better;Much better;Much better;Much better;Much better;Much better;My doctor or HMO recommended a different laboratory;0.0;0.0;0.0;0.0;1.0;0.0;0.0;;Price matters but quality comes first;₦20,000-50,000;Receive via email;Book through a mobile app;;Yes;;796381570;8662e491-4bae-4977-9aa4-5a81d7a9dc73;2026-07-16T07:51:58;submitted_via_web;vcuMVyHEmtj3KUokEUBV7q;uuid:8662e491-4bae-4977-9aa4-5a81d7a9dc73;69
Yes, I consent to participate;35-44;Male;Self-employed/business owner;;Asokoro;;Yes, I pay for it personally;Ecolab;SYNLAB Nigeria;1.0;0.0;0.0;0.0;0.0;0.0;0.0;0.0;0.0;0.0;0.0;0.0;0.0;0.0;1.0;;Social media;;SYNLAB Nigeria;1.0;0.0;0.0;0.0;0.0;0.0;0.0;0.0;0.0;0.0;0.0;0.0;0.0;0.0;;Monitoring an existing health condition;;I ask friends or family for a recommendation;0.0;0.0;0.0;0.0;0.0;1.0;0.0;0.0;0.0;;3- Neutral;4.0;;Neutral;Neutral;Neutral;Neutral;Neutral;Satisfied;Satisfied;Neutral;;Better;Better;Much better;Better;Much better;I cannot compare;Much better;The previous laboratory was too expensive;1.0;0.0;0.0;0.0;0.0;0.0;0.0;;Price matters but quality comes first;Above ₦200,000;Collect physical copy from the laboratory;Walk in without an appointment;;Yes;;798517349;eeb435ee-6b37-4bca-8266-46f8da1687f7;2026-07-15T21:20:15;submitted_via_web;vcuMVyHEmtj3KUokEUBV7q;uuid:eeb435ee-6b37-4bca-8266-46f8da1687f7;70
Yes, I consent to participate;35-44;Male;Civil servant;;Wuse;;Yes, through my employer;Eco scan;SYNLAB Nigeria;1.0;0.0;0.0;0.0;0.0;0.0;0.0;0.0;0.0;0.0;0.0;0.0;0.0;0.0;1.0;;I passed by a SYNLAB location;;SYNLAB Nigeria;1.0;0.0;0.0;0.0;0.0;0.0;0.0;0.0;0.0;0.0;0.0;0.0;0.0;0.0;;Routine health check;;I choose based on proximity to my home or workplace;0.0;0.0;1.0;0.0;0.0;0.0;0.0;0.0;0.0;;4 - Good;6.0;My view;Satisfied;Satisfied;Very satisfied;Very satisfied;Very satisfied;Satisfied;Satisfied;Satisfied;Synlab cause of their performance;Better;Much better;Much better;Better;Much better;About the same;Better;The previous laboratory was inconvenient to access;0.0;1.0;0.0;0.0;0.0;0.0;0.0;;Price matters but quality comes first;₦20,000-50,000;Collect physical copy from the laboratory;Walk in without an appointment;;Yes;;796799983;74ef19e6-567f-40a1-be21-05ef4c54dc64;2026-07-19T18:36:00;submitted_via_web;vcuMVyHEmtj3KUokEUBV7q;uuid:74ef19e6-567f-40a1-be21-05ef4c54dc64;71
Yes, I consent to participate;35-44;Female;Self-employed/business owner;;Gwarimpa;;Yes, through my employer;SYNLAB Nigeria;SYNLAB Nigeria;1.0;0.0;0.0;0.0;0.0;0.0;0.0;0.0;0.0;0.0;0.0;0.0;0.0;0.0;0.0;;Recommendation from a friend or family member;;;;;;;;;;;;;;;0.0;;;Routine health check;;I go to whichever laboratory my HMO covers;0.0;1.0;0.0;0.0;0.0;0.0;0.0;0.0;0.0;;5- Excellent;10.0;;;;;;;;;;;Better;Much better;Better;Better;Much better;Much better;Much better;;;;;;;;;;;;;;;;;799663706;7f300358-b5d8-4d66-ba9e-97eadb58ada2;2026-07-17T15:36:59;submitted_via_web;vcuMVyHEmtj3KUokEUBV7q;uuid:7f300358-b5d8-4d66-ba9e-97eadb58ada2;72
Yes, I consent to participate;35-44;Female;Self-employed/business owner;;Asokoro;;No, I pay out of pocket;Synlab;SYNLAB Nigeria Clinix;1.0;0.0;0.0;0.0;1.0;0.0;0.0;0.0;0.0;0.0;0.0;0.0;0.0;0.0;0.0;;Recommendation from a friend or family member;;e-Clinic & Diagnostics;0.0;0.0;0.0;0.0;0.0;0.0;0.0;0.0;0.0;0.0;1.0;0.0;0.0;0.0;;;;I choose based on previous experience I ask friends or family for a recommendation;0.0;0.0;0.0;1.0;0.0;1.0;0.0;0.0;0.0;;4 - Good;8.0;They are active and gives the best;;;;;;;;;Synlab;Better;Better;Better;Better;Better;Better;Better;My doctor or HMO recommended a different laboratory;0.0;0.0;0.0;0.0;1.0;0.0;0.0;;;Below ₦20,000;Collect physical copy from the laboratory;Call the laboratory directly;No;Yes;;799451278;f39abc6e-d7f5-4c90-b580-04c6eac767ed;2026-07-20T15:53:05;submitted_via_web;vcuMVyHEmtj3KUokEUBV7q;uuid:f39abc6e-d7f5-4c90-b580-04c6eac767ed;73
Yes, I consent to participate;35-44;Female;Civil servant;;Others;Nyanya Area A last road;Yes, I pay for it personally;Gaskiya medical laboratory;Other (please specify);0.0;0.0;0.0;0.0;0.0;0.0;0.0;0.0;0.0;0.0;0.0;0.0;0.0;1.0;0.0;;;;SYNLAB Nigeria;1.0;0.0;0.0;0.0;0.0;0.0;0.0;0.0;0.0;0.0;0.0;0.0;0.0;0.0;;Insurance or HMO requirement;;Other (please specify);0.0;0.0;0.0;0.0;0.0;0.0;0.0;0.0;1.0;;;;;Neutral;Neutral;Neutral;Dissatisfied;Neutral;Very dissatisfied;Very dissatisfied;Very dissatisfied;;Better;Much better;Much better;Better;Worse;Much worse;Much worse;I moved to a new area;0.0;0.0;0.0;0.0;0.0;1.0;0.0;;Price matters but quality comes first;₦20,000-50,000;Collect physical copy from the laboratory;Book through my HMO or employer's portal;;Yes;;799290914;ceff0994-af1f-4471-b245-9cd120273a35;2026-07-17T06:02:07;submitted_via_web;vcuMVyHEmtj3KUokEUBV7q;uuid:ceff0994-af1f-4471-b245-9cd120273a35;74
Yes, I consent to participate;35-44;Male;Corporate/salaried professional;;Gwarimpa;;Yes, through my employer;SYNLAB;;;;;;;;;;;;;;;;0.0;;;;SYNLAB Nigeria Clinix;1.0;0.0;0.0;0.0;1.0;0.0;0.0;0.0;0.0;0.0;0.0;0.0;0.0;0.0;;Insurance or HMO requirement;;I go to whichever laboratory my doctor recommends I go to whichever laboratory my HMO covers;1.0;1.0;0.0;0.0;0.0;0.0;0.0;0.0;0.0;;;;;Satisfied;Very satisfied;Satisfied;Satisfied;Very satisfied;Very satisfied;Did not experience this;Satisfied;"SYNLAB; Overall satisfactory service";I cannot compare;Better;About the same;I cannot compare;Better;I cannot compare;I cannot compare;The previous laboratory was inconvenient to access My doctor or HMO recommended a different laboratory I moved to a new area;0.0;1.0;0.0;0.0;1.0;1.0;0.0;;Price matters but quality comes first;Below ₦20,000;I have no preference;I have no preference;;Yes;adetoheeb20@gmail.com;798696289;78ae51aa-5dc2-4677-b006-5bed5d775603;2026-07-22T13:09:53;submitted_via_web;vcuMVyHEmtj3KUokEUBV7q;uuid:78ae51aa-5dc2-4677-b006-5bed5d775603;75
Yes, I consent to participate;45-54;Male;Corporate/salaried professional;;Jabi;;No, I pay out of pocket;Ecolab;e-Clinic & Diagnostics;0.0;0.0;0.0;0.0;0.0;0.0;0.0;0.0;0.0;0.0;0.0;1.0;0.0;0.0;1.0;;;;e-Clinic & Diagnostics;0.0;0.0;0.0;0.0;0.0;0.0;0.0;0.0;0.0;0.0;1.0;0.0;1.0;0.0;;Routine health check;;I go to whichever laboratory my doctor recommends I go to whichever laboratory my HMO covers;1.0;1.0;0.0;0.0;0.0;0.0;0.0;0.0;0.0;;;;;;;;;;;;;Ecolab;Much better;Much better;Much better;Better;Better;Much better;Better;The previous laboratory was inconvenient to access I moved to a new area;0.0;1.0;0.0;0.0;0.0;1.0;0.0;;Price matters but quality comes first;₦50,000-100,000;Receive via email;Book through a mobile app;;No;;797096121;548e617b-3102-4df2-8f9b-edb1c7402ae8;2026-07-17T01:37:42;submitted_via_web;vcuMVyHEmtj3KUokEUBV7q;uuid:548e617b-3102-4df2-8f9b-edb1c7402ae8;76
Yes, I consent to participate;18-24;Male;Unemployed;;Gwagwalada;;I am not sure;Health scan;Afriglobal Medicare;0.0;0.0;0.0;1.0;0.0;0.0;0.0;0.0;0.0;0.0;0.0;0.0;0.0;0.0;0.0;;;;Afriglobal Medicare;0.0;0.0;0.0;1.0;0.0;0.0;0.0;0.0;0.0;0.0;0.0;0.0;0.0;0.0;;Pre-employment medical;;I ask friends or family for a recommendation;0.0;0.0;0.0;0.0;0.0;1.0;0.0;0.0;0.0;;;;;;;;;;;;;;Better;Better;Better;Better;Better;Better;Better;I moved to a new area;0.0;0.0;0.0;0.0;0.0;1.0;0.0;;Price matters but quality comes first;Below ₦20,000;I have no preference;I have no preference;;Yes;;796669306;4e804e80-edd2-4013-af0c-fd642104f407;2026-07-17T12:26:22;submitted_via_web;vcuMVyHEmtj3KUokEUBV7q;uuid:4e804e80-edd2-4013-af0c-fd642104f407;77
Yes, I consent to participate;35-44;Male;Corporate/salaried professional;;Gwarimpa;;Yes, through my employer;;None of the above;0.0;0.0;0.0;0.0;0.0;0.0;0.0;0.0;0.0;0.0;0.0;0.0;1.0;0.0;0.0;;;;Other (please specify);0.0;0.0;0.0;0.0;0.0;0.0;0.0;0.0;0.0;0.0;0.0;1.0;0.0;0.0;;Doctor's referral for a specific test;;I go to whichever laboratory my HMO covers;0.0;1.0;0.0;0.0;0.0;0.0;0.0;0.0;0.0;;;;;;;;;;;;;;Much better;Better;Better;I cannot compare;Better;Much better;Better;I moved to a new area;0.0;0.0;0.0;0.0;0.0;1.0;0.0;;Price matters but quality comes first;I would not purchase this type of package;Receive via email;Book online through a website;No;No;;797959582;7f329e9a-aed9-46e9-bb5a-45784b859712;2026-07-22T22:13:29;submitted_via_web;vcuMVyHEmtj3KUokEUBV7q;uuid:7f329e9a-aed9-46e9-bb5a-45784b859712;78
Yes, I consent to participate;45-54;Male;Self-employed/business owner;;Asokoro;;Yes, I pay for it personally;Echo lab;SYNLAB Nigeria Clinix e-Clinic & Diagnostics;1.0;0.0;0.0;0.0;1.0;0.0;0.0;0.0;0.0;0.0;0.0;1.0;0.0;0.0;1.0;;Recommendation from a friend or family member;;Other (please specify);0.0;0.0;0.0;0.0;0.0;0.0;0.0;0.0;0.0;0.0;0.0;1.0;0.0;0.0;Darlez and Everight;Routine health check;;I go to whichever laboratory my doctor recommends;1.0;0.0;0.0;0.0;0.0;0.0;0.0;0.0;0.0;;;;I’ve not used them before;;;;;;;;;;;;;;;;;;;;;;;;;;;;;;;;;796649239;0b86ef6b-d988-4736-935f-d8e56e11edb0;2026-07-16T09:32:36;submitted_via_web;vcuMVyHEmtj3KUokEUBV7q;uuid:0b86ef6b-d988-4736-935f-d8e56e11edb0;79
Yes, I consent to participate;25-34;Male;Unemployed;;Gwarimpa;;Yes, I pay for it personally;;Afriglobal Medicare;0.0;0.0;0.0;1.0;0.0;0.0;0.0;0.0;0.0;0.0;0.0;0.0;0.0;0.0;0.0;;;;Afriglobal Medicare;0.0;0.0;0.0;1.0;0.0;0.0;0.0;0.0;0.0;0.0;0.0;0.0;0.0;0.0;;Insurance or HMO requirement;;I ask friends or family for a recommendation;0.0;0.0;0.0;0.0;0.0;1.0;0.0;0.0;0.0;;;;;;;;;;;;;;Much better;Much better;Much better;Much better;Much better;Much better;Much better;I moved to a new area;0.0;0.0;0.0;0.0;0.0;1.0;0.0;;Price matters but quality comes first;Below ₦20,000;I have no preference;I have no preference;;Yes;;799763371;8f15f7c9-1a95-4284-88cb-2700586e3fa5;2026-07-22T19:43:48;submitted_via_web;vcuMVyHEmtj3KUokEUBV7q;uuid:8f15f7c9-1a95-4284-88cb-2700586e3fa5;80
Yes, I consent to participate;25-34;Female;Civil servant;;Gwagwalada;;Yes, through my employer;;Lifebridge Medical Diagnostics;0.0;0.0;0.0;0.0;0.0;0.0;0.0;0.0;0.0;1.0;0.0;0.0;0.0;0.0;0.0;;;;Other (please specify);0.0;0.0;0.0;0.0;0.0;0.0;0.0;0.0;0.0;0.0;0.0;1.0;0.0;0.0;My hospital have a lab;Doctor's referral for a specific test;;Other (please specify);0.0;0.0;0.0;0.0;0.0;0.0;0.0;0.0;1.0;My hmo used to pay for all my lab test;;;;;;;;;;;;Nisa garki hospital, have been ususing it seen i was employed and I run my lab test there;Much better;Better;Much better;I cannot compare;Better;I cannot compare;I cannot compare;Other (please specify);0.0;0.0;0.0;0.0;0.0;0.0;1.0;Have not;;;;;;Yes;;797068207;5b8d9233-d73d-48cf-baf4-e77b781f7c42;2026-07-18T06:05:28;submitted_via_web;vcuMVyHEmtj3KUokEUBV7q;uuid:5b8d9233-d73d-48cf-baf4-e77b781f7c42;81
Yes, I consent to participate;35-44;Male;Student;;Asokoro;;I am not sure;Nha;None of the above;0.0;0.0;0.0;0.0;0.0;0.0;0.0;0.0;0.0;0.0;0.0;0.0;1.0;0.0;0.0;;;;I have never used any medical laboratory;0.0;0.0;0.0;0.0;0.0;0.0;0.0;0.0;0.0;0.0;0.0;0.0;0.0;1.0;;Routine health check;;I go to whichever laboratory my doctor recommends;1.0;0.0;0.0;0.0;0.0;0.0;0.0;0.0;0.0;;;;;;;;;;;;;They care;Better;Better;Much better;Much better;Better;Much better;About the same;I moved to a new area;0.0;0.0;0.0;0.0;0.0;1.0;0.0;;Price is important but not the most important factor;Below ₦20,000;Receive via email;Walk in without an appointment;Nice;No;;796867950;968c996f-9b0a-49cc-86da-be145405ef16;2026-07-21T14:26:54;submitted_via_web;vcuMVyHEmtj3KUokEUBV7q;uuid:968c996f-9b0a-49cc-86da-be145405ef16;82
Yes, I consent to participate;35-44;Female;Student;;Asokoro;;No, I pay out of pocket;SYNLAB NIGERIA;SYNLAB Nigeria Mecure Healthcare Clinix LAB360 e-Clinic & Diagnostics;1.0;0.0;1.0;0.0;1.0;0.0;0.0;1.0;0.0;0.0;0.0;1.0;0.0;0.0;0.0;;Recommendation from a doctor or healthcare professional;;SYNLAB Nigeria Mecure Healthcare Clinix LAB360 e-Clinic & Diagnostics;1.0;0.0;1.0;0.0;1.0;0.0;1.0;0.0;0.0;0.0;1.0;0.0;0.0;0.0;;Pre-employment medical;;I go to whichever laboratory my doctor recommends I choose based on previous experience;1.0;0.0;0.0;1.0;0.0;0.0;0.0;0.0;0.0;;5- Excellent;10.0;based on previous experience they work with experience and they are very good 👍;Very satisfied;Satisfied;Satisfied;Satisfied;Satisfied;Satisfied;Very satisfied;Satisfied;SYNLAB, based on the previous experience I had with them, they work with experience and they are very good 👍;Much better;Better;Better;Better;Better;Better;Better;The previous laboratory was too expensive I moved to a new area;1.0;0.0;0.0;0.0;0.0;1.0;0.0;;Price matters but quality comes first;₦20,000-50,000;Collect physical copy from the laboratory;Walk in without an appointment;;Yes;;798185259;42df0e6b-045a-4e82-8039-f82b3d8e9db5;2026-07-16T22:56:03;submitted_via_web;vcuMVyHEmtj3KUokEUBV7q;uuid:42df0e6b-045a-4e82-8039-f82b3d8e9db5;83
Yes, I consent to participate;25-34;Male;Healthcare professional;;Others;Benue;Yes, through my employer;Synlab Nigeria;SYNLAB Nigeria Clina Lancet Afriglobal Medicare AMCE (African Medical Centre of Excellence) Firmcare Diagnostics APIN Medical Laboratory and Diagnostics;1.0;1.0;0.0;1.0;0.0;1.0;1.0;0.0;1.0;0.0;0.0;0.0;0.0;0.0;0.0;;Recommendation from a doctor or healthcare professional;;SYNLAB Nigeria Firmcare Diagnostics APIN Medical Laboratory and Diagnostics;1.0;0.0;0.0;0.0;0.0;1.0;0.0;1.0;0.0;0.0;0.0;0.0;0.0;0.0;;Routine health check;;I go to whichever laboratory my doctor recommends I go to whichever laboratory my HMO covers;1.0;1.0;0.0;0.0;0.0;0.0;0.0;0.0;0.0;;5- Excellent;10.0;I really like there services;Very satisfied;Very satisfied;Very satisfied;Very satisfied;Very satisfied;Very satisfied;Very satisfied;Very satisfied;Synlab Nigeria;Much better;Much better;Much better;Better;Much better;Much better;Much better;The previous laboratory was too expensive;1.0;0.0;0.0;0.0;0.0;0.0;0.0;;Price is important but not the most important factor;₦100,000-200,000;Collect physical copy from the laboratory;Book online through a website;No;No;;797648459;fa4cd334-68d1-4d58-9c7a-b28b6b1ca89f;2026-07-18T01:11:00;submitted_via_web;vcuMVyHEmtj3KUokEUBV7q;uuid:fa4cd334-68d1-4d58-9c7a-b28b6b1ca89f;84
Yes, I consent to participate;18-24;Male;Self-employed/business owner;;Gwagwalada;;Yes, through my employer;SYNLAB Nigeria;SYNLAB Nigeria;1.0;0.0;0.0;0.0;0.0;0.0;0.0;0.0;0.0;0.0;0.0;0.0;0.0;0.0;0.0;;Advertisement - television, radio or outdoor;;SYNLAB Nigeria;1.0;0.0;0.0;0.0;0.0;0.0;0.0;0.0;0.0;0.0;0.0;0.0;0.0;0.0;;Routine health check;;I search online for options;0.0;0.0;0.0;0.0;1.0;0.0;0.0;0.0;0.0;;4 - Good;8.0;Accuracy of results;Very satisfied;Very satisfied;Very satisfied;Very satisfied;Very satisfied;Very satisfied;Very satisfied;Very satisfied;SYNLAB best performance;Much better;Much better;Much better;Much better;Much better;Much better;Much better;I moved to a new area;0.0;0.0;0.0;0.0;0.0;1.0;0.0;;Price is important but not the most important factor;Below ₦20,000;Receive via WhatsApp;Book through a mobile app;;No;;797109420;87856712-a903-40a1-8bea-56f43bbbd7ab;2026-07-18T08:29:21;submitted_via_web;vcuMVyHEmtj3KUokEUBV7q;uuid:87856712-a903-40a1-8bea-56f43bbbd7ab;85
Yes, I consent to participate;45-54;Male;Corporate/salaried professional;;Jabi;;No, I pay out of pocket;Ecolab;e-Clinic & Diagnostics;0.0;0.0;0.0;0.0;0.0;0.0;0.0;0.0;0.0;0.0;0.0;1.0;0.0;0.0;1.0;;;;e-Clinic & Diagnostics;0.0;0.0;0.0;0.0;0.0;0.0;0.0;0.0;0.0;0.0;1.0;0.0;1.0;0.0;;Routine health check;;I go to whichever laboratory my doctor recommends I go to whichever laboratory my HMO covers;1.0;1.0;0.0;0.0;0.0;0.0;0.0;0.0;0.0;;;;;;;;;;;;;Ecolab;Much better;Much better;Much better;Better;Better;Much better;Better;The previous laboratory was inconvenient to access I moved to a new area;0.0;1.0;0.0;0.0;0.0;1.0;0.0;;Price matters but quality comes first;₦50,000-100,000;Receive via email;Book through a mobile app;;No;;798589569;4514a6b5-e675-4ab2-9af9-ec90ce337070;2026-07-18T22:05:46;submitted_via_web;vcuMVyHEmtj3KUokEUBV7q;uuid:4514a6b5-e675-4ab2-9af9-ec90ce337070;86
Yes, I consent to participate;35-44;Male;Self-employed/business owner;;Wuse;;;SYNLAB Nigeria;SYNLAB Nigeria;1.0;0.0;0.0;0.0;0.0;0.0;0.0;0.0;0.0;0.0;0.0;0.0;0.0;0.0;0.0;;Advertisement - television, radio or outdoor;;SYNLAB Nigeria;1.0;0.0;0.0;0.0;0.0;0.0;0.0;0.0;0.0;0.0;0.0;0.0;0.0;0.0;;Monitoring an existing health condition;;I go to whichever laboratory my doctor recommends;1.0;0.0;0.0;0.0;0.0;0.0;0.0;0.0;0.0;;4 - Good;7.0;They are good;Satisfied;Neutral;;Very satisfied;;Neutral;;Satisfied;SYNLAB their work is nice;Better;Better;Better;Better;Much better;Much better;Much better;The previous laboratory was too expensive;1.0;0.0;0.0;0.0;0.0;0.0;0.0;;Price is important but not the most important factor;₦100,000-200,000;Collect physical copy from the laboratory;Walk in without an appointment;I like ur good work;Yes;;797455267;b3f48e03-f47c-4b46-ba6c-6ff2d2dd59f9;2026-07-17T14:55:06;submitted_via_web;vcuMVyHEmtj3KUokEUBV7q;uuid:b3f48e03-f47c-4b46-ba6c-6ff2d2dd59f9;87
Yes, I consent to participate;45-54;Male;Civil servant;;Gwarimpa;;Yes, I pay for it personally;;SYNLAB Nigeria;1.0;0.0;0.0;0.0;0.0;0.0;0.0;0.0;0.0;0.0;0.0;0.0;0.0;0.0;0.0;;Recommendation from a doctor or healthcare professional;;SYNLAB Nigeria Mecure Healthcare;1.0;0.0;1.0;0.0;0.0;0.0;0.0;0.0;0.0;0.0;0.0;0.0;0.0;0.0;;Doctor's referral for a specific test;;I choose based on proximity to my home or workplace;0.0;0.0;1.0;0.0;0.0;0.0;0.0;0.0;0.0;;4 - Good;8.0;;Satisfied;Satisfied;Very satisfied;Very satisfied;Did not experience this;Satisfied;Very satisfied;Very satisfied;;Much better;Much better;Much better;Much better;Much better;Much better;Much better;The previous laboratory was inconvenient to access I moved to a new area;0.0;1.0;0.0;0.0;0.0;1.0;0.0;;Price is important but not the most important factor;₦20,000-50,000;Receive via WhatsApp;Book through a mobile app;;No;;798804999;adf45746-d9f9-40b9-a1be-4ac9549bee70;2026-07-22T17:30:24;submitted_via_web;vcuMVyHEmtj3KUokEUBV7q;uuid:adf45746-d9f9-40b9-a1be-4ac9549bee70;88
Yes, I consent to participate;35-44;Female;Civil servant;;Gwarimpa;;Yes, through my employer;Synlab;SYNLAB Nigeria;1.0;0.0;0.0;0.0;0.0;0.0;0.0;0.0;0.0;0.0;0.0;0.0;0.0;0.0;0.0;;Recommendation from a doctor or healthcare professional;;SYNLAB Nigeria;1.0;0.0;0.0;0.0;0.0;0.0;0.0;0.0;0.0;0.0;0.0;0.0;0.0;0.0;;Monitoring an existing health condition;;I go to whichever laboratory my doctor recommends;1.0;0.0;0.0;0.0;0.0;0.0;0.0;0.0;0.0;;4 - Good;9.0;It was my mum i took there for test and scan  and the way I was attended to was so great and the result marvelous  just don't want to give the 10/10 because they are good;Very satisfied;Very satisfied;Very satisfied;Very satisfied;Satisfied;Very satisfied;Did not experience this;Satisfied;As for me synlab is better,just that my hospital won't sent you out for a test I would have preferred synlab;Much better;Much better;Much better;;Much better;Much better;Much better;Other (please specify);0.0;0.0;0.0;0.0;0.0;0.0;1.0;No;Price is important but not the most important factor;₦20,000-50,000;Receive via email;Book online through a website;I had a very good experience with them;Yes;;797159622;c4e6007d-026c-4058-a2f1-07f4fedd9f6f;2026-07-21T09:47:48;submitted_via_web;vcuMVyHEmtj3KUokEUBV7q;uuid:c4e6007d-026c-4058-a2f1-07f4fedd9f6f;89
Yes, I consent to participate;35-44;Male;Self-employed/business owner;;Asokoro;;No, I pay out of pocket;Healthscan;LAB360;0.0;0.0;0.0;0.0;0.0;0.0;0.0;1.0;0.0;0.0;0.0;0.0;0.0;0.0;0.0;;;;LAB360;0.0;0.0;0.0;0.0;0.0;0.0;1.0;0.0;0.0;0.0;0.0;0.0;0.0;0.0;;Doctor's referral for a specific test;;I go to whichever laboratory my doctor recommends;1.0;0.0;0.0;0.0;0.0;0.0;0.0;0.0;0.0;;;;;;;;;;;;;Healthscan;Better;Much better;About the same;About the same;Better;Better;Better;The previous laboratory was too expensive;1.0;0.0;0.0;0.0;0.0;0.0;0.0;;Price matters but quality comes first;₦20,000-50,000;Receive via WhatsApp;Call the laboratory directly;More awareness needed for recognition;Yes;;798539855;4ae0532a-cb22-46b7-ac9a-507f80a59b5d;2026-07-18T12:39:36;submitted_via_web;vcuMVyHEmtj3KUokEUBV7q;uuid:4ae0532a-cb22-46b7-ac9a-507f80a59b5d;90
Yes, I consent to participate;35-44;Male;Self-employed/business owner;;Wuse;;Yes, I pay for it personally;SYNLAB Nigeria;SYNLAB Nigeria;1.0;0.0;0.0;0.0;0.0;0.0;0.0;0.0;0.0;0.0;0.0;0.0;0.0;0.0;0.0;;I passed by a SYNLAB location;;SYNLAB Nigeria;1.0;0.0;0.0;0.0;0.0;0.0;0.0;0.0;0.0;0.0;0.0;0.0;0.0;0.0;;Routine health check;;I choose based on the laboratory's reputation;0.0;0.0;0.0;0.0;0.0;0.0;0.0;1.0;0.0;;4 - Good;8.0;;Very satisfied;Very satisfied;Very satisfied;Satisfied;Satisfied;Very satisfied;Very satisfied;Very satisfied;SYNLAB good lab equipment;Better;Better;Better;Much better;Much better;Better;Better;I was dissatisfied with the quality or accuracy of results;0.0;0.0;1.0;0.0;0.0;0.0;0.0;;Price matters but quality comes first;₦100,000-200,000;Collect physical copy from the laboratory;Book online through a website;Continue with the greet work;Yes;;796533816;cbef34c2-087e-4e63-b971-3403b521d415;2026-07-18T04:35:44;submitted_via_web;vcuMVyHEmtj3KUokEUBV7q;uuid:cbef34c2-087e-4e63-b971-3403b521d415;91
Yes, I consent to participate;35-44;Female;Self-employed/business owner;;Lugbe;;Yes, I pay for it personally;Synlab;SYNLAB Nigeria;1.0;0.0;0.0;0.0;0.0;0.0;0.0;0.0;0.0;0.0;0.0;0.0;0.0;0.0;0.0;;Recommendation from a friend or family member;;SYNLAB Nigeria;1.0;0.0;0.0;0.0;0.0;0.0;0.0;0.0;0.0;0.0;0.0;0.0;0.0;0.0;;Doctor's referral for a specific test;;I go to whichever laboratory my doctor recommends;1.0;0.0;0.0;0.0;0.0;0.0;0.0;0.0;0.0;;4 - Good;7.0;Very good;Satisfied;;;Very satisfied;Satisfied;Satisfied;Very satisfied;Very satisfied;Synlab;;Better;Much better;I cannot compare;Much better;Much better;Better;The previous laboratory was too expensive;1.0;0.0;0.0;0.0;0.0;0.0;0.0;;Price is important but not the most important factor;Below ₦20,000;Collect physical copy from the laboratory;Walk in without an appointment;;No;;799106316;e0d7fcc7-897c-4639-9e55-0cdbecce7edc;2026-07-18T09:36:43;submitted_via_web;vcuMVyHEmtj3KUokEUBV7q;uuid:e0d7fcc7-897c-4639-9e55-0cdbecce7edc;92
Yes, I consent to participate;45-54;Male;Self-employed/business owner;;Asokoro;;Yes, I pay for it personally;Echo lab;SYNLAB Nigeria Clinix e-Clinic & Diagnostics;1.0;0.0;0.0;0.0;1.0;0.0;0.0;0.0;0.0;0.0;0.0;1.0;0.0;0.0;1.0;;Recommendation from a friend or family member;;Other (please specify);0.0;0.0;0.0;0.0;0.0;0.0;0.0;0.0;0.0;0.0;0.0;1.0;0.0;0.0;Darlez and Everight;Routine health check;;I go to whichever laboratory my doctor recommends;1.0;0.0;0.0;0.0;0.0;0.0;0.0;0.0;0.0;;;;I’ve not used them before;;;;;;;;;;;;;;;;;;;;;;;;;;;;;;;;;797693445;a3a8387f-1f79-4d30-8107-f32320b5969b;2026-07-17T07:16:24;submitted_via_web;vcuMVyHEmtj3KUokEUBV7q;uuid:a3a8387f-1f79-4d30-8107-f32320b5969b;93
Yes, I consent to participate;45-54;Female;Healthcare professional;;Wuse;;Yes, through my employer;;SYNLAB Nigeria;1.0;0.0;0.0;0.0;0.0;0.0;0.0;0.0;0.0;0.0;0.0;0.0;0.0;0.0;0.0;;Referred by my HMO or employer;;SYNLAB Nigeria;1.0;0.0;0.0;0.0;0.0;0.0;0.0;0.0;0.0;0.0;0.0;0.0;1.0;0.0;;Pre-employment medical;;I choose based on previous experience;0.0;0.0;0.0;1.0;0.0;0.0;0.0;0.0;0.0;;3- Neutral;9.0;;Very satisfied;Very satisfied;Satisfied;Very satisfied;Very satisfied;Satisfied;Neutral;Satisfied;Eco scan;Better;Better;Better;Better;Much better;Better;About the same;My doctor or HMO recommended a different laboratory;0.0;0.0;0.0;0.0;1.0;0.0;0.0;;Price is important but not the most important factor;₦20,000-50,000;Collect physical copy from the laboratory;Walk in without an appointment;Their is room for improvement;Yes;;799013014;627b8f40-40db-4f9e-8c2a-8512e9b2e763;2026-07-17T09:38:37;submitted_via_web;vcuMVyHEmtj3KUokEUBV7q;uuid:627b8f40-40db-4f9e-8c2a-8512e9b2e763;94
Yes, I consent to participate;35-44;Male;Corporate/salaried professional;;Kubwa;;Yes, through my employer;;None of the above;0.0;0.0;0.0;0.0;0.0;0.0;0.0;0.0;0.0;0.0;0.0;0.0;1.0;0.0;0.0;;;;I have never used any medical laboratory;0.0;0.0;0.0;0.0;0.0;0.0;0.0;0.0;0.0;0.0;0.0;0.0;0.0;1.0;;Doctor's referral for a specific test;;I go to whichever laboratory my doctor recommends;1.0;0.0;0.0;0.0;0.0;0.0;0.0;0.0;0.0;;;;;;;;;;;;;;I cannot compare;About the same;About the same;Worse;Better;About the same;About the same;I moved to a new area;0.0;0.0;0.0;0.0;0.0;1.0;0.0;;Price matters but quality comes first;I would not purchase this type of package;Receive via email;Walk in without an appointment;;Yes;;797159920;078f4a7b-5c24-4def-b7f4-c8a995393894;2026-07-18T10:32:03;submitted_via_web;vcuMVyHEmtj3KUokEUBV7q;uuid:078f4a7b-5c24-4def-b7f4-c8a995393894;95
Yes, I consent to participate;25-34;Male;Civil servant;;Gwagwalada;;Yes, through my employer;;Firmcare Diagnostics;0.0;0.0;0.0;0.0;0.0;0.0;1.0;0.0;0.0;0.0;0.0;0.0;0.0;0.0;0.0;;;;Firmcare Diagnostics;0.0;0.0;0.0;0.0;0.0;1.0;0.0;0.0;0.0;0.0;0.0;0.0;0.0;0.0;;Insurance or HMO requirement;;I go to whichever laboratory my HMO covers;0.0;1.0;0.0;0.0;0.0;0.0;0.0;0.0;0.0;;;;;;;;;;;;;;Much better;Much better;Much better;Much better;Much better;Much better;Much better;My doctor or HMO recommended a different laboratory;0.0;0.0;0.0;0.0;1.0;0.0;0.0;;Price matters but quality comes first;₦20,000-50,000;Receive via email;Book through a mobile app;;Yes;;797105455;efb52037-04d1-47f8-b2b3-048608cfe234;2026-07-18T08:19:42;submitted_via_web;vcuMVyHEmtj3KUokEUBV7q;uuid:efb52037-04d1-47f8-b2b3-048608cfe234;96
Yes, I consent to participate;25-34;Female;Healthcare professional;;Lugbe;;Yes, through my employer;eclinic and diagnostic limited;SYNLAB Nigeria Clina Lancet Clinix AMCE (African Medical Centre of Excellence) Firmcare Diagnostics e-Clinic & Diagnostics;1.0;1.0;0.0;0.0;1.0;1.0;1.0;0.0;0.0;0.0;0.0;1.0;0.0;0.0;0.0;;Social media;;SYNLAB Nigeria Firmcare Diagnostics e-Clinic & Diagnostics;1.0;0.0;0.0;0.0;0.0;1.0;0.0;0.0;0.0;0.0;1.0;0.0;0.0;0.0;;Routine health check;;I go to whichever laboratory my HMO covers I choose based on the laboratory's reputation;0.0;1.0;0.0;0.0;0.0;0.0;0.0;1.0;0.0;;5- Excellent;10.0;Reliability;Satisfied;Neutral;Neutral;Neutral;Neutral;Very satisfied;Satisfied;Satisfied;eclinic and diagnostic limited cause I work there currently and I can tell we are your one stop shop for all diagnostic services;I cannot compare;I cannot compare;I cannot compare;I cannot compare;I cannot compare;I cannot compare;I cannot compare;My doctor or HMO recommended a different laboratory;0.0;0.0;0.0;0.0;1.0;0.0;0.0;;Price matters but quality comes first;₦100,000-200,000;I have no preference;Walk in without an appointment;;No;;796698889;0a6ac227-9512-464e-9303-e583ce0c0150;2026-07-17T13:20:34;submitted_via_web;vcuMVyHEmtj3KUokEUBV7q;uuid:0a6ac227-9512-464e-9303-e583ce0c0150;97
Yes, I consent to participate;35-44;Female;Self-employed/business owner;;Wuse;;Yes, I pay for it personally;;SYNLAB Nigeria;1.0;0.0;0.0;0.0;0.0;0.0;0.0;0.0;0.0;0.0;0.0;0.0;0.0;0.0;0.0;;Recommendation from a friend or family member;;SYNLAB Nigeria Lifebridge Medical Diagnostics;1.0;0.0;0.0;0.0;0.0;0.0;0.0;0.0;1.0;0.0;0.0;0.0;0.0;0.0;;Routine health check;;I choose based on proximity to my home or workplace;0.0;0.0;1.0;0.0;0.0;0.0;0.0;0.0;0.0;;3- Neutral;5.0;;Satisfied;Satisfied;Neutral;Satisfied;Very satisfied;Satisfied;Satisfied;Satisfied;Synlab;Better;Better;About the same;About the same;Better;About the same;Better;The previous laboratory was inconvenient to access;0.0;1.0;0.0;0.0;0.0;0.0;0.0;;Price matters but quality comes first;₦50,000-100,000;Access through an online patient portal or app;Book through a mobile app;;Yes;;799090893;6eff28c2-2416-4362-9a1c-f47a10b01553;2026-07-20T07:01:15;submitted_via_web;vcuMVyHEmtj3KUokEUBV7q;uuid:6eff28c2-2416-4362-9a1c-f47a10b01553;98
Yes, I consent to participate;18-24;Female;Student;;Asokoro;;I am not sure;;None of the above;0.0;0.0;0.0;0.0;0.0;0.0;0.0;0.0;0.0;0.0;0.0;0.0;1.0;0.0;0.0;;;;I have never used any medical laboratory;0.0;0.0;0.0;0.0;0.0;0.0;0.0;0.0;0.0;0.0;0.0;0.0;0.0;1.0;;Routine health check;;I choose based on proximity to my home or workplace;0.0;0.0;1.0;0.0;0.0;0.0;0.0;0.0;0.0;;;;;;;;;;;;;;I cannot compare;I cannot compare;I cannot compare;I cannot compare;I cannot compare;I cannot compare;I cannot compare;The previous laboratory was inconvenient to access;0.0;1.0;0.0;0.0;0.0;0.0;0.0;;Price matters but quality comes first;Below ₦20,000;Collect physical copy from the laboratory;I have no preference;No;Yes;Jessicaajimijohn@gmail.com;796128317;b79fa05b-0e59-4176-a820-280c26cc1c24;2026-07-15T17:42:07;submitted_via_web;vcuMVyHEmtj3KUokEUBV7q;uuid:b79fa05b-0e59-4176-a820-280c26cc1c24;99
Yes, I consent to participate;35-44;Female;Healthcare professional;;Gwagwalada;;Yes, through my employer;My hospital have a lab;Lifebridge Medical Diagnostics;0.0;0.0;0.0;0.0;0.0;0.0;0.0;0.0;0.0;1.0;0.0;0.0;0.0;0.0;0.0;;;;Lifebridge Medical Diagnostics;0.0;0.0;0.0;0.0;0.0;0.0;0.0;0.0;1.0;0.0;0.0;0.0;0.0;0.0;;Routine health check;;I go to whichever laboratory my HMO covers;0.0;1.0;0.0;0.0;0.0;0.0;0.0;0.0;0.0;;;;;;;;;;;;;Lifebridge;Much better;Much better;Much better;Much better;Much better;Much better;Much better;Other (please specify);0.0;0.0;0.0;0.0;0.0;0.0;1.0;No;Price matters but quality comes first;₦20,000-50,000;Access through an online patient portal or app;Call the laboratory directly;;Yes;;796324137;79563d15-f8da-4209-8cca-d1a18e322f57;2026-07-22T04:52:36;submitted_via_web;vcuMVyHEmtj3KUokEUBV7q;uuid:79563d15-f8da-4209-8cca-d1a18e322f57;100
Yes, I consent to participate;35-44;Male;Student;;Asokoro;;No, I pay out of pocket;Haske lab;Other (please specify);0.0;0.0;0.0;0.0;0.0;0.0;0.0;0.0;0.0;0.0;0.0;0.0;0.0;1.0;0.0;Haske clinic;;;I have never used any medical laboratory;0.0;0.0;0.0;0.0;0.0;0.0;0.0;0.0;0.0;0.0;0.0;0.0;0.0;1.0;;Routine health check;;I choose based on price I choose based on the laboratory's reputation;0.0;0.0;0.0;0.0;0.0;0.0;1.0;1.0;0.0;;;;;;;;;;;;;;I cannot compare;Better;Much better;I cannot compare;I cannot compare;I cannot compare;I cannot compare;I moved to a new area;0.0;0.0;0.0;0.0;0.0;1.0;0.0;;Price is the most important factor;I would not purchase this type of package;Receive via WhatsApp;I have no preference;Not really;Yes;;798749228;5edf562d-2f82-44a4-922c-c6d450f670b4;2026-07-19T08:50:55;submitted_via_web;vcuMVyHEmtj3KUokEUBV7q;uuid:5edf562d-2f82-44a4-922c-c6d450f670b4;101
Yes, I consent to participate;18-24;Male;Corporate/salaried professional;;Asokoro;;No, I pay out of pocket;;SYNLAB Nigeria;1.0;0.0;0.0;0.0;0.0;0.0;0.0;0.0;0.0;0.0;0.0;0.0;0.0;0.0;0.0;;Advertisement - television, radio or outdoor;;I have never used any medical laboratory;0.0;0.0;0.0;0.0;0.0;0.0;0.0;0.0;0.0;0.0;0.0;0.0;0.0;1.0;;Other (please specify);Not used any med lab;I choose based on the laboratory's reputation;0.0;0.0;0.0;0.0;0.0;0.0;0.0;1.0;0.0;;4 - Good;8.0;;;;;;;;;;;I cannot compare;I cannot compare;I cannot compare;I cannot compare;I cannot compare;I cannot compare;I cannot compare;Other (please specify);0.0;0.0;0.0;0.0;0.0;0.0;1.0;;Price matters but quality comes first;₦50,000-100,000;Receive via email;Book through a mobile app;Noo;No;;796129392;0c4e26dc-8e88-46d6-878a-dc7c2b99c01c;2026-07-15T17:45:56;submitted_via_web;vcuMVyHEmtj3KUokEUBV7q;uuid:0c4e26dc-8e88-46d6-878a-dc7c2b99c01c;102
Yes, I consent to participate;45-54;Male;Self-employed/business owner;;Gwagwalada;;Yes, I pay for it personally;Synlab;SYNLAB Nigeria;1.0;0.0;0.0;0.0;0.0;0.0;0.0;0.0;0.0;0.0;0.0;0.0;0.0;0.0;0.0;;Recommendation from a friend or family member;;SYNLAB Nigeria;1.0;0.0;0.0;0.0;0.0;0.0;0.0;0.0;0.0;0.0;0.0;0.0;0.0;0.0;;Monitoring an existing health condition;;I ask friends or family for a recommendation;0.0;0.0;0.0;0.0;0.0;1.0;0.0;0.0;0.0;;4 - Good;8.0;Human relationship not bad;Satisfied;Satisfied;Satisfied;Satisfied;Satisfied;Satisfied;Satisfied;Neutral;Synlab;Better;Much better;Better;Better;Much better;Much better;Better;I was dissatisfied with the customer service Other (please specify);0.0;0.0;0.0;1.0;0.0;0.0;1.0;;Price matters but quality comes first;₦50,000-100,000;I have no preference;Call the laboratory directly;;Yes;;799976274;63633b97-aae3-4660-b4d2-8f6af3479b88;2026-07-22T03:16:04;submitted_via_web;vcuMVyHEmtj3KUokEUBV7q;uuid:63633b97-aae3-4660-b4d2-8f6af3479b88;103
Yes, I consent to participate;35-44;Male;Self-employed/business owner;;Lugbe;;Yes, through my employer;Boraxe;Lifebridge Medical Diagnostics;0.0;0.0;0.0;0.0;0.0;0.0;0.0;0.0;0.0;1.0;0.0;0.0;0.0;0.0;0.0;;;;Lifebridge Medical Diagnostics;0.0;0.0;0.0;0.0;0.0;0.0;0.0;0.0;1.0;0.0;0.0;0.0;0.0;0.0;;Routine health check;;I choose based on proximity to my home or workplace;0.0;0.0;1.0;0.0;0.0;0.0;0.0;0.0;0.0;;;;;;;;;;;;;Lifebridge, because of equipment and service delivery;Much better;Much better;Much better;About the same;Much better;Much better;Much better;I moved to a new area;0.0;0.0;0.0;0.0;0.0;1.0;0.0;;Price is not a significant factor in my decision;₦20,000-50,000;Receive via WhatsApp;Book online through a website;Synlab can do more ro be notice, like CSR involvement;Yes;;796893392;6483dda8-500c-4a43-96dc-b9cf3ddbdd2b;2026-07-22T06:20:48;submitted_via_web;vcuMVyHEmtj3KUokEUBV7q;uuid:6483dda8-500c-4a43-96dc-b9cf3ddbdd2b;104
Yes, I consent to participate;;;;;;;;;;;;;;;;;;;;;;;;0.0;;;;;;;;;;;;;;;;;0.0;;;;;;;;;;;;;;;;;;;;;;;;;;;;;;;;;;;;;;;;;;;;;;;;;;;796480959;db6b5736-816b-4d23-9fa6-4ae37a26ffaf;2026-07-16T21:24:41;submitted_via_web;vcuMVyHEmtj3KUokEUBV7q;uuid:db6b5736-816b-4d23-9fa6-4ae37a26ffaf;105
Yes, I consent to participate;35-44;Female;Self-employed/business owner;;Gwagwalada;;No, I pay out of pocket;NONE;AMCE (African Medical Centre of Excellence);0.0;0.0;0.0;0.0;0.0;1.0;0.0;0.0;0.0;0.0;0.0;0.0;0.0;0.0;0.0;;;;I have never used any medical laboratory;0.0;0.0;0.0;0.0;0.0;0.0;0.0;0.0;0.0;0.0;0.0;0.0;0.0;1.0;;Doctor's referral for a specific test;;I go to whichever laboratory my doctor recommends;1.0;0.0;0.0;0.0;0.0;0.0;0.0;0.0;0.0;;;;;;;;;;;;;NONE;I cannot compare;I cannot compare;I cannot compare;I cannot compare;I cannot compare;I cannot compare;I cannot compare;Other (please specify);0.0;0.0;0.0;0.0;0.0;0.0;1.0;NONE;Price matters but quality comes first;₦100,000-200,000;Receive via email;I have no preference;NO;No;;797214593;24a542d1-ae5e-4b3e-b95e-6427d60fc9f7;2026-07-16T22:03:24;submitted_via_web;vcuMVyHEmtj3KUokEUBV7q;uuid:24a542d1-ae5e-4b3e-b95e-6427d60fc9f7;106
Yes, I consent to participate;45-54;Female;Healthcare professional;;Gwarimpa;;No, I pay out of pocket;;SYNLAB Nigeria Clina Lancet Mecure Healthcare AMCE (African Medical Centre of Excellence) Firmcare Diagnostics APIN Medical Laboratory and Diagnostics e-Clinic & Diagnostics;1.0;1.0;1.0;0.0;0.0;1.0;1.0;0.0;1.0;0.0;0.0;1.0;0.0;0.0;0.0;;I passed by a SYNLAB location;;SYNLAB Nigeria Firmcare Diagnostics APIN Medical Laboratory and Diagnostics;1.0;0.0;0.0;0.0;0.0;1.0;0.0;1.0;0.0;0.0;0.0;0.0;0.0;0.0;;Pre-employment medical;;I search online for options;0.0;0.0;0.0;0.0;1.0;0.0;0.0;0.0;0.0;;4 - Good;8.0;They are swift and reliable;Very satisfied;Satisfied;Satisfied;Satisfied;Satisfied;Very satisfied;Satisfied;Satisfied;Everight;Much better;Much better;Better;Better;Better;Better;Better;The previous laboratory was too expensive;1.0;0.0;0.0;0.0;0.0;0.0;0.0;;Price matters but quality comes first;₦50,000-100,000;Receive via email;Book online through a website;They are doing well, keep it up;No;;796328504;95b23e29-6f79-4f91-9772-f864777dc849;2026-07-16T17:40:46;submitted_via_web;vcuMVyHEmtj3KUokEUBV7q;uuid:95b23e29-6f79-4f91-9772-f864777dc849;107
Yes, I consent to participate;35-44;Male;Self-employed/business owner;;Gwarimpa;;No, I pay out of pocket;Synlab;SYNLAB Nigeria;1.0;0.0;0.0;0.0;0.0;0.0;0.0;0.0;0.0;0.0;0.0;0.0;0.0;0.0;0.0;;Recommendation from a friend or family member;;SYNLAB Nigeria;1.0;0.0;0.0;0.0;0.0;0.0;0.0;0.0;0.0;0.0;0.0;0.0;0.0;0.0;;Doctor's referral for a specific test;;I go to whichever laboratory my doctor recommends;1.0;0.0;0.0;0.0;0.0;0.0;0.0;0.0;0.0;;;;;;;;;;;;;The one that will give me professional service;I cannot compare;I cannot compare;About the same;Better;Better;Better;Better;My doctor or HMO recommended a different laboratory;0.0;0.0;0.0;0.0;1.0;0.0;0.0;;Price matters but quality comes first;₦20,000-50,000;Collect physical copy from the laboratory;Walk in without an appointment;Be consistent, be professional and listen to customer feedback.;Yes;;797480346;3d1c9e6f-d2b3-4ace-b392-31d784550222;2026-07-18T20:56:56;submitted_via_web;vcuMVyHEmtj3KUokEUBV7q;uuid:3d1c9e6f-d2b3-4ace-b392-31d784550222;108
Yes, I consent to participate;25-34;Female;Civil servant;;Gwarimpa;;Yes, through my employer;;None of the above;0.0;0.0;0.0;0.0;0.0;0.0;0.0;0.0;0.0;0.0;0.0;0.0;1.0;0.0;0.0;;;;Other (please specify);0.0;0.0;0.0;0.0;0.0;0.0;0.0;0.0;0.0;0.0;0.0;1.0;0.0;0.0;No;Doctor's referral for a specific test;;Other (please specify);0.0;0.0;0.0;0.0;0.0;0.0;0.0;0.0;1.0;My hospital have a laboratory;;;;;;;;;;;;Nisa garki lab, because that is the hospital for my Nhis;Better;Better;Much better;Better;Better;I cannot compare;Much better;Other (please specify);0.0;0.0;0.0;0.0;0.0;0.0;1.0;No;Price matters but quality comes first;Below ₦20,000;Receive via email;Walk in without an appointment;;Yes;;799408782;b60e90b1-7405-4324-a9b6-a34bb03af3d4;2026-07-22T04:35:08;submitted_via_web;vcuMVyHEmtj3KUokEUBV7q;uuid:b60e90b1-7405-4324-a9b6-a34bb03af3d4;109
Yes, I consent to participate;35-44;Male;Self-employed/business owner;;Wuse;;Yes, I pay for it personally;SYNLAB Nigeria;SYNLAB Nigeria;1.0;0.0;0.0;0.0;0.0;0.0;0.0;0.0;0.0;0.0;0.0;0.0;0.0;0.0;0.0;;I passed by a SYNLAB location;;SYNLAB Nigeria;1.0;0.0;0.0;0.0;0.0;0.0;0.0;0.0;0.0;0.0;0.0;0.0;0.0;0.0;;Routine health check;;I choose based on the laboratory's reputation;0.0;0.0;0.0;0.0;0.0;0.0;0.0;1.0;0.0;;4 - Good;8.0;;Very satisfied;Very satisfied;Very satisfied;Satisfied;Satisfied;Very satisfied;Very satisfied;Very satisfied;SYNLAB good lab equipment;Better;Better;Better;Much better;Much better;Better;Better;I was dissatisfied with the quality or accuracy of results;0.0;0.0;1.0;0.0;0.0;0.0;0.0;;Price matters but quality comes first;₦100,000-200,000;Collect physical copy from the laboratory;Book online through a website;Continue with the greet work;Yes;;799418897;a5ac0e75-dc6b-4e63-aec9-6a88860229c8;2026-07-22T05:24:49;submitted_via_web;vcuMVyHEmtj3KUokEUBV7q;uuid:a5ac0e75-dc6b-4e63-aec9-6a88860229c8;110
Yes, I consent to participate;35-44;Male;Self-employed/business owner;;Gwarimpa;;Yes, I pay for it personally;Health scan medical laboratory;SYNLAB Nigeria Lifebridge Medical Diagnostics;1.0;0.0;0.0;0.0;0.0;0.0;0.0;0.0;0.0;1.0;0.0;0.0;0.0;0.0;0.0;;I passed by a SYNLAB location;;SYNLAB Nigeria Lifebridge Medical Diagnostics;1.0;0.0;0.0;0.0;0.0;0.0;0.0;0.0;1.0;0.0;0.0;0.0;0.0;0.0;;Routine health check;;I choose based on proximity to my home or workplace;0.0;0.0;1.0;0.0;0.0;0.0;0.0;0.0;0.0;;4 - Good;8.0;My experience with them;Satisfied;Very satisfied;Satisfied;Satisfied;Very satisfied;Very satisfied;Neutral;Neutral;My hospital laboratory;About the same;Better;Better;About the same;About the same;Better;Much better;My doctor or HMO recommended a different laboratory;0.0;0.0;0.0;0.0;1.0;0.0;0.0;;Price matters but quality comes first;₦20,000-50,000;I have no preference;Walk in without an appointment;No;Yes;;798800713;a6451329-41e1-44cf-8467-b1d4ac0a3f42;2026-07-23T02:57:16;submitted_via_web;vcuMVyHEmtj3KUokEUBV7q;uuid:a6451329-41e1-44cf-8467-b1d4ac0a3f42;111
Yes, I consent to participate;35-44;Male;Other (please specify);public servant;Kubwa;;Yes, through my employer;synlab;SYNLAB Nigeria Mecure Healthcare AMCE (African Medical Centre of Excellence) Lifebridge Medical Diagnostics e-Clinic & Diagnostics;1.0;0.0;1.0;0.0;0.0;1.0;0.0;0.0;0.0;1.0;0.0;1.0;0.0;0.0;0.0;;Social media;;SYNLAB Nigeria Mecure Healthcare Lifebridge Medical Diagnostics e-Clinic & Diagnostics;1.0;0.0;1.0;0.0;0.0;0.0;0.0;0.0;1.0;0.0;1.0;0.0;0.0;0.0;;Routine health check;;I choose based on previous experience;0.0;0.0;0.0;1.0;0.0;0.0;0.0;0.0;0.0;;4 - Good;9.0;because as it is now, they are the best;Very satisfied;Neutral;Neutral;Very satisfied;Satisfied;Very satisfied;Satisfied;Neutral;synlab because of there result give and hospitalizes;Better;Better;Much better;About the same;Much better;Much better;Much better;The previous laboratory was inconvenient to access;0.0;1.0;0.0;0.0;0.0;0.0;0.0;;Price matters but quality comes first;₦100,000-200,000;Receive via email;Walk in without an appointment;they should keep good result flying;Yes;Budelpapil@gmail.com;796660696;cb4417c3-eebc-4797-a810-a3c965269a54;2026-07-19T00:12:10;submitted_via_web;vcuMVyHEmtj3KUokEUBV7q;uuid:cb4417c3-eebc-4797-a810-a3c965269a54;112
Yes, I consent to participate;25-34;Female;Self-employed/business owner;;Asokoro;;Yes, I pay for it personally;Synlab;SYNLAB Nigeria;1.0;0.0;0.0;0.0;0.0;0.0;0.0;0.0;0.0;0.0;0.0;0.0;0.0;0.0;0.0;;Recommendation from a doctor or healthcare professional;;SYNLAB Nigeria;1.0;0.0;0.0;0.0;0.0;0.0;0.0;0.0;0.0;0.0;0.0;0.0;0.0;0.0;;Doctor's referral for a specific test;;I go to whichever laboratory my doctor recommends;1.0;0.0;0.0;0.0;0.0;0.0;0.0;0.0;0.0;;4 - Good;5.0;Because they are good at what they do does;Satisfied;Satisfied;Satisfied;Satisfied;Satisfied;Satisfied;Satisfied;Satisfied;Synlab because  of accountability;Better;Better;About the same;Better;About the same;Better;Better;The previous laboratory was too expensive;1.0;0.0;0.0;0.0;0.0;0.0;0.0;;Price is important but not the most important factor;Below ₦20,000;Collect physical copy from the laboratory;Walk in without an appointment;Nin;Yes;;796132340;3ec6964d-7b7a-4cd5-a4cf-e02610fda6d1;2026-07-15T18:00:21;submitted_via_web;vcuMVyHEmtj3KUokEUBV7q;uuid:3ec6964d-7b7a-4cd5-a4cf-e02610fda6d1;113
Yes, I consent to participate;35-44;Male;Self-employed/business owner;;Gwagwalada;;Yes, through my employer;SYNLAB Nigeria;SYNLAB Nigeria;1.0;0.0;0.0;0.0;0.0;0.0;0.0;0.0;0.0;0.0;0.0;0.0;0.0;0.0;0.0;;Advertisement - television, radio or outdoor;;SYNLAB Nigeria;1.0;0.0;0.0;0.0;0.0;0.0;0.0;0.0;0.0;0.0;0.0;0.0;0.0;0.0;;Routine health check;;I search online for options;0.0;0.0;0.0;0.0;1.0;0.0;0.0;0.0;0.0;;4 - Good;8.0;Accuracy of results;Very satisfied;Very satisfied;Very satisfied;Very satisfied;Very satisfied;Very satisfied;Very satisfied;Very satisfied;SYNLAB best performance;Much better;Much better;Much better;Much better;Much better;Much better;Much better;I moved to a new area;0.0;0.0;0.0;0.0;0.0;1.0;0.0;;Price is important but not the most important factor;Below ₦20,000;Receive via WhatsApp;Book through a mobile app;;No;;796658221;1f214110-ec16-4c7a-a57b-91d9adb3c7cd;2026-07-18T15:28:50;submitted_via_web;vcuMVyHEmtj3KUokEUBV7q;uuid:1f214110-ec16-4c7a-a57b-91d9adb3c7cd;114
Yes, I consent to participate;18-24;Female;Student;;Asokoro;;I am not sure;;None of the above;0.0;0.0;0.0;0.0;0.0;0.0;0.0;0.0;0.0;0.0;0.0;0.0;1.0;0.0;0.0;;;;I have never used any medical laboratory;0.0;0.0;0.0;0.0;0.0;0.0;0.0;0.0;0.0;0.0;0.0;0.0;0.0;1.0;;Routine health check;;I choose based on proximity to my home or workplace;0.0;0.0;1.0;0.0;0.0;0.0;0.0;0.0;0.0;;;;;;;;;;;;;;I cannot compare;I cannot compare;I cannot compare;I cannot compare;I cannot compare;I cannot compare;I cannot compare;The previous laboratory was inconvenient to access;0.0;1.0;0.0;0.0;0.0;0.0;0.0;;Price matters but quality comes first;Below ₦20,000;Collect physical copy from the laboratory;I have no preference;No;Yes;Jessicaajimijohn@gmail.com;798094849;02caa012-0251-4923-a6f4-8f5e0e27932d;2026-07-20T14:57:33;submitted_via_web;vcuMVyHEmtj3KUokEUBV7q;uuid:02caa012-0251-4923-a6f4-8f5e0e27932d;115
Yes, I consent to participate;25-34;Female;Civil servant;;Gwagwalada;;Yes, through my employer;;Lifebridge Medical Diagnostics;0.0;0.0;0.0;0.0;0.0;0.0;0.0;0.0;0.0;1.0;0.0;0.0;0.0;0.0;0.0;;;;Other (please specify);0.0;0.0;0.0;0.0;0.0;0.0;0.0;0.0;0.0;0.0;0.0;1.0;0.0;0.0;My hospital have a lab;Doctor's referral for a specific test;;Other (please specify);0.0;0.0;0.0;0.0;0.0;0.0;0.0;0.0;1.0;My hmo used to pay for all my lab test;;;;;;;;;;;;Nisa garki hospital, have been ususing it seen i was employed and I run my lab test there;Much better;Better;Much better;I cannot compare;Better;I cannot compare;I cannot compare;Other (please specify);0.0;0.0;0.0;0.0;0.0;0.0;1.0;Have not;;;;;;Yes;;796672212;cbc6fe3b-d241-4542-a1ed-0e3900900775;2026-07-16T10:43:03;submitted_via_web;vcuMVyHEmtj3KUokEUBV7q;uuid:cbc6fe3b-d241-4542-a1ed-0e3900900775;116
Yes, I consent to participate;45-54;Male;Self-employed/business owner;;Asokoro;;Yes, I pay for it personally;ZOOLANT;SYNLAB Nigeria Mecure Healthcare Clinix AMCE (African Medical Centre of Excellence) Firmcare Diagnostics APIN Medical Laboratory and Diagnostics Lifebridge Medical Diagnostics Pseven Medical Diagnostics e-Clinic & Diagnostics;1.0;0.0;1.0;0.0;1.0;1.0;1.0;0.0;1.0;1.0;1.0;1.0;0.0;0.0;0.0;;Recommendation from a friend or family member;;SYNLAB Nigeria Clina Lancet Afriglobal Medicare Firmcare Diagnostics;1.0;1.0;0.0;1.0;0.0;1.0;0.0;0.0;0.0;0.0;0.0;0.0;0.0;0.0;;Insurance or HMO requirement;;I go to whichever laboratory my HMO covers I choose based on previous experience;0.0;1.0;0.0;1.0;0.0;0.0;0.0;0.0;0.0;;4 - Good;7.0;;Satisfied;Satisfied;Neutral;Satisfied;Satisfied;Satisfied;Satisfied;Satisfied;;Much better;Better;;Much better;Much better;Much better;Better;My doctor or HMO recommended a different laboratory;0.0;0.0;0.0;0.0;1.0;0.0;0.0;;Price matters but quality comes first;Above ₦200,000;Access through an online patient portal or app;Book online through a website;;Yes;;796816756;c0ec2d26-f452-4719-9be4-debe8ded37ef;2026-07-20T12:26:16;submitted_via_web;vcuMVyHEmtj3KUokEUBV7q;uuid:c0ec2d26-f452-4719-9be4-debe8ded37ef;117
Yes, I consent to participate;25-34;Male;Corporate/salaried professional;;Gwagwalada;;No, I pay out of pocket;Imaf lab;SYNLAB Nigeria;1.0;0.0;0.0;0.0;0.0;0.0;0.0;0.0;0.0;0.0;0.0;0.0;0.0;0.0;0.0;;Recommendation from a friend or family member;;Firmcare Diagnostics;0.0;0.0;0.0;0.0;0.0;1.0;0.0;0.0;0.0;0.0;0.0;0.0;0.0;0.0;;Pre-employment medical;;I choose based on the laboratory's reputation;0.0;0.0;0.0;0.0;0.0;0.0;0.0;1.0;0.0;;4 - Good;3.0;It was recommended by a friend though have already done my test at imaf lab but he spoke about them well;;;;;;;;;;About the same;Worse;Better;About the same;Better;About the same;About the same;Other (please specify);0.0;0.0;0.0;0.0;0.0;0.0;1.0;I only visited a lab  once and since than have not use any other lab;Price is not a significant factor in my decision;₦20,000-50,000;Receive via email;Call the laboratory directly;Not bad;Yes;;798869287;803a85e6-38d2-4d07-a384-bbb80d8f3e8d;2026-07-20T23:05:08;submitted_via_web;vcuMVyHEmtj3KUokEUBV7q;uuid:803a85e6-38d2-4d07-a384-bbb80d8f3e8d;118
Yes, I consent to participate;25-34;Male;Corporate/salaried professional;;Kubwa;;Yes, through my employer;;None of the above;0.0;0.0;0.0;0.0;0.0;0.0;0.0;0.0;0.0;0.0;0.0;0.0;1.0;0.0;0.0;;;;I have never used any medical laboratory;0.0;0.0;0.0;0.0;0.0;0.0;0.0;0.0;0.0;0.0;0.0;0.0;0.0;1.0;;Doctor's referral for a specific test;;I go to whichever laboratory my doctor recommends;1.0;0.0;0.0;0.0;0.0;0.0;0.0;0.0;0.0;;;;;;;;;;;;;;I cannot compare;About the same;About the same;Worse;Better;About the same;About the same;I moved to a new area;0.0;0.0;0.0;0.0;0.0;1.0;0.0;;Price matters but quality comes first;I would not purchase this type of package;Receive via email;Walk in without an appointment;;Yes;;796211361;b87fe356-d73a-4ba9-a0db-406a9bc2771e;2026-07-16T05:37:52;submitted_via_web;vcuMVyHEmtj3KUokEUBV7q;uuid:b87fe356-d73a-4ba9-a0db-406a9bc2771e;119
Yes, I consent to participate;25-34;Female;Self-employed/business owner;;Gwarimpa;;Yes, I pay for it personally;;None of the above;0.0;0.0;0.0;0.0;0.0;0.0;0.0;0.0;0.0;0.0;0.0;0.0;1.0;0.0;0.0;;;;Other (please specify);0.0;0.0;0.0;0.0;0.0;0.0;0.0;0.0;0.0;0.0;0.0;1.0;0.0;0.0;;Doctor's referral for a specific test;;I choose based on the laboratory's reputation;0.0;0.0;0.0;0.0;0.0;0.0;0.0;1.0;0.0;;;;;;;;;;;;;Save light lab;Better;Better;Better;Better;Better;Better;Better;The previous laboratory was inconvenient to access;0.0;1.0;0.0;0.0;0.0;0.0;0.0;;Price is important but not the most important factor;Below ₦20,000;Receive via email;Walk in without an appointment;;Yes;;797114929;c9ba96aa-a901-463a-b735-9f4f8ee41734;2026-07-21T10:35:09;submitted_via_web;vcuMVyHEmtj3KUokEUBV7q;uuid:c9ba96aa-a901-463a-b735-9f4f8ee41734;120
Yes, I consent to participate;45-54;Male;Corporate/salaried professional;;Gwarimpa;;No, I pay out of pocket;;SYNLAB Nigeria Afriglobal Medicare Clinix LAB360;1.0;0.0;0.0;1.0;1.0;0.0;0.0;1.0;0.0;0.0;0.0;0.0;0.0;0.0;0.0;;I passed by a SYNLAB location;;I have never used any medical laboratory;0.0;0.0;0.0;0.0;0.0;0.0;0.0;0.0;0.0;0.0;0.0;0.0;0.0;1.0;;;;I go to whichever laboratory my HMO covers;0.0;1.0;0.0;0.0;0.0;0.0;0.0;0.0;0.0;;4 - Good;9.0;Because they attend to patients instantly;;;;;;;;;;Much better;Much better;Much better;Better;Much better;Better;Better;I moved to a new area;0.0;0.0;0.0;0.0;0.0;1.0;0.0;;;₦20,000-50,000;Receive via email;Book through my HMO or employer's portal;;No;;797096261;12ab7fd7-598f-4c43-8df7-529c686fa86f;2026-07-16T11:22:08;submitted_via_web;vcuMVyHEmtj3KUokEUBV7q;uuid:12ab7fd7-598f-4c43-8df7-529c686fa86f;121
Yes, I consent to participate;35-44;Male;Civil servant;;Wuse;;Yes, through my employer;Eclinic;e-Clinic & Diagnostics;0.0;0.0;0.0;0.0;0.0;0.0;0.0;0.0;0.0;0.0;0.0;1.0;0.0;0.0;0.0;;;;e-Clinic & Diagnostics;0.0;0.0;0.0;0.0;0.0;0.0;0.0;0.0;0.0;0.0;1.0;0.0;0.0;0.0;;Monitoring an existing health condition;;I choose based on proximity to my home or workplace;0.0;0.0;1.0;0.0;0.0;0.0;0.0;0.0;0.0;;;;;;;;;;;;;Synlab;Much better;Much better;Much better;I cannot compare;Better;Much better;Better;My doctor or HMO recommended a different laboratory;0.0;0.0;0.0;0.0;1.0;0.0;0.0;;Price matters but quality comes first;₦50,000-100,000;Access through an online patient portal or app;Walk in without an appointment;Low cost driver me;Yes;;797758987;f224fbf1-12e0-4d6b-bab6-e8be8beaf935;2026-07-22T16:25:04;submitted_via_web;vcuMVyHEmtj3KUokEUBV7q;uuid:f224fbf1-12e0-4d6b-bab6-e8be8beaf935;122
Yes, I consent to participate;18-24;Male;Civil servant;;Gwarimpa;;Yes, through my employer;;None of the above;0.0;0.0;0.0;0.0;0.0;0.0;0.0;0.0;0.0;0.0;0.0;0.0;1.0;0.0;0.0;;;;e-Clinic & Diagnostics;0.0;0.0;0.0;0.0;0.0;0.0;0.0;0.0;0.0;0.0;1.0;0.0;0.0;0.0;;Monitoring an existing health condition;;I ask friends or family for a recommendation;0.0;0.0;0.0;0.0;0.0;1.0;0.0;0.0;0.0;;;;;;;;;;;;;;I cannot compare;Much better;Much better;Much better;Much better;Much better;Much better;The previous laboratory was inconvenient to access;0.0;1.0;0.0;0.0;0.0;0.0;0.0;;Price is important but not the most important factor;₦20,000-50,000;Receive via email;Call the laboratory directly;;Yes;;799763121;4f957f28-7b4a-4cc9-812c-c5878656e90e;2026-07-22T19:42:49;submitted_via_web;vcuMVyHEmtj3KUokEUBV7q;uuid:4f957f28-7b4a-4cc9-812c-c5878656e90e;123
Yes, I consent to participate;35-44;Male;Healthcare professional;;Gwarimpa;;Yes, through my employer;Synlab;SYNLAB Nigeria;1.0;0.0;0.0;0.0;0.0;0.0;0.0;0.0;0.0;0.0;0.0;0.0;0.0;0.0;0.0;;Other (please specify);I was directed to take a patient there;SYNLAB Nigeria;1.0;0.0;0.0;0.0;0.0;0.0;0.0;0.0;0.0;0.0;0.0;0.0;0.0;0.0;;Routine health check;;I go to whichever laboratory my HMO covers;0.0;1.0;0.0;0.0;0.0;0.0;0.0;0.0;0.0;;3- Neutral;6.0;I only took a patient there once;Neutral;Neutral;Satisfied;Satisfied;Satisfied;Did not experience this;Neutral;Did not experience this;;About the same;About the same;About the same;About the same;About the same;About the same;About the same;The previous laboratory was too expensive Other (please specify);1.0;0.0;0.0;0.0;0.0;0.0;1.0;I have a lab were i work;Price matters but quality comes first;₦20,000-50,000;Receive via email;Book through my HMO or employer's portal;;Yes;;798849817;184ad8a3-1cb3-4887-ad3f-7a41d1c3c27b;2026-07-18T16:51:28;submitted_via_web;vcuMVyHEmtj3KUokEUBV7q;uuid:184ad8a3-1cb3-4887-ad3f-7a41d1c3c27b;124
Yes, I consent to participate;45-54;Male;Civil servant;;Gwarimpa;;Yes, I pay for it personally;;SYNLAB Nigeria;1.0;0.0;0.0;0.0;0.0;0.0;0.0;0.0;0.0;0.0;0.0;0.0;0.0;0.0;0.0;;Recommendation from a doctor or healthcare professional;;SYNLAB Nigeria Mecure Healthcare;1.0;0.0;1.0;0.0;0.0;0.0;0.0;0.0;0.0;0.0;0.0;0.0;0.0;0.0;;Doctor's referral for a specific test;;I choose based on proximity to my home or workplace;0.0;0.0;1.0;0.0;0.0;0.0;0.0;0.0;0.0;;4 - Good;8.0;;Satisfied;Satisfied;Very satisfied;Very satisfied;Did not experience this;Satisfied;Very satisfied;Very satisfied;;Much better;Much better;Much better;Much better;Much better;Much better;Much better;The previous laboratory was inconvenient to access I moved to a new area;0.0;1.0;0.0;0.0;0.0;1.0;0.0;;Price is important but not the most important factor;₦20,000-50,000;Receive via WhatsApp;Book through a mobile app;;No;;799403457;b0b32ecc-0d6f-485a-bfea-7116130dccc7;2026-07-19T10:44:53;submitted_via_web;vcuMVyHEmtj3KUokEUBV7q;uuid:b0b32ecc-0d6f-485a-bfea-7116130dccc7;125
Yes, I consent to participate;35-44;Female;Civil servant;;Gwagwalada;;Yes, through my employer;LAB360;LAB360;0.0;0.0;0.0;0.0;0.0;0.0;0.0;1.0;0.0;0.0;0.0;0.0;0.0;0.0;0.0;;;;LAB360;0.0;0.0;0.0;0.0;0.0;0.0;1.0;0.0;0.0;0.0;0.0;0.0;0.0;0.0;;Insurance or HMO requirement;;I go to whichever laboratory my HMO covers;0.0;1.0;0.0;0.0;0.0;0.0;0.0;0.0;0.0;;;;;;;;;;;;;;I cannot compare;I cannot compare;I cannot compare;I cannot compare;Better;Better;Better;I moved to a new area;0.0;0.0;0.0;0.0;0.0;1.0;0.0;;Price is not a significant factor in my decision;₦20,000-50,000;Collect physical copy from the laboratory;Book through my HMO or employer's portal;;No;;797788472;0fffd334-eed2-48e4-842a-6ff06be839cf;2026-07-19T05:21:40;submitted_via_web;vcuMVyHEmtj3KUokEUBV7q;uuid:0fffd334-eed2-48e4-842a-6ff06be839cf;126
Yes, I consent to participate;35-44;Male;Corporate/salaried professional;;Jabi;;No, I pay out of pocket;Synlab;SYNLAB Nigeria Mecure Healthcare AMCE (African Medical Centre of Excellence);1.0;0.0;1.0;0.0;0.0;1.0;0.0;0.0;0.0;0.0;0.0;0.0;0.0;0.0;0.0;;I passed by a SYNLAB location;;SYNLAB Nigeria Mecure Healthcare;1.0;0.0;1.0;0.0;0.0;0.0;0.0;0.0;0.0;0.0;0.0;0.0;0.0;0.0;;Routine health check;;I choose based on previous experience;0.0;0.0;0.0;1.0;0.0;0.0;0.0;0.0;0.0;;4 - Good;10.0;Because I've done my background check and as well tested it.;Very satisfied;Very satisfied;Very satisfied;Very satisfied;Very satisfied;Very satisfied;Very satisfied;Very satisfied;Synlab because their services are topnotch.;Much better;Much better;Much better;Much better;Much better;Much better;Much better;The previous laboratory was inconvenient to access;0.0;1.0;0.0;0.0;0.0;0.0;0.0;;Price matters but quality comes first;₦20,000-50,000;Receive via email;I have no preference;;Yes;Uchennanjoku445@gmail.com;798959244;917d104f-f7d0-43d9-9b6e-004895790e90;2026-07-16T16:13:27;submitted_via_web;vcuMVyHEmtj3KUokEUBV7q;uuid:917d104f-f7d0-43d9-9b6e-004895790e90;127
Yes, I consent to participate;25-34;Male;Self-employed/business owner;;Gwarimpa;;Yes, I pay for it personally;SYNLAB Nigeria;SYNLAB Nigeria;1.0;0.0;0.0;0.0;0.0;0.0;0.0;0.0;0.0;0.0;0.0;0.0;0.0;0.0;0.0;;Recommendation from a friend or family member;;SYNLAB Nigeria;1.0;0.0;0.0;0.0;0.0;0.0;0.0;0.0;0.0;0.0;0.0;0.0;0.0;0.0;;Routine health check;;I go to whichever laboratory my doctor recommends;1.0;0.0;0.0;0.0;0.0;0.0;0.0;0.0;0.0;;4 - Good;6.0;They are still growing and getting recognized in Nigeria;Very satisfied;Very satisfied;Very satisfied;Very satisfied;Neutral;Satisfied;Neutral;Neutral;SYNLAB Nigeria they are affordable;Much better;Much better;Much better;Better;Better;Much better;Much better;The previous laboratory was inconvenient to access;0.0;1.0;0.0;0.0;0.0;0.0;0.0;;Price matters but quality comes first;₦50,000-100,000;Access through an online patient portal or app;Walk in without an appointment;We need more of your lab worldwide;Yes;;799231415;69c67e08-df80-4399-a95b-5424aed8eccb;2026-07-21T15:50:10;submitted_via_web;vcuMVyHEmtj3KUokEUBV7q;uuid:69c67e08-df80-4399-a95b-5424aed8eccb;128
Yes, I consent to participate;35-44;Female;Self-employed/business owner;;Gwagwalada;;No, I pay out of pocket;;Lifebridge Medical Diagnostics;0.0;0.0;0.0;0.0;0.0;0.0;0.0;0.0;0.0;1.0;0.0;0.0;0.0;0.0;0.0;;;;Lifebridge Medical Diagnostics;0.0;0.0;0.0;0.0;0.0;0.0;0.0;0.0;1.0;0.0;0.0;0.0;0.0;0.0;;Doctor's referral for a specific test;;I choose based on price;0.0;0.0;0.0;0.0;0.0;0.0;1.0;0.0;0.0;;;;;;;;;;;;;None i go to any one my doctor say;Much better;Much better;Better;Better;Much better;About the same;Much better;I was dissatisfied with the customer service;0.0;0.0;0.0;1.0;0.0;0.0;0.0;;Price matters but quality comes first;₦20,000-50,000;Collect physical copy from the laboratory;Walk in without an appointment;;Yes;;799371723;8c083b6e-fb13-4cae-9431-6216507f9f13;2026-07-19T12:42:51;submitted_via_web;vcuMVyHEmtj3KUokEUBV7q;uuid:8c083b6e-fb13-4cae-9431-6216507f9f13;129
Yes, I consent to participate;18-24;;Student;;Asokoro;;;;SYNLAB Nigeria;1.0;0.0;0.0;0.0;0.0;0.0;0.0;0.0;0.0;0.0;0.0;0.0;0.0;0.0;0.0;;Recommendation from a doctor or healthcare professional;;I have never used any medical laboratory;0.0;0.0;0.0;0.0;0.0;0.0;0.0;0.0;0.0;0.0;0.0;0.0;0.0;1.0;;Monitoring an existing health condition;;I choose based on proximity to my home or workplace;0.0;0.0;1.0;0.0;0.0;0.0;0.0;0.0;0.0;;3- Neutral;6.0;;;;;;;;;;;Better;Better;Better;Better;Better;Better;Better;The previous laboratory was too expensive;1.0;0.0;0.0;0.0;0.0;0.0;0.0;;Price is the most important factor;I would not purchase this type of package;Collect physical copy from the laboratory;Walk in without an appointment;;Yes;rihanatjimoh297@gmail.com;796139224;5b549969-7ed2-4af2-b884-fc09fdf01b3f;2026-07-15T18:35:31;submitted_via_web;vcuMVyHEmtj3KUokEUBV7q;uuid:5b549969-7ed2-4af2-b884-fc09fdf01b3f;130
Yes, I consent to participate;25-34;Male;Corporate/salaried professional;;Asokoro;;Yes, through my employer;;SYNLAB Nigeria APIN Medical Laboratory and Diagnostics;1.0;0.0;0.0;0.0;0.0;0.0;0.0;0.0;1.0;0.0;0.0;0.0;0.0;0.0;0.0;;Recommendation from a friend or family member;;;;;;;;;;;;;;;0.0;;;Routine health check;;I go to whichever laboratory my HMO covers I choose based on the laboratory's reputation;0.0;1.0;0.0;0.0;0.0;0.0;0.0;1.0;0.0;;;6.0;I've heard good talks about them.;;;;;;;;;;I cannot compare;Better;Better;Better;Better;Better;Better;The previous laboratory was too expensive I was dissatisfied with the quality or accuracy of results I was dissatisfied with the customer service;1.0;0.0;1.0;1.0;0.0;0.0;0.0;;Price matters but quality comes first;Below ₦20,000;Receive via WhatsApp;Book online through a website;;Yes;odunzechidubem73@gmail.com;798368217;ae5e5be7-45ef-4e49-8ae4-0fdcc2208f8e;2026-07-20T10:24:10;submitted_via_web;vcuMVyHEmtj3KUokEUBV7q;uuid:ae5e5be7-45ef-4e49-8ae4-0fdcc2208f8e;131
Yes, I consent to participate;45-54;Female;Civil servant;;Kubwa;;Yes, through my employer;Life bridge medical laboratory;SYNLAB Nigeria APIN Medical Laboratory and Diagnostics Lifebridge Medical Diagnostics;1.0;0.0;0.0;0.0;0.0;0.0;0.0;0.0;1.0;1.0;0.0;0.0;0.0;0.0;0.0;;Recommendation from a friend or family member;;SYNLAB Nigeria Firmcare Diagnostics Lifebridge Medical Diagnostics;1.0;0.0;0.0;0.0;0.0;1.0;0.0;0.0;1.0;0.0;0.0;0.0;0.0;0.0;;Doctor's referral for a specific test;;I choose based on proximity to my home or workplace I ask friends or family for a recommendation;0.0;0.0;1.0;0.0;0.0;1.0;0.0;0.0;0.0;;3- Neutral;6.0;Just my thoughts;Neutral;Satisfied;Satisfied;Neutral;Satisfied;Satisfied;Satisfied;Neutral;No preference;About the same;Better;Better;About the same;Better;Much better;Much better;My doctor or HMO recommended a different laboratory;0.0;0.0;0.0;0.0;1.0;0.0;0.0;;Price matters but quality comes first;₦20,000-50,000;Access through an online patient portal or app;Walk in without an appointment;Non;Yes;;796999005;46422397-1320-4bdc-8640-58630ace9718;2026-07-21T04:34:00;submitted_via_web;vcuMVyHEmtj3KUokEUBV7q;uuid:46422397-1320-4bdc-8640-58630ace9718;132
Yes, I consent to participate;35-44;Female;Civil servant;;Gwarimpa;;Yes, through my employer;Synlab;SYNLAB Nigeria;1.0;0.0;0.0;0.0;0.0;0.0;0.0;0.0;0.0;0.0;0.0;0.0;0.0;0.0;0.0;;Recommendation from a doctor or healthcare professional;;SYNLAB Nigeria;1.0;0.0;0.0;0.0;0.0;0.0;0.0;0.0;0.0;0.0;0.0;0.0;0.0;0.0;;Monitoring an existing health condition;;I go to whichever laboratory my doctor recommends;1.0;0.0;0.0;0.0;0.0;0.0;0.0;0.0;0.0;;4 - Good;9.0;It was my mum i took there for test and scan  and the way I was attended to was so great and the result marvelous  just don't want to give the 10/10 because they are good;Very satisfied;Very satisfied;Very satisfied;Very satisfied;Satisfied;Very satisfied;Did not experience this;Satisfied;As for me synlab is better,just that my hospital won't sent you out for a test I would have preferred synlab;Much better;Much better;Much better;;Much better;Much better;Much better;Other (please specify);0.0;0.0;0.0;0.0;0.0;0.0;1.0;No;Price is important but not the most important factor;₦20,000-50,000;Receive via email;Book online through a website;I had a very good experience with them;Yes;;796808362;543ef1b1-a8c3-4ea4-adda-86b250b0bd27;2026-07-17T12:46:53;submitted_via_web;vcuMVyHEmtj3KUokEUBV7q;uuid:543ef1b1-a8c3-4ea4-adda-86b250b0bd27;133
Yes, I consent to participate;35-44;Female;Self-employed/business owner;;Gwarimpa;;No, I pay out of pocket;Bravite diagnostics;SYNLAB Nigeria Mecure Healthcare None of the above;1.0;0.0;1.0;0.0;0.0;0.0;0.0;0.0;0.0;0.0;0.0;0.0;1.0;0.0;0.0;;;;SYNLAB Nigeria Mecure Healthcare Clinix;1.0;0.0;1.0;0.0;1.0;0.0;0.0;0.0;0.0;0.0;0.0;0.0;0.0;0.0;;Doctor's referral for a specific test;;I go to whichever laboratory my doctor recommends;1.0;0.0;0.0;0.0;0.0;0.0;0.0;0.0;0.0;;3- Neutral;10.0;;Very satisfied;Very satisfied;;Satisfied;Neutral;Neutral;Satisfied;Satisfied;Synlab - they are prompt and tech oriented;Better;Much better;Much better;Much better;Better;Much better;Much better;The previous laboratory was inconvenient to access;0.0;1.0;0.0;0.0;0.0;0.0;0.0;;Price matters but quality comes first;₦100,000-200,000;Access through an online patient portal or app;Book through a mobile app;;Yes;;799499465;f4bdf8b1-ca3c-494b-87ba-f992d958ed04;2026-07-22T08:47:28;submitted_via_web;vcuMVyHEmtj3KUokEUBV7q;uuid:f4bdf8b1-ca3c-494b-87ba-f992d958ed04;134
Yes, I consent to participate;35-44;Male;Self-employed/business owner;;Asokoro;;Yes, I pay for it personally;Ecolab;SYNLAB Nigeria;1.0;0.0;0.0;0.0;0.0;0.0;0.0;0.0;0.0;0.0;0.0;0.0;0.0;0.0;1.0;;Social media;;SYNLAB Nigeria;1.0;0.0;0.0;0.0;0.0;0.0;0.0;0.0;0.0;0.0;0.0;0.0;0.0;0.0;;Monitoring an existing health condition;;I ask friends or family for a recommendation;0.0;0.0;0.0;0.0;0.0;1.0;0.0;0.0;0.0;;3- Neutral;4.0;;Neutral;Neutral;Neutral;Neutral;Neutral;Satisfied;Satisfied;Neutral;;Better;Better;Much better;Better;Much better;I cannot compare;Much better;The previous laboratory was too expensive;1.0;0.0;0.0;0.0;0.0;0.0;0.0;;Price matters but quality comes first;Above ₦200,000;Collect physical copy from the laboratory;Walk in without an appointment;;Yes;;796516447;acf51270-d719-4cdf-8a82-5598a176fae9;2026-07-17T05:10:17;submitted_via_web;vcuMVyHEmtj3KUokEUBV7q;uuid:acf51270-d719-4cdf-8a82-5598a176fae9;135
Yes, I consent to participate;35-44;Female;Unemployed;;Gwarimpa;;I am not sure;;Afriglobal Medicare;0.0;0.0;0.0;1.0;0.0;0.0;0.0;0.0;0.0;0.0;0.0;0.0;0.0;0.0;0.0;;;;Afriglobal Medicare;0.0;0.0;0.0;1.0;0.0;0.0;0.0;0.0;0.0;0.0;0.0;0.0;0.0;0.0;;Monitoring an existing health condition;;I choose based on price;0.0;0.0;0.0;0.0;0.0;0.0;1.0;0.0;0.0;;;;;;;;;;;;;;Better;Better;Better;Better;Better;Better;Better;I was dissatisfied with the customer service;0.0;0.0;0.0;1.0;0.0;0.0;0.0;;Price is important but not the most important factor;Below ₦20,000;I have no preference;I have no preference;;Yes;;797656182;61a9d11d-86ce-48d0-b2cf-9427d591c44a;2026-07-16T13:08:50;submitted_via_web;vcuMVyHEmtj3KUokEUBV7q;uuid:61a9d11d-86ce-48d0-b2cf-9427d591c44a;136
Yes, I consent to participate;18-24;Male;Student;;Asokoro;;Yes, through my employer;Aliance hospital;None of the above;0.0;0.0;0.0;0.0;0.0;0.0;0.0;0.0;0.0;0.0;0.0;0.0;1.0;0.0;0.0;;;;I have never used any medical laboratory;0.0;0.0;0.0;0.0;0.0;0.0;0.0;0.0;0.0;0.0;0.0;0.0;0.0;1.0;;Doctor's referral for a specific test;;I go to whichever laboratory my doctor recommends;1.0;0.0;0.0;0.0;0.0;0.0;0.0;0.0;0.0;;;;;;;;;;;;;;Much better;Better;Better;Better;Better;Better;Better;;;;;;;;;;Price matters but quality comes first;Below ₦20,000;Collect physical copy from the laboratory;Book online through a website;;Yes;saiduu473@gmail.com;796132262;960aa7f7-7e4a-4f6c-b10f-7af6739b975a;2026-07-15T18:00:00;submitted_via_web;vcuMVyHEmtj3KUokEUBV7q;uuid:960aa7f7-7e4a-4f6c-b10f-7af6739b975a;137
Yes, I consent to participate;18-24;Female;Self-employed/business owner;;Asokoro;;No, I pay out of pocket;Synlab;SYNLAB Nigeria Clinix;1.0;0.0;0.0;0.0;1.0;0.0;0.0;0.0;0.0;0.0;0.0;0.0;0.0;0.0;0.0;;Recommendation from a friend or family member;;e-Clinic & Diagnostics;0.0;0.0;0.0;0.0;0.0;0.0;0.0;0.0;0.0;0.0;1.0;0.0;0.0;0.0;;;;I choose based on previous experience I ask friends or family for a recommendation;0.0;0.0;0.0;1.0;0.0;1.0;0.0;0.0;0.0;;4 - Good;8.0;They are active and gives the best;;;;;;;;;Synlab;Better;Better;Better;Better;Better;Better;Better;My doctor or HMO recommended a different laboratory;0.0;0.0;0.0;0.0;1.0;0.0;0.0;;;Below ₦20,000;Collect physical copy from the laboratory;Call the laboratory directly;No;Yes;;796129019;b57c33b5-5599-44f8-8a52-b2848c3ea843;2026-07-15T17:44:47;submitted_via_web;vcuMVyHEmtj3KUokEUBV7q;uuid:b57c33b5-5599-44f8-8a52-b2848c3ea843;138
Yes, I consent to participate;25-34;Female;Corporate/salaried professional;;Gwarimpa;;Yes, I pay for it personally;SYNLAB Nigeria;SYNLAB Nigeria;1.0;0.0;0.0;0.0;0.0;0.0;0.0;0.0;0.0;0.0;0.0;0.0;0.0;0.0;0.0;;I passed by a SYNLAB location;;SYNLAB Nigeria;1.0;0.0;0.0;0.0;0.0;0.0;0.0;0.0;0.0;0.0;0.0;0.0;0.0;0.0;;Monitoring an existing health condition;;I choose based on proximity to my home or workplace;0.0;0.0;1.0;0.0;0.0;0.0;0.0;0.0;0.0;;4 - Good;6.0;They are trying;Satisfied;Satisfied;Satisfied;Neutral;Neutral;Very satisfied;Very satisfied;Very satisfied;SYNLAB I like their attendance;Much better;Much better;Better;Better;Much better;Better;Better;I was dissatisfied with the customer service;0.0;0.0;0.0;1.0;0.0;0.0;0.0;;Price matters but quality comes first;₦20,000-50,000;Collect physical copy from the laboratory;Call the laboratory directly;Creat more SYNLAB at different locations;Yes;;798218324;d5aed2f3-2f95-408c-a935-e1389b2a7ffe;2026-07-16T11:02:23;submitted_via_web;vcuMVyHEmtj3KUokEUBV7q;uuid:d5aed2f3-2f95-408c-a935-e1389b2a7ffe;139
Yes, I consent to participate;25-34;Male;Self-employed/business owner;;Lugbe;;No, I pay out of pocket;;None of the above;0.0;0.0;0.0;0.0;0.0;0.0;0.0;0.0;0.0;0.0;0.0;0.0;1.0;0.0;0.0;;;;Other (please specify) I have never used any medical laboratory;0.0;0.0;0.0;0.0;0.0;0.0;0.0;0.0;0.0;0.0;0.0;1.0;0.0;1.0;Primary health care lab;Doctor's referral for a specific test;;I choose based on previous experience I choose based on the laboratory's reputation;0.0;0.0;0.0;1.0;0.0;0.0;0.0;1.0;0.0;;;;;;;;;;;;;;About the same;About the same;About the same;Better;About the same;About the same;Worse;The previous laboratory was too expensive;1.0;0.0;0.0;0.0;0.0;0.0;0.0;;Price matters but quality comes first;₦20,000-50,000;I have no preference;I have no preference;;Yes;calebandrew472@gmail.com;796646291;c6b9aad9-c376-41e3-ba83-1b8dac29a7e3;2026-07-17T11:37:57;submitted_via_web;vcuMVyHEmtj3KUokEUBV7q;uuid:c6b9aad9-c376-41e3-ba83-1b8dac29a7e3;140
Yes, I consent to participate;35-44;Male;Civil servant;;Gwarimpa;;Yes, through my employer;;None of the above;0.0;0.0;0.0;0.0;0.0;0.0;0.0;0.0;0.0;0.0;0.0;0.0;1.0;0.0;0.0;;;;e-Clinic & Diagnostics;0.0;0.0;0.0;0.0;0.0;0.0;0.0;0.0;0.0;0.0;1.0;0.0;0.0;0.0;;Monitoring an existing health condition;;I ask friends or family for a recommendation;0.0;0.0;0.0;0.0;0.0;1.0;0.0;0.0;0.0;;;;;;;;;;;;;;I cannot compare;Much better;Much better;Much better;Much better;Much better;Much better;The previous laboratory was inconvenient to access;0.0;1.0;0.0;0.0;0.0;0.0;0.0;;Price is important but not the most important factor;₦20,000-50,000;Receive via email;Call the laboratory directly;;Yes;;798345909;4b4e25f7-2fb7-4751-9521-bd468dac090b;2026-07-15T21:06:29;submitted_via_web;vcuMVyHEmtj3KUokEUBV7q;uuid:4b4e25f7-2fb7-4751-9521-bd468dac090b;141
Yes, I consent to participate;35-44;Female;Healthcare professional;;Gwagwalada;;Yes, through my employer;My hospital have a lab;Lifebridge Medical Diagnostics;0.0;0.0;0.0;0.0;0.0;0.0;0.0;0.0;0.0;1.0;0.0;0.0;0.0;0.0;0.0;;;;Lifebridge Medical Diagnostics;0.0;0.0;0.0;0.0;0.0;0.0;0.0;0.0;1.0;0.0;0.0;0.0;0.0;0.0;;Routine health check;;I go to whichever laboratory my HMO covers;0.0;1.0;0.0;0.0;0.0;0.0;0.0;0.0;0.0;;;;;;;;;;;;;Lifebridge;Much better;Much better;Much better;Much better;Much better;Much better;Much better;Other (please specify);0.0;0.0;0.0;0.0;0.0;0.0;1.0;No;Price matters but quality comes first;₦20,000-50,000;Access through an online patient portal or app;Call the laboratory directly;;Yes;;796497710;7c9b07c8-e55d-46e5-8f13-d3fbc215e642;2026-07-19T22:01:54;submitted_via_web;vcuMVyHEmtj3KUokEUBV7q;uuid:7c9b07c8-e55d-46e5-8f13-d3fbc215e642;142
Yes, I consent to participate;25-34;Female;Self-employed/business owner;;Gwarimpa;;Yes, through my employer;SYNLAB Nigeria;SYNLAB Nigeria;1.0;0.0;0.0;0.0;0.0;0.0;0.0;0.0;0.0;0.0;0.0;0.0;0.0;0.0;0.0;;Recommendation from a friend or family member;;;;;;;;;;;;;;;0.0;;;Routine health check;;I go to whichever laboratory my HMO covers;0.0;1.0;0.0;0.0;0.0;0.0;0.0;0.0;0.0;;5- Excellent;10.0;;;;;;;;;;;Better;Much better;Better;Better;Much better;Much better;Much better;;;;;;;;;;;;;;;;;797131674;8557389d-ac06-4e56-af05-8cf8952ef03d;2026-07-18T09:13:45;submitted_via_web;vcuMVyHEmtj3KUokEUBV7q;uuid:8557389d-ac06-4e56-af05-8cf8952ef03d;143
Yes, I consent to participate;35-44;Male;Civil servant;;Gwagwalada;;Yes, through my employer;;Firmcare Diagnostics;0.0;0.0;0.0;0.0;0.0;0.0;1.0;0.0;0.0;0.0;0.0;0.0;0.0;0.0;0.0;;;;Firmcare Diagnostics;0.0;0.0;0.0;0.0;0.0;1.0;0.0;0.0;0.0;0.0;0.0;0.0;0.0;0.0;;Insurance or HMO requirement;;I go to whichever laboratory my HMO covers;0.0;1.0;0.0;0.0;0.0;0.0;0.0;0.0;0.0;;;;;;;;;;;;;;Much better;Much better;Much better;Much better;Much better;Much better;Much better;My doctor or HMO recommended a different laboratory;0.0;0.0;0.0;0.0;1.0;0.0;0.0;;Price matters but quality comes first;₦20,000-50,000;Receive via email;Book through a mobile app;;Yes;;796463476;9ddd0f40-952a-463e-8d40-d5bb8b9a4a90;2026-07-21T00:41:22;submitted_via_web;vcuMVyHEmtj3KUokEUBV7q;uuid:9ddd0f40-952a-463e-8d40-d5bb8b9a4a90;144
Yes, I consent to participate;35-44;Male;Self-employed/business owner;;Gwarimpa;;No, I pay out of pocket;Synlab;SYNLAB Nigeria;1.0;0.0;0.0;0.0;0.0;0.0;0.0;0.0;0.0;0.0;0.0;0.0;0.0;0.0;0.0;;Recommendation from a friend or family member;;SYNLAB Nigeria;1.0;0.0;0.0;0.0;0.0;0.0;0.0;0.0;0.0;0.0;0.0;0.0;0.0;0.0;;Doctor's referral for a specific test;;I go to whichever laboratory my doctor recommends;1.0;0.0;0.0;0.0;0.0;0.0;0.0;0.0;0.0;;;;;;;;;;;;;The one that will give me professional service;I cannot compare;I cannot compare;About the same;Better;Better;Better;Better;My doctor or HMO recommended a different laboratory;0.0;0.0;0.0;0.0;1.0;0.0;0.0;;Price matters but quality comes first;₦20,000-50,000;Collect physical copy from the laboratory;Walk in without an appointment;Be consistent, be professional and listen to customer feedback.;Yes;;798732995;067af27a-a84c-41bd-91c2-7121cb67bc50;2026-07-21T05:50:02;submitted_via_web;vcuMVyHEmtj3KUokEUBV7q;uuid:067af27a-a84c-41bd-91c2-7121cb67bc50;145
Yes, I consent to participate;25-34;Male;Unemployed;;Asokoro;;No, I pay out of pocket;;e-Clinic & Diagnostics;0.0;0.0;0.0;0.0;0.0;0.0;0.0;0.0;0.0;0.0;0.0;1.0;0.0;0.0;0.0;;;;I have never used any medical laboratory;0.0;0.0;0.0;0.0;0.0;0.0;0.0;0.0;0.0;0.0;0.0;0.0;0.0;1.0;;Routine health check;;I search online for options;0.0;0.0;0.0;0.0;1.0;0.0;0.0;0.0;0.0;;;;;;;;;;;;;;Better;Better;Much better;Better;Better;Better;Better;I moved to a new area;0.0;0.0;0.0;0.0;0.0;1.0;0.0;;Price matters but quality comes first;₦20,000-50,000;Receive via email;Book online through a website;;No;;796132062;e15cf9ad-99f9-4f0c-9fc4-0debc9fa407a;2026-07-15T17:59:09;submitted_via_web;vcuMVyHEmtj3KUokEUBV7q;uuid:e15cf9ad-99f9-4f0c-9fc4-0debc9fa407a;146
Yes, I consent to participate;35-44;Male;Civil servant;;Kubwa;;Yes, through my employer;Medi care;SYNLAB Nigeria;1.0;0.0;0.0;0.0;0.0;0.0;0.0;0.0;0.0;0.0;0.0;0.0;0.0;0.0;0.0;;Referred by my HMO or employer;;SYNLAB Nigeria;1.0;0.0;0.0;0.0;0.0;0.0;0.0;0.0;0.0;0.0;0.0;0.0;0.0;0.0;;Routine health check;;I go to whichever laboratory my HMO covers;0.0;1.0;0.0;0.0;0.0;0.0;0.0;0.0;0.0;;4 - Good;5.0;;Satisfied;Satisfied;Satisfied;Satisfied;Satisfied;Satisfied;Neutral;Satisfied;Medi care, because they very good;Better;Better;Better;Better;Much better;Much better;Better;My doctor or HMO recommended a different laboratory;0.0;0.0;0.0;0.0;1.0;0.0;0.0;;Price matters but quality comes first;₦50,000-100,000;Receive via email;Book through my HMO or employer's portal;No;Yes;a.salisu01@gmail.com;798520564;1c3a449b-4b6b-4d32-abfd-2daf971cf1c8;2026-07-16T13:21:52;submitted_via_web;vcuMVyHEmtj3KUokEUBV7q;uuid:1c3a449b-4b6b-4d32-abfd-2daf971cf1c8;147
Yes, I consent to participate;35-44;Male;Student;;Asokoro;;No, I pay out of pocket;Haske lab;Other (please specify);0.0;0.0;0.0;0.0;0.0;0.0;0.0;0.0;0.0;0.0;0.0;0.0;0.0;1.0;0.0;Haske clinic;;;I have never used any medical laboratory;0.0;0.0;0.0;0.0;0.0;0.0;0.0;0.0;0.0;0.0;0.0;0.0;0.0;1.0;;Routine health check;;I choose based on price I choose based on the laboratory's reputation;0.0;0.0;0.0;0.0;0.0;0.0;1.0;1.0;0.0;;;;;;;;;;;;;;I cannot compare;Better;Much better;I cannot compare;I cannot compare;I cannot compare;I cannot compare;I moved to a new area;0.0;0.0;0.0;0.0;0.0;1.0;0.0;;Price is the most important factor;I would not purchase this type of package;Receive via WhatsApp;I have no preference;Not really;Yes;;798760149;edad926e-3b77-44ae-b7d9-6f80af795e82;2026-07-17T18:30:34;submitted_via_web;vcuMVyHEmtj3KUokEUBV7q;uuid:edad926e-3b77-44ae-b7d9-6f80af795e82;148
Yes, I consent to participate;35-44;Male;Civil servant;;Asokoro;;No, I pay out of pocket;SYNLAB Nigeria;Mecure Healthcare;0.0;0.0;1.0;0.0;0.0;0.0;0.0;0.0;0.0;0.0;0.0;0.0;0.0;0.0;0.0;;;;Mecure Healthcare;0.0;0.0;1.0;0.0;0.0;0.0;0.0;0.0;0.0;0.0;0.0;0.0;0.0;0.0;;Routine health check;;I choose based on previous experience;0.0;0.0;0.0;1.0;0.0;0.0;0.0;0.0;0.0;;;;;;;;;;;;;SYNLAB Nigeria they are good with what they do;Better;Better;Much better;Better;Better;Better;Much better;I was dissatisfied with the quality or accuracy of results;0.0;0.0;1.0;0.0;0.0;0.0;0.0;;Price is important but not the most important factor;₦100,000-200,000;Receive via email;Book through a mobile app;Keep been the best;Yes;;798307169;ebfde667-3b0a-4c2f-81aa-a566facd71b3;2026-07-22T05:49:25;submitted_via_web;vcuMVyHEmtj3KUokEUBV7q;uuid:ebfde667-3b0a-4c2f-81aa-a566facd71b3;149
Yes, I consent to participate;35-44;Female;Civil servant;;Gwagwalada;;No, I pay out of pocket;;None of the above;0.0;0.0;0.0;0.0;0.0;0.0;0.0;0.0;0.0;0.0;0.0;0.0;1.0;0.0;0.0;;;;I have never used any medical laboratory;0.0;0.0;0.0;0.0;0.0;0.0;0.0;0.0;0.0;0.0;0.0;0.0;0.0;1.0;;Doctor's referral for a specific test;;I go to whichever laboratory my doctor recommends;1.0;0.0;0.0;0.0;0.0;0.0;0.0;0.0;0.0;;;;;;;;;;;;;;I cannot compare;I cannot compare;I cannot compare;I cannot compare;I cannot compare;I cannot compare;I cannot compare;The previous laboratory was too expensive;1.0;0.0;0.0;0.0;0.0;0.0;0.0;;Price matters but quality comes first;Below ₦20,000;Collect physical copy from the laboratory;Walk in without an appointment;;Yes;;796081065;6dd1e6ac-93f1-4666-9eaf-5f55c0c350a4;2026-07-15T14:39:21;submitted_via_web;vcuMVyHEmtj3KUokEUBV7q;uuid:6dd1e6ac-93f1-4666-9eaf-5f55c0c350a4;150
Yes, I consent to participate;55 and above;Male;Civil servant;;Gwagwalada;;Yes, through my employer;Eldorado lab;SYNLAB Nigeria;1.0;0.0;0.0;0.0;0.0;0.0;0.0;0.0;0.0;0.0;0.0;0.0;0.0;0.0;0.0;;Recommendation from a doctor or healthcare professional;;Other (please specify);0.0;0.0;0.0;0.0;0.0;0.0;0.0;0.0;0.0;0.0;0.0;1.0;0.0;0.0;My hospital have a lab;Routine health check;;I go to whichever laboratory my doctor recommends;1.0;0.0;0.0;0.0;0.0;0.0;0.0;0.0;0.0;;4 - Good;4.0;My doctor just recommended it for that they are so good buti didn't later use it;;;;;;;;;My hospital lab is okay;Much better;Better;Much better;Better;Better;Much better;Much better;The previous laboratory was too expensive;1.0;0.0;0.0;0.0;0.0;0.0;0.0;;Price is important but not the most important factor;₦50,000-100,000;Access through an online patient portal or app;Call the laboratory directly;Is okay;Yes;;798867418;c7e51f0a-5d1e-4bc2-bfcc-b65eba9452dd;2026-07-20T22:50:55;submitted_via_web;vcuMVyHEmtj3KUokEUBV7q;uuid:c7e51f0a-5d1e-4bc2-bfcc-b65eba9452dd;151
Yes, I consent to participate;25-34;Female;Corporate/salaried professional;;Kubwa;;I am not sure;;SYNLAB Nigeria;1.0;0.0;0.0;0.0;0.0;0.0;0.0;0.0;0.0;0.0;0.0;0.0;0.0;0.0;0.0;;Recommendation from a doctor or healthcare professional;;SYNLAB Nigeria;1.0;0.0;0.0;0.0;0.0;0.0;0.0;0.0;0.0;0.0;0.0;0.0;0.0;0.0;;Doctor's referral for a specific test;;I go to whichever laboratory my doctor recommends I choose based on previous experience;1.0;0.0;0.0;1.0;0.0;0.0;0.0;0.0;0.0;;4 - Good;10.0;The staffs are friendly, no delays in attending to people and you get your tests results in 24hrs.;Very satisfied;Satisfied;Very satisfied;Very satisfied;Very satisfied;Very satisfied;Very satisfied;Satisfied;The one at banex road, very easy to locate;Much better;Much better;Much better;Much better;Much better;Much better;Much better;I moved to a new area;0.0;0.0;0.0;0.0;0.0;1.0;0.0;;Price matters but quality comes first;₦100,000-200,000;Receive via email;Walk in without an appointment;Just keep being the best;Yes;gloryatanguma377@gmail.com;796262570;6e207c14-2328-4518-b274-4962fed330ba;2026-07-16T08:22:29;submitted_via_web;vcuMVyHEmtj3KUokEUBV7q;uuid:6e207c14-2328-4518-b274-4962fed330ba;152
Yes, I consent to participate;25-34;Male;Self-employed/business owner;;Asokoro;;Yes, I pay for it personally;ZOOLANT;SYNLAB Nigeria Mecure Healthcare Clinix AMCE (African Medical Centre of Excellence) Firmcare Diagnostics APIN Medical Laboratory and Diagnostics Lifebridge Medical Diagnostics Pseven Medical Diagnostics e-Clinic & Diagnostics;1.0;0.0;1.0;0.0;1.0;1.0;1.0;0.0;1.0;1.0;1.0;1.0;0.0;0.0;0.0;;Recommendation from a friend or family member;;SYNLAB Nigeria Clina Lancet Afriglobal Medicare Firmcare Diagnostics;1.0;1.0;0.0;1.0;0.0;1.0;0.0;0.0;0.0;0.0;0.0;0.0;0.0;0.0;;Insurance or HMO requirement;;I go to whichever laboratory my HMO covers I choose based on previous experience;0.0;1.0;0.0;1.0;0.0;0.0;0.0;0.0;0.0;;4 - Good;7.0;;Satisfied;Satisfied;Neutral;Satisfied;Satisfied;Satisfied;Satisfied;Satisfied;;Much better;Better;;Much better;Much better;Much better;Better;My doctor or HMO recommended a different laboratory;0.0;0.0;0.0;0.0;1.0;0.0;0.0;;Price matters but quality comes first;Above ₦200,000;Access through an online patient portal or app;Book online through a website;;Yes;;796128559;8f79844a-4a9c-44d4-a898-927beb8c3ab5;2026-07-15T17:43:16;submitted_via_web;vcuMVyHEmtj3KUokEUBV7q;uuid:8f79844a-4a9c-44d4-a898-927beb8c3ab5;153
Yes, I consent to participate;35-44;Female;Civil servant;;Others;Nyanya Area A last road;Yes, I pay for it personally;Gaskiya medical laboratory;Other (please specify);0.0;0.0;0.0;0.0;0.0;0.0;0.0;0.0;0.0;0.0;0.0;0.0;0.0;1.0;0.0;;;;SYNLAB Nigeria;1.0;0.0;0.0;0.0;0.0;0.0;0.0;0.0;0.0;0.0;0.0;0.0;0.0;0.0;;Insurance or HMO requirement;;Other (please specify);0.0;0.0;0.0;0.0;0.0;0.0;0.0;0.0;1.0;;;;;Neutral;Neutral;Neutral;Dissatisfied;Neutral;Very dissatisfied;Very dissatisfied;Very dissatisfied;;Better;Much better;Much better;Better;Worse;Much worse;Much worse;I moved to a new area;0.0;0.0;0.0;0.0;0.0;1.0;0.0;;Price matters but quality comes first;₦20,000-50,000;Collect physical copy from the laboratory;Book through my HMO or employer's portal;;Yes;;796626338;a1979727-81da-4cdc-a0f1-e4fa724e3130;2026-07-15T21:53:30;submitted_via_web;vcuMVyHEmtj3KUokEUBV7q;uuid:a1979727-81da-4cdc-a0f1-e4fa724e3130;154
Yes, I consent to participate;45-54;Male;Self-employed/business owner;;Kubwa;;No, I pay out of pocket;Eco scan;SYNLAB Nigeria e-Clinic & Diagnostics;1.0;0.0;0.0;0.0;0.0;0.0;0.0;0.0;0.0;0.0;0.0;1.0;0.0;0.0;1.0;;Recommendation from a friend or family member;;SYNLAB Nigeria e-Clinic & Diagnostics;1.0;0.0;0.0;0.0;0.0;0.0;0.0;0.0;0.0;0.0;1.0;0.0;0.0;0.0;;Doctor's referral for a specific test;;I go to whichever laboratory my doctor recommends I choose based on proximity to my home or workplace;1.0;0.0;1.0;0.0;0.0;0.0;0.0;0.0;0.0;;4 - Good;6.0;My view;Satisfied;Satisfied;Satisfied;Neutral;Satisfied;Satisfied;Neutral;Satisfied;Indifferent;About the same;Better;About the same;About the same;Better;About the same;About the same;My doctor or HMO recommended a different laboratory;0.0;0.0;0.0;0.0;1.0;0.0;0.0;;Price is important but not the most important factor;₦20,000-50,000;Access through an online patient portal or app;Walk in without an appointment;Non;Yes;;796875435;23802dc7-7cc0-40f5-85fb-9ae6eb66a774;2026-07-18T20:48:57;submitted_via_web;vcuMVyHEmtj3KUokEUBV7q;uuid:23802dc7-7cc0-40f5-85fb-9ae6eb66a774;155
Yes, I consent to participate;25-34;Female;Civil servant;;Kubwa;;Yes, through my employer;Life bridge medical laboratory;SYNLAB Nigeria APIN Medical Laboratory and Diagnostics Lifebridge Medical Diagnostics;1.0;0.0;0.0;0.0;0.0;0.0;0.0;0.0;1.0;1.0;0.0;0.0;0.0;0.0;0.0;;Recommendation from a friend or family member;;SYNLAB Nigeria Firmcare Diagnostics Lifebridge Medical Diagnostics;1.0;0.0;0.0;0.0;0.0;1.0;0.0;0.0;1.0;0.0;0.0;0.0;0.0;0.0;;Doctor's referral for a specific test;;I choose based on proximity to my home or workplace I ask friends or family for a recommendation;0.0;0.0;1.0;0.0;0.0;1.0;0.0;0.0;0.0;;3- Neutral;6.0;Just my thoughts;Neutral;Satisfied;Satisfied;Neutral;Satisfied;Satisfied;Satisfied;Neutral;No preference;About the same;Better;Better;About the same;Better;Much better;Much better;My doctor or HMO recommended a different laboratory;0.0;0.0;0.0;0.0;1.0;0.0;0.0;;Price matters but quality comes first;₦20,000-50,000;Access through an online patient portal or app;Walk in without an appointment;Non;Yes;;796075794;07f032e0-b3a6-42ac-b79b-55faf28b3e66;2026-07-15T14:25:21;submitted_via_web;vcuMVyHEmtj3KUokEUBV7q;uuid:07f032e0-b3a6-42ac-b79b-55faf28b3e66;156
Yes, I consent to participate;35-44;Male;Other (please specify);public servant;Kubwa;;Yes, through my employer;synlab;SYNLAB Nigeria Mecure Healthcare AMCE (African Medical Centre of Excellence) Lifebridge Medical Diagnostics e-Clinic & Diagnostics;1.0;0.0;1.0;0.0;0.0;1.0;0.0;0.0;0.0;1.0;0.0;1.0;0.0;0.0;0.0;;Social media;;SYNLAB Nigeria Mecure Healthcare Lifebridge Medical Diagnostics e-Clinic & Diagnostics;1.0;0.0;1.0;0.0;0.0;0.0;0.0;0.0;1.0;0.0;1.0;0.0;0.0;0.0;;Routine health check;;I choose based on previous experience;0.0;0.0;0.0;1.0;0.0;0.0;0.0;0.0;0.0;;4 - Good;9.0;because as it is now, they are the best;Very satisfied;Neutral;Neutral;Very satisfied;Satisfied;Very satisfied;Satisfied;Neutral;synlab because of there result give and hospitalizes;Better;Better;Much better;About the same;Much better;Much better;Much better;The previous laboratory was inconvenient to access;0.0;1.0;0.0;0.0;0.0;0.0;0.0;;Price matters but quality comes first;₦100,000-200,000;Receive via email;Walk in without an appointment;they should keep good result flying;Yes;Budelpapil@gmail.com;799589866;5eec2019-42f9-440a-b43a-4346e31b62af;2026-07-17T01:00:21;submitted_via_web;vcuMVyHEmtj3KUokEUBV7q;uuid:5eec2019-42f9-440a-b43a-4346e31b62af;157
Yes, I consent to participate;35-44;Female;Unemployed;;Gwarimpa;;I am not sure;;Afriglobal Medicare;0.0;0.0;0.0;1.0;0.0;0.0;0.0;0.0;0.0;0.0;0.0;0.0;0.0;0.0;0.0;;;;Afriglobal Medicare;0.0;0.0;0.0;1.0;0.0;0.0;0.0;0.0;0.0;0.0;0.0;0.0;0.0;0.0;;Monitoring an existing health condition;;I choose based on price;0.0;0.0;0.0;0.0;0.0;0.0;1.0;0.0;0.0;;;;;;;;;;;;;;Better;Better;Better;Better;Better;Better;Better;I was dissatisfied with the customer service;0.0;0.0;0.0;1.0;0.0;0.0;0.0;;Price is important but not the most important factor;Below ₦20,000;I have no preference;I have no preference;;Yes;;796234055;d5fe83c8-8e47-480f-9ed9-4898ae06104b;2026-07-19T04:22:41;submitted_via_web;vcuMVyHEmtj3KUokEUBV7q;uuid:d5fe83c8-8e47-480f-9ed9-4898ae06104b;158
Yes, I consent to participate;18-24;Female;Self-employed/business owner;;Lugbe;;Yes, through my employer;SYNLAB Nigeria;SYNLAB Nigeria Firmcare Diagnostics Lifebridge Medical Diagnostics e-Clinic & Diagnostics;1.0;0.0;0.0;0.0;0.0;0.0;1.0;0.0;0.0;1.0;0.0;1.0;0.0;0.0;0.0;;Recommendation from a doctor or healthcare professional;;SYNLAB Nigeria Mecure Healthcare Firmcare Diagnostics Lifebridge Medical Diagnostics e-Clinic & Diagnostics;1.0;0.0;1.0;0.0;0.0;1.0;0.0;0.0;1.0;0.0;1.0;0.0;0.0;0.0;;Doctor's referral for a specific test;;I go to whichever laboratory my doctor recommends I ask friends or family for a recommendation;1.0;0.0;0.0;0.0;0.0;1.0;0.0;0.0;0.0;;4 - Good;8.0;Their quality performance;Satisfied;Neutral;Very satisfied;Very satisfied;Satisfied;Very satisfied;Did not experience this;Satisfied;SYNLAB Nigeria for accuracy of results;Better;About the same;Much better;About the same;Better;Better;I cannot compare;I moved to a new area;0.0;0.0;0.0;0.0;0.0;1.0;0.0;;Price matters but quality comes first;₦20,000-50,000;Collect physical copy from the laboratory;Walk in without an appointment;Nil;Yes;saliuoluwasemilore@gmail.com;796579447;2978d9f2-3b85-47ad-b5f8-c5208ba0a026;2026-07-17T09:09:17;submitted_via_web;vcuMVyHEmtj3KUokEUBV7q;uuid:2978d9f2-3b85-47ad-b5f8-c5208ba0a026;159
Yes, I consent to participate;35-44;Female;Healthcare professional;;Others;Maitama;No, I pay out of pocket;Lifebridge;Lifebridge Medical Diagnostics;0.0;0.0;0.0;0.0;0.0;0.0;0.0;0.0;0.0;1.0;0.0;0.0;0.0;0.0;0.0;;;;Lifebridge Medical Diagnostics;0.0;0.0;0.0;0.0;0.0;0.0;0.0;0.0;1.0;0.0;0.0;0.0;0.0;0.0;;Doctor's referral for a specific test;;I go to whichever laboratory my doctor recommends;1.0;0.0;0.0;0.0;0.0;0.0;0.0;0.0;0.0;;;;;;;;;;;;;Life bridge because the diagnosis is well explanatory;Better;Better;Better;I cannot compare;Better;I cannot compare;I cannot compare;I was dissatisfied with the quality or accuracy of results;0.0;0.0;1.0;0.0;0.0;0.0;0.0;;Price is the most important factor;₦20,000-50,000;Receive via email;Book through a mobile app;No;Yes;;797684968;cdd013f4-4547-4a38-8157-3bb6854738b4;2026-07-19T08:34:57;submitted_via_web;vcuMVyHEmtj3KUokEUBV7q;uuid:cdd013f4-4547-4a38-8157-3bb6854738b4;160
Yes, I consent to participate;35-44;Male;Self-employed/business owner;;Asokoro;;No, I pay out of pocket;Healthscan;LAB360;0.0;0.0;0.0;0.0;0.0;0.0;0.0;1.0;0.0;0.0;0.0;0.0;0.0;0.0;0.0;;;;LAB360;0.0;0.0;0.0;0.0;0.0;0.0;1.0;0.0;0.0;0.0;0.0;0.0;0.0;0.0;;Doctor's referral for a specific test;;I go to whichever laboratory my doctor recommends;1.0;0.0;0.0;0.0;0.0;0.0;0.0;0.0;0.0;;;;;;;;;;;;;Healthscan;Better;Much better;About the same;About the same;Better;Better;Better;The previous laboratory was too expensive;1.0;0.0;0.0;0.0;0.0;0.0;0.0;;Price matters but quality comes first;₦20,000-50,000;Receive via WhatsApp;Call the laboratory directly;More awareness needed for recognition;Yes;;798749585;54ac8196-1811-4843-94a9-93ac005e5312;2026-07-18T06:39:22;submitted_via_web;vcuMVyHEmtj3KUokEUBV7q;uuid:54ac8196-1811-4843-94a9-93ac005e5312;161
Yes, I consent to participate;35-44;Female;Civil servant;;Gwarimpa;;Yes, through my employer;Synlab;SYNLAB Nigeria;1.0;0.0;0.0;0.0;0.0;0.0;0.0;0.0;0.0;0.0;0.0;0.0;0.0;0.0;0.0;;Recommendation from a doctor or healthcare professional;;SYNLAB Nigeria;1.0;0.0;0.0;0.0;0.0;0.0;0.0;0.0;0.0;0.0;0.0;0.0;0.0;0.0;;Monitoring an existing health condition;;I go to whichever laboratory my doctor recommends;1.0;0.0;0.0;0.0;0.0;0.0;0.0;0.0;0.0;;4 - Good;9.0;It was my mum i took there for test and scan  and the way I was attended to was so great and the result marvelous  just don't want to give the 10/10 because they are good;Very satisfied;Very satisfied;Very satisfied;Very satisfied;Satisfied;Very satisfied;Did not experience this;Satisfied;As for me synlab is better,just that my hospital won't sent you out for a test I would have preferred synlab;Much better;Much better;Much better;;Much better;Much better;Much better;Other (please specify);0.0;0.0;0.0;0.0;0.0;0.0;1.0;No;Price is important but not the most important factor;₦20,000-50,000;Receive via email;Book online through a website;I had a very good experience with them;Yes;;796559297;770f1980-b048-4fd3-b59b-61e6dad3f4ea;2026-07-18T01:44:38;submitted_via_web;vcuMVyHEmtj3KUokEUBV7q;uuid:770f1980-b048-4fd3-b59b-61e6dad3f4ea;162
Yes, I consent to participate;18-24;Male;Unemployed;;Asokoro;;No, I pay out of pocket;Custom hospital Lab;None of the above;0.0;0.0;0.0;0.0;0.0;0.0;0.0;0.0;0.0;0.0;0.0;0.0;1.0;0.0;0.0;;;;I have never used any medical laboratory;0.0;0.0;0.0;0.0;0.0;0.0;0.0;0.0;0.0;0.0;0.0;0.0;0.0;1.0;;Routine health check;;I go to whichever laboratory my doctor recommends I go to whichever laboratory my HMO covers;1.0;1.0;0.0;0.0;0.0;0.0;0.0;0.0;0.0;;;;;;;;;;;;;Nil;About the same;Better;Better;Better;Better;Better;Better;I was dissatisfied with the quality or accuracy of results;0.0;0.0;1.0;0.0;0.0;0.0;0.0;;Price is important but not the most important factor;₦20,000-50,000;Receive via email;Call the laboratory directly;No;Yes;ahmedalabi2026@outlook.com;796138145;1e2e29e9-ddb7-492c-8504-a23b4226aa44;2026-07-15T18:29:55;submitted_via_web;vcuMVyHEmtj3KUokEUBV7q;uuid:1e2e29e9-ddb7-492c-8504-a23b4226aa44;163
Yes, I consent to participate;35-44;Male;Self-employed/business owner;;Gwarimpa;;Yes, I pay for it personally;;None of the above;0.0;0.0;0.0;0.0;0.0;0.0;0.0;0.0;0.0;0.0;0.0;0.0;1.0;0.0;0.0;;;;Lifebridge Medical Diagnostics;0.0;0.0;0.0;0.0;0.0;0.0;0.0;0.0;1.0;0.0;0.0;0.0;0.0;0.0;;Doctor's referral for a specific test;;I go to whichever laboratory my doctor recommends;1.0;0.0;0.0;0.0;0.0;0.0;0.0;0.0;0.0;;;;;;;;;;;;;Life bridge  lab ,quick to access for me and the resul was fast to be out;Much better;Much better;Much better;Better;Much better;Much better;Much better;I moved to a new area;0.0;0.0;0.0;0.0;0.0;1.0;0.0;;Price is not a significant factor in my decision;₦50,000-100,000;Receive via email;Call the laboratory directly;;Yes;;799809990;06f2dfff-86a7-47f3-a1aa-ff91dac0c5a1;2026-07-18T14:12:41;submitted_via_web;vcuMVyHEmtj3KUokEUBV7q;uuid:06f2dfff-86a7-47f3-a1aa-ff91dac0c5a1;164
Yes, I consent to participate;35-44;Male;Civil servant;;Wuse;;No, I pay out of pocket;SYNLAB Nigeria;SYNLAB Nigeria;1.0;0.0;0.0;0.0;0.0;0.0;0.0;0.0;0.0;0.0;0.0;0.0;0.0;0.0;0.0;;Recommendation from a doctor or healthcare professional;;SYNLAB Nigeria;1.0;0.0;0.0;0.0;0.0;0.0;0.0;0.0;0.0;0.0;0.0;0.0;0.0;0.0;;Monitoring an existing health condition;;I choose based on proximity to my home or workplace;0.0;0.0;1.0;0.0;0.0;0.0;0.0;0.0;0.0;;3- Neutral;9.0;;Neutral;Very satisfied;Very satisfied;;Satisfied;Very satisfied;Neutral;Satisfied;SYNLAB Nigeria;Better;Better;Better;Much better;Better;Much better;Better;I was dissatisfied with the quality or accuracy of results;0.0;0.0;1.0;0.0;0.0;0.0;0.0;;Price matters but quality comes first;₦20,000-50,000;Receive via WhatsApp;Walk in without an appointment;I love ur codinition;Yes;;797136580;e5d7dc18-77aa-49a7-bb22-6a2ae7742207;2026-07-19T12:55:35;submitted_via_web;vcuMVyHEmtj3KUokEUBV7q;uuid:e5d7dc18-77aa-49a7-bb22-6a2ae7742207;165
Yes, I consent to participate;25-34;Female;Student;;Asokoro;;No, I pay out of pocket;SYNLAB Nigeria;SYNLAB Nigeria;1.0;0.0;0.0;0.0;0.0;0.0;0.0;0.0;0.0;0.0;0.0;0.0;0.0;0.0;0.0;;Recommendation from a friend or family member;;SYNLAB Nigeria;1.0;0.0;0.0;0.0;0.0;0.0;0.0;0.0;0.0;0.0;0.0;0.0;0.0;0.0;;Routine health check;;I choose based on proximity to my home or workplace;0.0;0.0;1.0;0.0;0.0;0.0;0.0;0.0;0.0;;4 - Good;8.0;Cause they are very good with their work;Satisfied;Neutral;Very satisfied;Satisfied;Very satisfied;Very satisfied;Satisfied;Satisfied;SYNLAB Nigeria;Better;Better;Much better;Better;Much better;Much better;I cannot compare;The previous laboratory was too expensive;1.0;0.0;0.0;0.0;0.0;0.0;0.0;;Price is important but not the most important factor;₦100,000-200,000;Collect physical copy from the laboratory;Book online through a website;;Yes;;796134935;736c4fef-cd64-4738-b06c-8052dce1a245;2026-07-15T18:13:22;submitted_via_web;vcuMVyHEmtj3KUokEUBV7q;uuid:736c4fef-cd64-4738-b06c-8052dce1a245;166
Yes, I consent to participate;35-44;Male;Other (please specify);Fashion designer;Gwagwalada;;No, I pay out of pocket;Gwagwalada;None of the above;0.0;0.0;0.0;0.0;0.0;0.0;0.0;0.0;0.0;0.0;0.0;0.0;1.0;0.0;0.0;;;;I have never used any medical laboratory;0.0;0.0;0.0;0.0;0.0;0.0;0.0;0.0;0.0;0.0;0.0;0.0;0.0;1.0;;Routine health check;;I choose based on the laboratory's reputation;0.0;0.0;0.0;0.0;0.0;0.0;0.0;1.0;0.0;;;;;;;;;;;;;;Better;Better;Better;Better;Better;Better;Better;I moved to a new area;0.0;0.0;0.0;0.0;0.0;1.0;0.0;;Price matters but quality comes first;Below ₦20,000;Collect physical copy from the laboratory;Book through a mobile app;;No;;796085065;99e265b1-5ba8-4daf-a0b2-314048234b4c;2026-07-15T14:52:59;submitted_via_web;vcuMVyHEmtj3KUokEUBV7q;uuid:99e265b1-5ba8-4daf-a0b2-314048234b4c;167
Yes, I consent to participate;35-44;Male;Corporate/salaried professional;;Gwarimpa;;Yes, through my employer;;None of the above;0.0;0.0;0.0;0.0;0.0;0.0;0.0;0.0;0.0;0.0;0.0;0.0;1.0;0.0;0.0;;;;I have never used any medical laboratory;0.0;0.0;0.0;0.0;0.0;0.0;0.0;0.0;0.0;0.0;0.0;0.0;0.0;1.0;;Doctor's referral for a specific test;;I go to whichever laboratory my HMO covers;0.0;1.0;0.0;0.0;0.0;0.0;0.0;0.0;0.0;;;;;;;;;;;;;;About the same;About the same;I cannot compare;About the same;About the same;I cannot compare;About the same;My doctor or HMO recommended a different laboratory I moved to a new area;0.0;0.0;0.0;0.0;1.0;1.0;0.0;;Price is important but not the most important factor;Below ₦20,000;Receive via WhatsApp;Book through a mobile app;;No;;799875389;c47c1ea3-c92f-4f6e-bf2e-bf882a82e31d;2026-07-16T10:12:25;submitted_via_web;vcuMVyHEmtj3KUokEUBV7q;uuid:c47c1ea3-c92f-4f6e-bf2e-bf882a82e31d;168
Yes, I consent to participate;55 and above;Male;Other (please specify);Retiree;Wuse;;Yes, through my employer;Wuse District hospital;None of the above;0.0;0.0;0.0;0.0;0.0;0.0;0.0;0.0;0.0;0.0;0.0;0.0;1.0;0.0;0.0;;;;I have never used any medical laboratory;0.0;0.0;0.0;0.0;0.0;0.0;0.0;0.0;0.0;0.0;0.0;0.0;0.0;1.0;;Pre-employment medical;;I choose based on proximity to my home or workplace;0.0;0.0;1.0;0.0;0.0;0.0;0.0;0.0;0.0;;;;;;;;;;;;;;I cannot compare;I cannot compare;I cannot compare;I cannot compare;I cannot compare;Better;Worse;I was dissatisfied with the quality or accuracy of results;0.0;0.0;1.0;0.0;0.0;0.0;0.0;;Price is important but not the most important factor;Below ₦20,000;Collect physical copy from the laboratory;I have no preference;No;Yes;;797599291;4dff0ec5-74f0-4b6b-8594-5195a2b63148;2026-07-18T21:31:31;submitted_via_web;vcuMVyHEmtj3KUokEUBV7q;uuid:4dff0ec5-74f0-4b6b-8594-5195a2b63148;169
Yes, I consent to participate;35-44;Male;Corporate/salaried professional;;Gwarimpa;;Yes, through my employer;;None of the above;0.0;0.0;0.0;0.0;0.0;0.0;0.0;0.0;0.0;0.0;0.0;0.0;1.0;0.0;0.0;;;;Other (please specify);0.0;0.0;0.0;0.0;0.0;0.0;0.0;0.0;0.0;0.0;0.0;1.0;0.0;0.0;;Doctor's referral for a specific test;;I go to whichever laboratory my HMO covers;0.0;1.0;0.0;0.0;0.0;0.0;0.0;0.0;0.0;;;;;;;;;;;;;;Much better;Better;Better;I cannot compare;Better;Much better;Better;I moved to a new area;0.0;0.0;0.0;0.0;0.0;1.0;0.0;;Price matters but quality comes first;I would not purchase this type of package;Receive via email;Book online through a website;No;No;;796143540;1ed20b47-48d9-4842-8f1f-1c7e0976c7dc;2026-07-15T18:59:19;submitted_via_web;vcuMVyHEmtj3KUokEUBV7q;uuid:1ed20b47-48d9-4842-8f1f-1c7e0976c7dc;170
Yes, I consent to participate;35-44;;Healthcare professional;;Wuse;;Yes, through my employer;;SYNLAB Nigeria APIN Medical Laboratory and Diagnostics Lifebridge Medical Diagnostics e-Clinic & Diagnostics;1.0;0.0;0.0;0.0;0.0;0.0;0.0;0.0;1.0;1.0;0.0;1.0;0.0;0.0;0.0;;I passed by a SYNLAB location;;SYNLAB Nigeria APIN Medical Laboratory and Diagnostics Lifebridge Medical Diagnostics e-Clinic & Diagnostics;1.0;0.0;0.0;0.0;0.0;0.0;0.0;1.0;1.0;0.0;1.0;0.0;0.0;0.0;;Routine health check;;I choose based on proximity to my home or workplace I choose based on the laboratory's reputation;0.0;0.0;1.0;0.0;0.0;0.0;0.0;1.0;0.0;;5- Excellent;9.0;My experience;Very satisfied;Satisfied;Very satisfied;Satisfied;Very satisfied;Satisfied;Did not experience this;Very satisfied;;Much better;Better;Much better;About the same;Better;About the same;I cannot compare;I moved to a new area;0.0;0.0;0.0;0.0;0.0;1.0;0.0;;Price matters but quality comes first;₦20,000-50,000;Collect physical copy from the laboratory;Call the laboratory directly;;Yes;;800051953;8d1d912a-e60d-4ea9-99ea-93a38e0ec25f;2026-07-23T13:59:42;submitted_via_web;vcuMVyHEmtj3KUokEUBV7q;uuid:8d1d912a-e60d-4ea9-99ea-93a38e0ec25f;171
Yes, I consent to participate;45-54;Male;Self-employed/business owner;;Gwarimpa;;Yes, I pay for it personally;SYNLAB Nigeria;SYNLAB Nigeria;1.0;0.0;0.0;0.0;0.0;0.0;0.0;0.0;0.0;0.0;0.0;0.0;0.0;0.0;0.0;;Recommendation from a friend or family member;;SYNLAB Nigeria;1.0;0.0;0.0;0.0;0.0;0.0;0.0;0.0;0.0;0.0;0.0;0.0;0.0;0.0;;Routine health check;;I go to whichever laboratory my doctor recommends;1.0;0.0;0.0;0.0;0.0;0.0;0.0;0.0;0.0;;4 - Good;6.0;They are still growing and getting recognized in Nigeria;Very satisfied;Very satisfied;Very satisfied;Very satisfied;Neutral;Satisfied;Neutral;Neutral;SYNLAB Nigeria they are affordable;Much better;Much better;Much better;Better;Better;Much better;Much better;The previous laboratory was inconvenient to access;0.0;1.0;0.0;0.0;0.0;0.0;0.0;;Price matters but quality comes first;₦50,000-100,000;Access through an online patient portal or app;Walk in without an appointment;We need more of your lab worldwide;Yes;;798435658;87584c8a-a6e9-43a3-a84f-b81ddf7775ad;2026-07-19T23:09:34;submitted_via_web;vcuMVyHEmtj3KUokEUBV7q;uuid:87584c8a-a6e9-43a3-a84f-b81ddf7775ad;172
Yes, I consent to participate;25-34;Female;Self-employed/business owner;;Gwagwalada;;Yes, I pay for it personally;Eco lab;Firmcare Diagnostics;0.0;0.0;0.0;0.0;0.0;0.0;1.0;0.0;0.0;0.0;0.0;0.0;0.0;0.0;1.0;;;;Other (please specify);0.0;0.0;0.0;0.0;0.0;0.0;0.0;0.0;0.0;0.0;0.0;1.0;1.0;0.0;No;Doctor's referral for a specific test;;I ask friends or family for a recommendation;0.0;0.0;0.0;0.0;0.0;1.0;0.0;0.0;0.0;;;;;;;;;;;;;Eco lab is okay i did all my lab test and scan there;Much better;Much better;Much better;Much better;Much better;Much better;Much better;My doctor or HMO recommended a different laboratory;0.0;0.0;0.0;0.0;1.0;0.0;0.0;;Price matters but quality comes first;₦20,000-50,000;Access through an online patient portal or app;Walk in without an appointment;No;Yes;;798869936;3827f5dc-2c7e-44ad-9200-ea48ae4814cd;2026-07-20T23:11:52;submitted_via_web;vcuMVyHEmtj3KUokEUBV7q;uuid:3827f5dc-2c7e-44ad-9200-ea48ae4814cd;173
Yes, I consent to participate;25-34;Female;Civil servant;;Gwarimpa;;Yes, through my employer;SYNLAB;SYNLAB Nigeria;1.0;0.0;0.0;0.0;0.0;0.0;0.0;0.0;0.0;0.0;0.0;0.0;0.0;0.0;0.0;;Recommendation from a doctor or healthcare professional;;Other (please specify);0.0;0.0;0.0;0.0;0.0;0.0;0.0;0.0;0.0;0.0;0.0;1.0;0.0;0.0;Vinca hospital laboratory;Doctor's referral for a specific test;;I go to whichever laboratory my HMO covers;0.0;1.0;0.0;0.0;0.0;0.0;0.0;0.0;0.0;;4 - Good;8.0;I have never used SYNLAB, I ONLY HEARD THEY ARE GOOD;;;;;;;;;;I cannot compare;I cannot compare;I cannot compare;I cannot compare;I cannot compare;I cannot compare;I cannot compare;My doctor or HMO recommended a different laboratory;0.0;0.0;0.0;0.0;1.0;0.0;0.0;;Price matters but quality comes first;₦20,000-50,000;Collect physical copy from the laboratory;Call the laboratory directly;;Yes;;798789825;c14bd481-6041-45ac-ac97-f1c0fe2b5e23;2026-07-20T18:33:27;submitted_via_web;vcuMVyHEmtj3KUokEUBV7q;uuid:c14bd481-6041-45ac-ac97-f1c0fe2b5e23;174
Yes, I consent to participate;35-44;Male;Corporate/salaried professional;;Gwarimpa;;Yes, through my employer;;None of the above;0.0;0.0;0.0;0.0;0.0;0.0;0.0;0.0;0.0;0.0;0.0;0.0;1.0;0.0;0.0;;;;I have never used any medical laboratory;0.0;0.0;0.0;0.0;0.0;0.0;0.0;0.0;0.0;0.0;0.0;0.0;0.0;1.0;;Doctor's referral for a specific test;;I go to whichever laboratory my HMO covers;0.0;1.0;0.0;0.0;0.0;0.0;0.0;0.0;0.0;;;;;;;;;;;;;;About the same;About the same;I cannot compare;About the same;About the same;I cannot compare;About the same;My doctor or HMO recommended a different laboratory I moved to a new area;0.0;0.0;0.0;0.0;1.0;1.0;0.0;;Price is important but not the most important factor;Below ₦20,000;Receive via WhatsApp;Book through a mobile app;;No;;798099652;4909f4ed-4d42-459f-aaa5-0a6464fb4488;2026-07-16T08:24:52;submitted_via_web;vcuMVyHEmtj3KUokEUBV7q;uuid:4909f4ed-4d42-459f-aaa5-0a6464fb4488;175
Yes, I consent to participate;35-44;Female;Student;;Asokoro;;I am not sure;LUTH;None of the above;0.0;0.0;0.0;0.0;0.0;0.0;0.0;0.0;0.0;0.0;0.0;0.0;1.0;0.0;0.0;;;;I have never used any medical laboratory;0.0;0.0;0.0;0.0;0.0;0.0;0.0;0.0;0.0;0.0;0.0;0.0;0.0;1.0;;Routine health check;;I choose based on price;0.0;0.0;0.0;0.0;0.0;0.0;1.0;0.0;0.0;;;;;;;;;;;;;Federal University of lafia clinic;Better;About the same;Better;Worse;Better;Better;About the same;The previous laboratory was too expensive;1.0;0.0;0.0;0.0;0.0;0.0;0.0;;Price matters but quality comes first;₦20,000-50,000;Receive via email;Call the laboratory directly;No;Yes;sharonuwakwe1@gmail.com;798029465;b0cf1f11-1fbf-4cbb-85e9-3f9a56b8ca10;2026-07-21T23:34:19;submitted_via_web;vcuMVyHEmtj3KUokEUBV7q;uuid:b0cf1f11-1fbf-4cbb-85e9-3f9a56b8ca10;176
Yes, I consent to participate;35-44;Male;Self-employed/business owner;;Asokoro;;No, I pay out of pocket;Healthscan;LAB360;0.0;0.0;0.0;0.0;0.0;0.0;0.0;1.0;0.0;0.0;0.0;0.0;0.0;0.0;0.0;;;;LAB360;0.0;0.0;0.0;0.0;0.0;0.0;1.0;0.0;0.0;0.0;0.0;0.0;0.0;0.0;;Doctor's referral for a specific test;;I go to whichever laboratory my doctor recommends;1.0;0.0;0.0;0.0;0.0;0.0;0.0;0.0;0.0;;;;;;;;;;;;;Healthscan;Better;Much better;About the same;About the same;Better;Better;Better;The previous laboratory was too expensive;1.0;0.0;0.0;0.0;0.0;0.0;0.0;;Price matters but quality comes first;₦20,000-50,000;Receive via WhatsApp;Call the laboratory directly;More awareness needed for recognition;Yes;;799177172;9278e05b-d33b-4a99-afad-6371a9f6754d;2026-07-15T16:08:07;submitted_via_web;vcuMVyHEmtj3KUokEUBV7q;uuid:9278e05b-d33b-4a99-afad-6371a9f6754d;177
Yes, I consent to participate;35-44;Female;Self-employed/business owner;;Wuse;;Yes, I pay for it personally;;SYNLAB Nigeria;1.0;0.0;0.0;0.0;0.0;0.0;0.0;0.0;0.0;0.0;0.0;0.0;0.0;0.0;0.0;;Recommendation from a friend or family member;;SYNLAB Nigeria Lifebridge Medical Diagnostics;1.0;0.0;0.0;0.0;0.0;0.0;0.0;0.0;1.0;0.0;0.0;0.0;0.0;0.0;;Routine health check;;I choose based on proximity to my home or workplace;0.0;0.0;1.0;0.0;0.0;0.0;0.0;0.0;0.0;;3- Neutral;5.0;;Satisfied;Satisfied;Neutral;Satisfied;Very satisfied;Satisfied;Satisfied;Satisfied;Synlab;Better;Better;About the same;About the same;Better;About the same;Better;The previous laboratory was inconvenient to access;0.0;1.0;0.0;0.0;0.0;0.0;0.0;;Price matters but quality comes first;₦50,000-100,000;Access through an online patient portal or app;Book through a mobile app;;Yes;;799521927;cf6cb4c4-34c3-4c93-b349-1ef5fc74f3b4;2026-07-22T09:32:07;submitted_via_web;vcuMVyHEmtj3KUokEUBV7q;uuid:cf6cb4c4-34c3-4c93-b349-1ef5fc74f3b4;178
Yes, I consent to participate;35-44;Female;Civil servant;;Gwagwalada;;Yes, through my employer;Health care  scan;Lifebridge Medical Diagnostics;0.0;0.0;0.0;0.0;0.0;0.0;0.0;0.0;0.0;1.0;0.0;0.0;0.0;0.0;0.0;;;;Lifebridge Medical Diagnostics;0.0;0.0;0.0;0.0;0.0;0.0;0.0;0.0;1.0;0.0;0.0;0.0;0.0;0.0;;Doctor's referral for a specific test;;I go to whichever laboratory my doctor recommends;1.0;0.0;0.0;0.0;0.0;0.0;0.0;0.0;0.0;;;;;;;;;;;;;Health care , very affordable;Better;Better;Better;Better;Better;Better;Better;I was dissatisfied with the quality or accuracy of results;0.0;0.0;1.0;0.0;0.0;0.0;0.0;;Price is important but not the most important factor;₦20,000-50,000;Collect physical copy from the laboratory;Walk in without an appointment;;Yes;;799913270;fda1e502-e2d2-4b34-b5c0-7f8b492e591c;2026-07-23T01:38:51;submitted_via_web;vcuMVyHEmtj3KUokEUBV7q;uuid:fda1e502-e2d2-4b34-b5c0-7f8b492e591c;179
Yes, I consent to participate;45-54;Female;Civil servant;;Gwagwalada;;Yes, through my employer;Gwagwalada specialist;SYNLAB Nigeria;1.0;0.0;0.0;0.0;0.0;0.0;0.0;0.0;0.0;0.0;0.0;0.0;0.0;0.0;0.0;;Recommendation from a friend or family member;;SYNLAB Nigeria;1.0;0.0;0.0;0.0;0.0;0.0;0.0;0.0;0.0;0.0;0.0;0.0;0.0;0.0;;Doctor's referral for a specific test;;I go to whichever laboratory my doctor recommends;1.0;0.0;0.0;0.0;0.0;0.0;0.0;0.0;0.0;;1- Very poor;9.0;Aside their services they are also friendly.;Very satisfied;Satisfied;Satisfied;Satisfied;Satisfied;Neutral;Very satisfied;Neutral;Same hospital.;Much better;Much better;Much better;Much better;Much better;Much better;Much better;I moved to a new area;0.0;0.0;0.0;0.0;0.0;1.0;0.0;;Price matters but quality comes first;₦100,000-200,000;Receive via WhatsApp;Call the laboratory directly;;Yes;;799533382;d4319084-d088-493b-8ddf-f7e5f869f4c7;2026-07-23T10:06:34;submitted_via_web;vcuMVyHEmtj3KUokEUBV7q;uuid:d4319084-d088-493b-8ddf-f7e5f869f4c7;180
Yes, I consent to participate;35-44;Female;Civil servant;;Gwagwalada;;Yes, through my employer;LAB360;LAB360;0.0;0.0;0.0;0.0;0.0;0.0;0.0;1.0;0.0;0.0;0.0;0.0;0.0;0.0;0.0;;;;LAB360;0.0;0.0;0.0;0.0;0.0;0.0;1.0;0.0;0.0;0.0;0.0;0.0;0.0;0.0;;Insurance or HMO requirement;;I go to whichever laboratory my HMO covers;0.0;1.0;0.0;0.0;0.0;0.0;0.0;0.0;0.0;;;;;;;;;;;;;;I cannot compare;I cannot compare;I cannot compare;I cannot compare;Better;Better;Better;I moved to a new area;0.0;0.0;0.0;0.0;0.0;1.0;0.0;;Price is not a significant factor in my decision;₦20,000-50,000;Collect physical copy from the laboratory;Book through my HMO or employer's portal;;No;;797855856;47eab59e-8b89-42cc-92ae-29f5aa576e96;2026-07-18T09:24:05;submitted_via_web;vcuMVyHEmtj3KUokEUBV7q;uuid:47eab59e-8b89-42cc-92ae-29f5aa576e96;181
Yes, I consent to participate;45-54;Male;Corporate/salaried professional;;Gwarimpa;;No, I pay out of pocket;;SYNLAB Nigeria Afriglobal Medicare Clinix LAB360;1.0;0.0;0.0;1.0;1.0;0.0;0.0;1.0;0.0;0.0;0.0;0.0;0.0;0.0;0.0;;I passed by a SYNLAB location;;I have never used any medical laboratory;0.0;0.0;0.0;0.0;0.0;0.0;0.0;0.0;0.0;0.0;0.0;0.0;0.0;1.0;;;;I go to whichever laboratory my HMO covers;0.0;1.0;0.0;0.0;0.0;0.0;0.0;0.0;0.0;;4 - Good;9.0;Because they attend to patients instantly;;;;;;;;;;Much better;Much better;Much better;Better;Much better;Better;Better;I moved to a new area;0.0;0.0;0.0;0.0;0.0;1.0;0.0;;;₦20,000-50,000;Receive via email;Book through my HMO or employer's portal;;No;;797099554;8878a6e6-ae4b-4b17-8ac4-f8ab05f1f348;2026-07-22T18:24:25;submitted_via_web;vcuMVyHEmtj3KUokEUBV7q;uuid:8878a6e6-ae4b-4b17-8ac4-f8ab05f1f348;182
Yes, I consent to participate;35-44;Male;Civil servant;;Asokoro;;Yes, through my employer;Healthwise;Clinix;0.0;0.0;0.0;0.0;1.0;0.0;0.0;0.0;0.0;0.0;0.0;0.0;0.0;0.0;0.0;;;;Lifebridge Medical Diagnostics;0.0;0.0;0.0;0.0;0.0;0.0;0.0;0.0;1.0;0.0;0.0;0.0;0.0;0.0;;Routine health check;;I choose based on the laboratory's reputation;0.0;0.0;0.0;0.0;0.0;0.0;0.0;1.0;0.0;;;;;;;;;;;;;;Better;Much better;About the same;Better;Better;Much better;Much better;I was dissatisfied with the customer service;0.0;0.0;0.0;1.0;0.0;0.0;0.0;;Price matters but quality comes first;₦100,000-200,000;Access through an online patient portal or app;Book through a mobile app;;No;;798138435;90ae0dca-440b-4f1e-beac-ae2074018f2f;2026-07-17T22:08:03;submitted_via_web;vcuMVyHEmtj3KUokEUBV7q;uuid:90ae0dca-440b-4f1e-beac-ae2074018f2f;183
Yes, I consent to participate;35-44;Male;Healthcare professional;;Kubwa;;Yes, through my employer;Eco scan;SYNLAB Nigeria Lifebridge Medical Diagnostics;1.0;0.0;0.0;0.0;0.0;0.0;0.0;0.0;0.0;1.0;0.0;0.0;0.0;0.0;1.0;;I passed by a SYNLAB location;;SYNLAB Nigeria Lifebridge Medical Diagnostics e-Clinic & Diagnostics;1.0;0.0;0.0;0.0;0.0;0.0;0.0;0.0;1.0;0.0;1.0;0.0;0.0;0.0;;Routine health check;;I go to whichever laboratory my HMO covers I choose based on proximity to my home or workplace;0.0;1.0;1.0;0.0;0.0;0.0;0.0;0.0;0.0;;3- Neutral;5.0;Indifferent;Neutral;Neutral;Neutral;Satisfied;Satisfied;Neutral;Neutral;Neutral;My Hospital;Better;About the same;About the same;About the same;Better;About the same;About the same;My doctor or HMO recommended a different laboratory I moved to a new area;0.0;0.0;0.0;0.0;1.0;1.0;0.0;;Price matters but quality comes first;₦20,000-50,000;I have no preference;I have no preference;Improvement;Yes;;799426872;3e70b337-0ef6-423c-91b6-9c5751c97a11;2026-07-17T05:17:08;submitted_via_web;vcuMVyHEmtj3KUokEUBV7q;uuid:3e70b337-0ef6-423c-91b6-9c5751c97a11;184
Yes, I consent to participate;18-24;Female;Unemployed;;Gwarimpa;;No, I pay out of pocket;Health scan;SYNLAB Nigeria;1.0;0.0;0.0;0.0;0.0;0.0;0.0;0.0;0.0;0.0;0.0;0.0;0.0;0.0;0.0;;I passed by a SYNLAB location;;SYNLAB Nigeria;1.0;0.0;0.0;0.0;0.0;0.0;0.0;0.0;0.0;0.0;0.0;0.0;0.0;0.0;;Monitoring an existing health condition;;I choose based on the laboratory's reputation;0.0;0.0;0.0;0.0;0.0;0.0;0.0;1.0;0.0;;5- Excellent;8.0;Because they give the best medical test;Very satisfied;Very satisfied;Very satisfied;Very satisfied;Very satisfied;Very satisfied;Very satisfied;Very satisfied;Synlab Nigeria;Much better;Much better;Much better;Much better;Much better;Much better;Much better;I moved to a new area;0.0;0.0;0.0;0.0;0.0;1.0;0.0;;Price is important but not the most important factor;Below ₦20,000;Receive via email;Book through a mobile app;No;Yes;;799501086;e8a8e35d-9e61-4441-a63f-f9cefb3ff5b9;2026-07-22T08:50:28;submitted_via_web;vcuMVyHEmtj3KUokEUBV7q;uuid:e8a8e35d-9e61-4441-a63f-f9cefb3ff5b9;185
Yes, I consent to participate;35-44;Male;Corporate/salaried professional;;Jabi;;No, I pay out of pocket;Synlab;SYNLAB Nigeria Mecure Healthcare AMCE (African Medical Centre of Excellence);1.0;0.0;1.0;0.0;0.0;1.0;0.0;0.0;0.0;0.0;0.0;0.0;0.0;0.0;0.0;;I passed by a SYNLAB location;;SYNLAB Nigeria Mecure Healthcare;1.0;0.0;1.0;0.0;0.0;0.0;0.0;0.0;0.0;0.0;0.0;0.0;0.0;0.0;;Routine health check;;I choose based on previous experience;0.0;0.0;0.0;1.0;0.0;0.0;0.0;0.0;0.0;;4 - Good;10.0;Because I've done my background check and as well tested it.;Very satisfied;Very satisfied;Very satisfied;Very satisfied;Very satisfied;Very satisfied;Very satisfied;Very satisfied;Synlab because their services are topnotch.;Much better;Much better;Much better;Much better;Much better;Much better;Much better;The previous laboratory was inconvenient to access;0.0;1.0;0.0;0.0;0.0;0.0;0.0;;Price matters but quality comes first;₦20,000-50,000;Receive via email;I have no preference;;Yes;Uchennanjoku445@gmail.com;798234793;a7197248-49a2-4103-82f8-3e359352e7e8;2026-07-17T13:16:52;submitted_via_web;vcuMVyHEmtj3KUokEUBV7q;uuid:a7197248-49a2-4103-82f8-3e359352e7e8;186
Yes, I consent to participate;18-24;Female;Self-employed/business owner;;Gwagwalada;;Yes, I pay for it personally;Clinix;Clinix;0.0;0.0;0.0;0.0;1.0;0.0;0.0;0.0;0.0;0.0;0.0;0.0;0.0;0.0;0.0;;;;Clinix;0.0;0.0;0.0;0.0;1.0;0.0;0.0;0.0;0.0;0.0;0.0;0.0;0.0;0.0;;Routine health check;;I ask friends or family for a recommendation;0.0;0.0;0.0;0.0;0.0;1.0;0.0;0.0;0.0;;;;;;;;;;;;;Clinix;Much better;Much better;Much better;Much better;Much better;Much better;Much better;The previous laboratory was too expensive;1.0;0.0;0.0;0.0;0.0;0.0;0.0;;Price matters but quality comes first;Below ₦20,000;Collect physical copy from the laboratory;I have no preference;No;Yes;;796664603;1f169e1c-d2aa-4a6e-9427-a01aaca2d62f;2026-07-17T12:16:50;submitted_via_web;vcuMVyHEmtj3KUokEUBV7q;uuid:1f169e1c-d2aa-4a6e-9427-a01aaca2d62f;187
Yes, I consent to participate;35-44;Male;Self-employed/business owner;;Wuse;;;SYNLAB Nigeria;SYNLAB Nigeria;1.0;0.0;0.0;0.0;0.0;0.0;0.0;0.0;0.0;0.0;0.0;0.0;0.0;0.0;0.0;;Advertisement - television, radio or outdoor;;SYNLAB Nigeria;1.0;0.0;0.0;0.0;0.0;0.0;0.0;0.0;0.0;0.0;0.0;0.0;0.0;0.0;;Monitoring an existing health condition;;I go to whichever laboratory my doctor recommends;1.0;0.0;0.0;0.0;0.0;0.0;0.0;0.0;0.0;;4 - Good;7.0;They are good;Satisfied;Neutral;;Very satisfied;;Neutral;;Satisfied;SYNLAB their work is nice;Better;Better;Better;Better;Much better;Much better;Much better;The previous laboratory was too expensive;1.0;0.0;0.0;0.0;0.0;0.0;0.0;;Price is important but not the most important factor;₦100,000-200,000;Collect physical copy from the laboratory;Walk in without an appointment;I like ur good work;Yes;;796216739;4a88cb32-8eec-432c-89a8-4357ea9af277;2026-07-23T10:05:44;submitted_via_web;vcuMVyHEmtj3KUokEUBV7q;uuid:4a88cb32-8eec-432c-89a8-4357ea9af277;188
Yes, I consent to participate;35-44;Female;Self-employed/business owner;;Gwagwalada;;No, I pay out of pocket;;Lifebridge Medical Diagnostics;0.0;0.0;0.0;0.0;0.0;0.0;0.0;0.0;0.0;1.0;0.0;0.0;0.0;0.0;0.0;;;;Lifebridge Medical Diagnostics;0.0;0.0;0.0;0.0;0.0;0.0;0.0;0.0;1.0;0.0;0.0;0.0;0.0;0.0;;Doctor's referral for a specific test;;I choose based on price;0.0;0.0;0.0;0.0;0.0;0.0;1.0;0.0;0.0;;;;;;;;;;;;;None i go to any one my doctor say;Much better;Much better;Better;Better;Much better;About the same;Much better;I was dissatisfied with the customer service;0.0;0.0;0.0;1.0;0.0;0.0;0.0;;Price matters but quality comes first;₦20,000-50,000;Collect physical copy from the laboratory;Walk in without an appointment;;Yes;;799476513;19cc500d-5d1d-4def-9844-bf470b70b590;2026-07-21T02:15:02;submitted_via_web;vcuMVyHEmtj3KUokEUBV7q;uuid:19cc500d-5d1d-4def-9844-bf470b70b590;189
Yes, I consent to participate;35-44;Female;Civil servant;;Gwagwalada;;No, I pay out of pocket;;None of the above;0.0;0.0;0.0;0.0;0.0;0.0;0.0;0.0;0.0;0.0;0.0;0.0;1.0;0.0;0.0;;;;I have never used any medical laboratory;0.0;0.0;0.0;0.0;0.0;0.0;0.0;0.0;0.0;0.0;0.0;0.0;0.0;1.0;;Doctor's referral for a specific test;;I go to whichever laboratory my doctor recommends;1.0;0.0;0.0;0.0;0.0;0.0;0.0;0.0;0.0;;;;;;;;;;;;;;I cannot compare;I cannot compare;I cannot compare;I cannot compare;I cannot compare;I cannot compare;I cannot compare;The previous laboratory was too expensive;1.0;0.0;0.0;0.0;0.0;0.0;0.0;;Price matters but quality comes first;Below ₦20,000;Collect physical copy from the laboratory;Walk in without an appointment;;Yes;;797010775;c5aeee54-abd2-4a18-9318-bd8f27b01da4;2026-07-20T10:24:55;submitted_via_web;vcuMVyHEmtj3KUokEUBV7q;uuid:c5aeee54-abd2-4a18-9318-bd8f27b01da4;190
Yes, I consent to participate;35-44;Male;Civil servant;;Gwarimpa;;Yes, through my employer;SYNLAB Nigeria;SYNLAB Nigeria;1.0;0.0;0.0;0.0;0.0;0.0;0.0;0.0;0.0;0.0;0.0;0.0;0.0;0.0;0.0;;Referred by my HMO or employer;;SYNLAB Nigeria;1.0;0.0;0.0;0.0;0.0;0.0;0.0;0.0;0.0;0.0;0.0;0.0;0.0;0.0;;Routine health check;;;;;;;;;;;;;5- Excellent;9.0;They are good with their job;Very satisfied;Very satisfied;Very satisfied;Very satisfied;Neutral;Very satisfied;Very satisfied;Very satisfied;SYNLAB Nigeria they are just the best;Much better;Much better;Much better;Much better;Better;Much better;Much better;My doctor or HMO recommended a different laboratory;0.0;0.0;0.0;0.0;1.0;0.0;0.0;;Price matters but quality comes first;₦50,000-100,000;I have no preference;Walk in without an appointment;Keep been the best;Yes;;799290541;2f2be49d-9d7e-411e-99e5-989fac08cbe5;2026-07-22T01:14:09;submitted_via_web;vcuMVyHEmtj3KUokEUBV7q;uuid:2f2be49d-9d7e-411e-99e5-989fac08cbe5;191
Yes, I consent to participate;35-44;Male;Self-employed/business owner;;Kubwa;;No, I pay out of pocket;Nhis;SYNLAB Nigeria;1.0;0.0;0.0;0.0;0.0;0.0;0.0;0.0;0.0;0.0;0.0;0.0;0.0;0.0;0.0;;Recommendation from a friend or family member;;SYNLAB Nigeria;1.0;0.0;0.0;0.0;0.0;0.0;0.0;0.0;0.0;0.0;0.0;0.0;0.0;0.0;;Routine health check;;;;;;;;;;;;;3- Neutral;5.0;;Satisfied;Satisfied;Satisfied;Satisfied;Satisfied;Satisfied;Satisfied;Neutral;;Better;Better;About the same;Better;Much better;Much better;Better;My doctor or HMO recommended a different laboratory;0.0;0.0;0.0;0.0;1.0;0.0;0.0;;Price matters but quality comes first;₦50,000-100,000;Access through an online patient portal or app;Book online through a website;;Yes;;796659723;97f44d1b-d82a-4195-b584-1d47862c1ed4;2026-07-20T01:46:30;submitted_via_web;vcuMVyHEmtj3KUokEUBV7q;uuid:97f44d1b-d82a-4195-b584-1d47862c1ed4;192
Yes, I consent to participate;35-44;Male;Civil servant;;Wuse;;Yes, through my employer;Eclinic;e-Clinic & Diagnostics;0.0;0.0;0.0;0.0;0.0;0.0;0.0;0.0;0.0;0.0;0.0;1.0;0.0;0.0;0.0;;;;e-Clinic & Diagnostics;0.0;0.0;0.0;0.0;0.0;0.0;0.0;0.0;0.0;0.0;1.0;0.0;0.0;0.0;;Monitoring an existing health condition;;I choose based on proximity to my home or workplace;0.0;0.0;1.0;0.0;0.0;0.0;0.0;0.0;0.0;;;;;;;;;;;;;Synlab;Much better;Much better;Much better;I cannot compare;Better;Much better;Better;My doctor or HMO recommended a different laboratory;0.0;0.0;0.0;0.0;1.0;0.0;0.0;;Price matters but quality comes first;₦50,000-100,000;Access through an online patient portal or app;Walk in without an appointment;Low cost driver me;Yes;;798710471;deaa93e1-dc13-47ab-a4d5-04b6d51b323a;2026-07-19T08:33:46;submitted_via_web;vcuMVyHEmtj3KUokEUBV7q;uuid:deaa93e1-dc13-47ab-a4d5-04b6d51b323a;193
Yes, I consent to participate;35-44;Male;Self-employed/business owner;;Lugbe;;Yes, through my employer;Boraxe;Lifebridge Medical Diagnostics;0.0;0.0;0.0;0.0;0.0;0.0;0.0;0.0;0.0;1.0;0.0;0.0;0.0;0.0;0.0;;;;Lifebridge Medical Diagnostics;0.0;0.0;0.0;0.0;0.0;0.0;0.0;0.0;1.0;0.0;0.0;0.0;0.0;0.0;;Routine health check;;I choose based on proximity to my home or workplace;0.0;0.0;1.0;0.0;0.0;0.0;0.0;0.0;0.0;;;;;;;;;;;;;Lifebridge, because of equipment and service delivery;Much better;Much better;Much better;About the same;Much better;Much better;Much better;I moved to a new area;0.0;0.0;0.0;0.0;0.0;1.0;0.0;;Price is not a significant factor in my decision;₦20,000-50,000;Receive via WhatsApp;Book online through a website;Synlab can do more ro be notice, like CSR involvement;Yes;;797655592;ff0d4439-93a7-423c-adeb-6d804dd20d7b;2026-07-19T07:07:34;submitted_via_web;vcuMVyHEmtj3KUokEUBV7q;uuid:ff0d4439-93a7-423c-adeb-6d804dd20d7b;194
Yes, I consent to participate;35-44;Female;Self-employed/business owner;;Asokoro;;No, I pay out of pocket;Synlab;SYNLAB Nigeria Clinix;1.0;0.0;0.0;0.0;1.0;0.0;0.0;0.0;0.0;0.0;0.0;0.0;0.0;0.0;0.0;;Recommendation from a friend or family member;;e-Clinic & Diagnostics;0.0;0.0;0.0;0.0;0.0;0.0;0.0;0.0;0.0;0.0;1.0;0.0;0.0;0.0;;;;I choose based on previous experience I ask friends or family for a recommendation;0.0;0.0;0.0;1.0;0.0;1.0;0.0;0.0;0.0;;4 - Good;8.0;They are active and gives the best;;;;;;;;;Synlab;Better;Better;Better;Better;Better;Better;Better;My doctor or HMO recommended a different laboratory;0.0;0.0;0.0;0.0;1.0;0.0;0.0;;;Below ₦20,000;Collect physical copy from the laboratory;Call the laboratory directly;No;Yes;;798533478;3adb37da-35f4-4e85-8552-2b5ab4e3e92a;2026-07-22T10:37:42;submitted_via_web;vcuMVyHEmtj3KUokEUBV7q;uuid:3adb37da-35f4-4e85-8552-2b5ab4e3e92a;195
Yes, I consent to participate;35-44;Female;Self-employed/business owner;;Wuse;;No, I pay out of pocket;;SYNLAB Nigeria e-Clinic & Diagnostics;1.0;0.0;0.0;0.0;0.0;0.0;0.0;0.0;0.0;0.0;0.0;1.0;0.0;0.0;0.0;;I passed by a SYNLAB location;;SYNLAB Nigeria;1.0;0.0;0.0;0.0;0.0;0.0;0.0;0.0;0.0;0.0;0.0;0.0;0.0;0.0;;Routine health check;;I choose based on proximity to my home or workplace;0.0;0.0;1.0;0.0;0.0;0.0;0.0;0.0;0.0;;4 - Good;8.0;;Satisfied;Very satisfied;Satisfied;Satisfied;Satisfied;Satisfied;Very satisfied;Satisfied;;About the same;Better;Better;About the same;Better;Much better;Much better;I moved to a new area;0.0;0.0;0.0;0.0;0.0;1.0;0.0;;Price is not a significant factor in my decision;₦50,000-100,000;Collect physical copy from the laboratory;Call the laboratory directly;;Yes;;799525663;7ec4d8b5-edef-41dd-a902-06b25de07a78;2026-07-22T09:38:17;submitted_via_web;vcuMVyHEmtj3KUokEUBV7q;uuid:7ec4d8b5-edef-41dd-a902-06b25de07a78;196
Yes, I consent to participate;25-34;Female;Civil servant;;Asokoro;;Yes, through my employer;Echo scan and lab;None of the above;0.0;0.0;0.0;0.0;0.0;0.0;0.0;0.0;0.0;0.0;0.0;0.0;1.0;0.0;1.0;;;;I have never used any medical laboratory;0.0;0.0;0.0;0.0;0.0;0.0;0.0;0.0;0.0;0.0;0.0;0.0;0.0;1.0;;Doctor's referral for a specific test;;I go to whichever laboratory my doctor recommends I choose based on proximity to my home or workplace;1.0;0.0;1.0;0.0;0.0;0.0;0.0;0.0;0.0;;;;;;;;;;;;;;;;;;;;;;;;;;;;;;;;;;;;;797113642;08cd61f6-3485-42f6-ab1e-1a1d2e206143;2026-07-18T08:40:16;submitted_via_web;vcuMVyHEmtj3KUokEUBV7q;uuid:08cd61f6-3485-42f6-ab1e-1a1d2e206143;197
Yes, I consent to participate;25-34;Female;Unemployed;;Gwarimpa;;I am not sure;;Afriglobal Medicare;0.0;0.0;0.0;1.0;0.0;0.0;0.0;0.0;0.0;0.0;0.0;0.0;0.0;0.0;0.0;;;;Afriglobal Medicare;0.0;0.0;0.0;1.0;0.0;0.0;0.0;0.0;0.0;0.0;0.0;0.0;0.0;0.0;;Monitoring an existing health condition;;I choose based on price;0.0;0.0;0.0;0.0;0.0;0.0;1.0;0.0;0.0;;;;;;;;;;;;;;Better;Better;Better;Better;Better;Better;Better;I was dissatisfied with the customer service;0.0;0.0;0.0;1.0;0.0;0.0;0.0;;Price is important but not the most important factor;Below ₦20,000;I have no preference;I have no preference;;Yes;;799762746;2266d4d0-0928-47e8-8e49-5ce83797c9a9;2026-07-22T19:41:07;submitted_via_web;vcuMVyHEmtj3KUokEUBV7q;uuid:2266d4d0-0928-47e8-8e49-5ce83797c9a9;198
Yes, I consent to participate;35-44;Male;Corporate/salaried professional;;Asokoro;;Yes, through my employer;Synlab;SYNLAB Nigeria;1.0;0.0;0.0;0.0;0.0;0.0;0.0;0.0;0.0;0.0;0.0;0.0;0.0;0.0;0.0;;Social media;;I have never used any medical laboratory;0.0;0.0;0.0;0.0;0.0;0.0;0.0;0.0;0.0;0.0;0.0;0.0;0.0;1.0;;Other (please specify);;I ask friends or family for a recommendation;0.0;0.0;0.0;0.0;0.0;1.0;0.0;0.0;0.0;;4 - Good;3.0;Thoughts;;;;;;;;;;Better;Better;Better;Better;Better;Better;Better;I moved to a new area;0.0;0.0;0.0;0.0;0.0;1.0;0.0;;Price is not a significant factor in my decision;₦20,000-50,000;Access through an online patient portal or app;Book online through a website;;No;;798005350;89a3289f-804e-422d-8e42-cf8475188562;2026-07-18T08:11:30;submitted_via_web;vcuMVyHEmtj3KUokEUBV7q;uuid:89a3289f-804e-422d-8e42-cf8475188562;199
Yes, I consent to participate;45-54;Female;Civil servant;;Kubwa;;Yes, through my employer;Synlab;SYNLAB Nigeria Lifebridge Medical Diagnostics;1.0;0.0;0.0;0.0;0.0;0.0;0.0;0.0;0.0;1.0;0.0;0.0;0.0;0.0;0.0;;Recommendation from a friend or family member;;SYNLAB Nigeria Lifebridge Medical Diagnostics;1.0;0.0;0.0;0.0;0.0;0.0;0.0;0.0;1.0;0.0;0.0;0.0;0.0;0.0;;Doctor's referral for a specific test;;I go to whichever laboratory my HMO covers;0.0;1.0;0.0;0.0;0.0;0.0;0.0;0.0;0.0;;3- Neutral;6.0;Neutral;Dissatisfied;Neutral;Satisfied;Satisfied;Satisfied;Very satisfied;Did not experience this;Neutral;No preference;About the same;Better;Much better;About the same;Better;Better;Better;My doctor or HMO recommended a different laboratory;0.0;0.0;0.0;0.0;1.0;0.0;0.0;;Price matters but quality comes first;₦20,000-50,000;Access through an online patient portal or app;Walk in without an appointment;Not really;Yes;;797314449;1f7072fb-16db-4b09-86d8-92819561aa05;2026-07-18T03:23:21;submitted_via_web;vcuMVyHEmtj3KUokEUBV7q;uuid:1f7072fb-16db-4b09-86d8-92819561aa05;200
Yes, I consent to participate;35-44;Female;Healthcare professional;;Wuse;;Yes, through my employer;;SYNLAB Nigeria;1.0;0.0;0.0;0.0;0.0;0.0;0.0;0.0;0.0;0.0;0.0;0.0;0.0;0.0;0.0;;Recommendation from a doctor or healthcare professional;;SYNLAB Nigeria Firmcare Diagnostics e-Clinic & Diagnostics Other (please specify);1.0;0.0;0.0;0.0;0.0;1.0;0.0;0.0;0.0;0.0;1.0;1.0;1.0;0.0;Echolab;Doctor's referral for a specific test;;I go to whichever laboratory my HMO covers;0.0;1.0;0.0;0.0;0.0;0.0;0.0;0.0;0.0;;5- Excellent;10.0;Reliable result;Very satisfied;Satisfied;Satisfied;Very satisfied;Satisfied;Very satisfied;Dissatisfied;Neutral;;Better;I cannot compare;Much better;Much worse;Better;Much better;I cannot compare;The previous laboratory was too expensive;1.0;0.0;0.0;0.0;0.0;0.0;0.0;;Price is important but not the most important factor;₦50,000-100,000;Receive via WhatsApp;Call the laboratory directly;The price is becoming unbearable;No;;797073610;8356384a-a9fd-4f06-9fb8-cda0bbf3657b;2026-07-18T06:30:21;submitted_via_web;vcuMVyHEmtj3KUokEUBV7q;uuid:8356384a-a9fd-4f06-9fb8-cda0bbf3657b;201
Yes, I consent to participate;45-54;Male;Other (please specify);Retiree;Wuse;;Yes, through my employer;Wuse District hospital;None of the above;0.0;0.0;0.0;0.0;0.0;0.0;0.0;0.0;0.0;0.0;0.0;0.0;1.0;0.0;0.0;;;;I have never used any medical laboratory;0.0;0.0;0.0;0.0;0.0;0.0;0.0;0.0;0.0;0.0;0.0;0.0;0.0;1.0;;Pre-employment medical;;I choose based on proximity to my home or workplace;0.0;0.0;1.0;0.0;0.0;0.0;0.0;0.0;0.0;;;;;;;;;;;;;;I cannot compare;I cannot compare;I cannot compare;I cannot compare;I cannot compare;Better;Worse;I was dissatisfied with the quality or accuracy of results;0.0;0.0;1.0;0.0;0.0;0.0;0.0;;Price is important but not the most important factor;Below ₦20,000;Collect physical copy from the laboratory;I have no preference;No;Yes;;799997611;a215f696-4702-41c4-8403-186bfb05d687;2026-07-16T03:35:04;submitted_via_web;vcuMVyHEmtj3KUokEUBV7q;uuid:a215f696-4702-41c4-8403-186bfb05d687;202
Yes, I consent to participate;35-44;Female;Civil servant;;Gwarimpa;;Yes, through my employer;;SYNLAB Nigeria;1.0;0.0;0.0;0.0;0.0;0.0;0.0;0.0;0.0;0.0;0.0;0.0;0.0;0.0;0.0;;Recommendation from a doctor or healthcare professional;;I have never used any medical laboratory;0.0;0.0;0.0;0.0;0.0;0.0;0.0;0.0;0.0;0.0;0.0;0.0;0.0;1.0;;Routine health check;;I go to whichever laboratory my HMO covers;0.0;1.0;0.0;0.0;0.0;0.0;0.0;0.0;0.0;;5- Excellent;10.0;;;;;;;;;;;Much better;Much better;Much better;About the same;Better;About the same;;My doctor or HMO recommended a different laboratory;0.0;0.0;0.0;0.0;1.0;0.0;0.0;;;;Collect physical copy from the laboratory;Walk in without an appointment;;Yes;;799986602;93fb2c25-8b69-4eb3-b613-b88429ed557d;2026-07-16T07:08:15;submitted_via_web;vcuMVyHEmtj3KUokEUBV7q;uuid:93fb2c25-8b69-4eb3-b613-b88429ed557d;203
Yes, I consent to participate;35-44;Female;Student;;Asokoro;;No, I pay out of pocket;SYNLAB Nigeria;SYNLAB Nigeria;1.0;0.0;0.0;0.0;0.0;0.0;0.0;0.0;0.0;0.0;0.0;0.0;0.0;0.0;0.0;;Recommendation from a friend or family member;;SYNLAB Nigeria;1.0;0.0;0.0;0.0;0.0;0.0;0.0;0.0;0.0;0.0;0.0;0.0;0.0;0.0;;Routine health check;;I choose based on proximity to my home or workplace;0.0;0.0;1.0;0.0;0.0;0.0;0.0;0.0;0.0;;4 - Good;8.0;Cause they are very good with their work;Satisfied;Neutral;Very satisfied;Satisfied;Very satisfied;Very satisfied;Satisfied;Satisfied;SYNLAB Nigeria;Better;Better;Much better;Better;Much better;Much better;I cannot compare;The previous laboratory was too expensive;1.0;0.0;0.0;0.0;0.0;0.0;0.0;;Price is important but not the most important factor;₦100,000-200,000;Collect physical copy from the laboratory;Book online through a website;;Yes;;799268964;51683080-3e0f-48ee-9015-f2660176c92e;2026-07-19T08:48:48;submitted_via_web;vcuMVyHEmtj3KUokEUBV7q;uuid:51683080-3e0f-48ee-9015-f2660176c92e;204
Yes, I consent to participate;35-44;Male;Civil servant;;Gwagwalada;;Yes, through my employer;;Firmcare Diagnostics;0.0;0.0;0.0;0.0;0.0;0.0;1.0;0.0;0.0;0.0;0.0;0.0;0.0;0.0;0.0;;;;Firmcare Diagnostics;0.0;0.0;0.0;0.0;0.0;1.0;0.0;0.0;0.0;0.0;0.0;0.0;0.0;0.0;;Insurance or HMO requirement;;I go to whichever laboratory my HMO covers;0.0;1.0;0.0;0.0;0.0;0.0;0.0;0.0;0.0;;;;;;;;;;;;;;Much better;Much better;Much better;Much better;Much better;Much better;Much better;My doctor or HMO recommended a different laboratory;0.0;0.0;0.0;0.0;1.0;0.0;0.0;;Price matters but quality comes first;₦20,000-50,000;Receive via email;Book through a mobile app;;Yes;;796626861;883bd65f-3d60-4084-b6f6-29f3b23d2c3e;2026-07-19T08:55:34;submitted_via_web;vcuMVyHEmtj3KUokEUBV7q;uuid:883bd65f-3d60-4084-b6f6-29f3b23d2c3e;205
Yes, I consent to participate;45-54;Male;Self-employed/business owner;;Kubwa;;No, I pay out of pocket;Eco scan;SYNLAB Nigeria e-Clinic & Diagnostics;1.0;0.0;0.0;0.0;0.0;0.0;0.0;0.0;0.0;0.0;0.0;1.0;0.0;0.0;1.0;;Recommendation from a friend or family member;;SYNLAB Nigeria e-Clinic & Diagnostics;1.0;0.0;0.0;0.0;0.0;0.0;0.0;0.0;0.0;0.0;1.0;0.0;0.0;0.0;;Doctor's referral for a specific test;;I go to whichever laboratory my doctor recommends I choose based on proximity to my home or workplace;1.0;0.0;1.0;0.0;0.0;0.0;0.0;0.0;0.0;;4 - Good;6.0;My view;Satisfied;Satisfied;Satisfied;Neutral;Satisfied;Satisfied;Neutral;Satisfied;Indifferent;About the same;Better;About the same;About the same;Better;About the same;About the same;My doctor or HMO recommended a different laboratory;0.0;0.0;0.0;0.0;1.0;0.0;0.0;;Price is important but not the most important factor;₦20,000-50,000;Access through an online patient portal or app;Walk in without an appointment;Non;Yes;;798106032;f6db6e25-604f-46f8-9b2b-c0c3998db6fc;2026-07-18T11:22:00;submitted_via_web;vcuMVyHEmtj3KUokEUBV7q;uuid:f6db6e25-604f-46f8-9b2b-c0c3998db6fc;206
Yes, I consent to participate;18-24;Female;Healthcare professional;;Gwagwalada;;No, I pay out of pocket;;SYNLAB Nigeria;1.0;0.0;0.0;0.0;0.0;0.0;0.0;0.0;0.0;0.0;0.0;0.0;0.0;0.0;0.0;;Referred by my HMO or employer;;Afriglobal Medicare;0.0;0.0;0.0;1.0;0.0;0.0;0.0;0.0;0.0;0.0;0.0;0.0;0.0;0.0;;Monitoring an existing health condition;;I choose based on previous experience;0.0;0.0;0.0;1.0;0.0;0.0;0.0;0.0;0.0;;3- Neutral;6.0;;;;;;;;;;;Better;Better;Better;Better;Much better;Better;Better;I was dissatisfied with the quality or accuracy of results;0.0;0.0;1.0;0.0;0.0;0.0;0.0;;Price matters but quality comes first;Below ₦20,000;Collect physical copy from the laboratory;I have no preference;;Yes;;796678933;a0c28237-899f-4174-a2ec-9808146ca9f2;2026-07-17T12:44:01;submitted_via_web;vcuMVyHEmtj3KUokEUBV7q;uuid:a0c28237-899f-4174-a2ec-9808146ca9f2;207
Yes, I consent to participate;45-54;Male;Healthcare professional;;Others;Makurdi;No, I pay out of pocket;Synlab;SYNLAB Nigeria APIN Medical Laboratory and Diagnostics;1.0;0.0;0.0;0.0;0.0;0.0;0.0;0.0;1.0;0.0;0.0;0.0;0.0;0.0;0.0;;I passed by a SYNLAB location;;SYNLAB Nigeria;1.0;0.0;0.0;0.0;0.0;0.0;0.0;0.0;0.0;0.0;0.0;0.0;0.0;0.0;;Monitoring an existing health condition;;I choose based on previous experience I choose based on the laboratory's reputation;0.0;0.0;0.0;1.0;0.0;0.0;0.0;1.0;0.0;;5- Excellent;10.0;Excellent results;Satisfied;Very satisfied;Very satisfied;Satisfied;Very satisfied;Very satisfied;Very satisfied;Satisfied;Synlab all day because they are professional and quality all day;Much better;I cannot compare;I cannot compare;About the same;Much better;Much better;I cannot compare;I was dissatisfied with the quality or accuracy of results;0.0;0.0;1.0;0.0;0.0;0.0;0.0;;;₦20,000-50,000;Receive via WhatsApp;I have no preference;The portal for downloading results works well, however there is no WhatsApp channel to download results this would greatly enhance the patient experience.;Yes;terwaseanyiman@gmail.com;796266472;1e0db16f-9822-49fa-85b1-fb5ddd6bf88b;2026-07-20T23:23:07;submitted_via_web;vcuMVyHEmtj3KUokEUBV7q;uuid:1e0db16f-9822-49fa-85b1-fb5ddd6bf88b;208
Yes, I consent to participate;35-44;Male;Self-employed/business owner;;Lugbe;;Yes, through my employer;Boraxe;Lifebridge Medical Diagnostics;0.0;0.0;0.0;0.0;0.0;0.0;0.0;0.0;0.0;1.0;0.0;0.0;0.0;0.0;0.0;;;;Lifebridge Medical Diagnostics;0.0;0.0;0.0;0.0;0.0;0.0;0.0;0.0;1.0;0.0;0.0;0.0;0.0;0.0;;Routine health check;;I choose based on proximity to my home or workplace;0.0;0.0;1.0;0.0;0.0;0.0;0.0;0.0;0.0;;;;;;;;;;;;;Lifebridge, because of equipment and service delivery;Much better;Much better;Much better;About the same;Much better;Much better;Much better;I moved to a new area;0.0;0.0;0.0;0.0;0.0;1.0;0.0;;Price is not a significant factor in my decision;₦20,000-50,000;Receive via WhatsApp;Book online through a website;Synlab can do more ro be notice, like CSR involvement;Yes;;798274606;238b6440-58d4-4e01-b306-655f64cdd2d1;2026-07-19T22:57:26;submitted_via_web;vcuMVyHEmtj3KUokEUBV7q;uuid:238b6440-58d4-4e01-b306-655f64cdd2d1;209
Yes, I consent to participate;45-54;Male;Self-employed/business owner;;Gwarimpa;;Yes, I pay for it personally;SYNLAB Nigeria;SYNLAB Nigeria;1.0;0.0;0.0;0.0;0.0;0.0;0.0;0.0;0.0;0.0;0.0;0.0;0.0;0.0;0.0;;Recommendation from a friend or family member;;SYNLAB Nigeria;1.0;0.0;0.0;0.0;0.0;0.0;0.0;0.0;0.0;0.0;0.0;0.0;0.0;0.0;;Routine health check;;I go to whichever laboratory my doctor recommends;1.0;0.0;0.0;0.0;0.0;0.0;0.0;0.0;0.0;;4 - Good;6.0;They are still growing and getting recognized in Nigeria;Very satisfied;Very satisfied;Very satisfied;Very satisfied;Neutral;Satisfied;Neutral;Neutral;SYNLAB Nigeria they are affordable;Much better;Much better;Much better;Better;Better;Much better;Much better;The previous laboratory was inconvenient to access;0.0;1.0;0.0;0.0;0.0;0.0;0.0;;Price matters but quality comes first;₦50,000-100,000;Access through an online patient portal or app;Walk in without an appointment;We need more of your lab worldwide;Yes;;797600844;0db15902-6934-48c6-9bb9-35e41d8e75d9;2026-07-16T11:44:39;submitted_via_web;vcuMVyHEmtj3KUokEUBV7q;uuid:0db15902-6934-48c6-9bb9-35e41d8e75d9;210
Yes, I consent to participate;35-44;Female;Healthcare professional;;Gwagwalada;;Yes, through my employer;My hospital have a lab;Lifebridge Medical Diagnostics;0.0;0.0;0.0;0.0;0.0;0.0;0.0;0.0;0.0;1.0;0.0;0.0;0.0;0.0;0.0;;;;Lifebridge Medical Diagnostics;0.0;0.0;0.0;0.0;0.0;0.0;0.0;0.0;1.0;0.0;0.0;0.0;0.0;0.0;;Routine health check;;I go to whichever laboratory my HMO covers;0.0;1.0;0.0;0.0;0.0;0.0;0.0;0.0;0.0;;;;;;;;;;;;;Lifebridge;Much better;Much better;Much better;Much better;Much better;Much better;Much better;Other (please specify);0.0;0.0;0.0;0.0;0.0;0.0;1.0;No;Price matters but quality comes first;₦20,000-50,000;Access through an online patient portal or app;Call the laboratory directly;;Yes;;798870816;ff7900dc-42ac-4049-be2c-21a328eae91f;2026-07-20T23:19:41;submitted_via_web;vcuMVyHEmtj3KUokEUBV7q;uuid:ff7900dc-42ac-4049-be2c-21a328eae91f;211
Yes, I consent to participate;35-44;Male;Student;;Asokoro;;Yes, through my employer;Aliance hospital;None of the above;0.0;0.0;0.0;0.0;0.0;0.0;0.0;0.0;0.0;0.0;0.0;0.0;1.0;0.0;0.0;;;;I have never used any medical laboratory;0.0;0.0;0.0;0.0;0.0;0.0;0.0;0.0;0.0;0.0;0.0;0.0;0.0;1.0;;Doctor's referral for a specific test;;I go to whichever laboratory my doctor recommends;1.0;0.0;0.0;0.0;0.0;0.0;0.0;0.0;0.0;;;;;;;;;;;;;;Much better;Better;Better;Better;Better;Better;Better;;;;;;;;;;Price matters but quality comes first;Below ₦20,000;Collect physical copy from the laboratory;Book online through a website;;Yes;saiduu473@gmail.com;799639004;201a076a-3ea0-4ba4-8a45-d4461c707dea;2026-07-15T22:47:08;submitted_via_web;vcuMVyHEmtj3KUokEUBV7q;uuid:201a076a-3ea0-4ba4-8a45-d4461c707dea;212
Yes, I consent to participate;35-44;Male;Student;;Asokoro;;I am not sure;Nha;None of the above;0.0;0.0;0.0;0.0;0.0;0.0;0.0;0.0;0.0;0.0;0.0;0.0;1.0;0.0;0.0;;;;I have never used any medical laboratory;0.0;0.0;0.0;0.0;0.0;0.0;0.0;0.0;0.0;0.0;0.0;0.0;0.0;1.0;;Routine health check;;I go to whichever laboratory my doctor recommends;1.0;0.0;0.0;0.0;0.0;0.0;0.0;0.0;0.0;;;;;;;;;;;;;They care;Better;Better;Much better;Much better;Better;Much better;About the same;I moved to a new area;0.0;0.0;0.0;0.0;0.0;1.0;0.0;;Price is important but not the most important factor;Below ₦20,000;Receive via email;Walk in without an appointment;Nice;No;;796800780;7f970100-b5d8-4600-8745-1b8589e12a4f;2026-07-23T10:40:11;submitted_via_web;vcuMVyHEmtj3KUokEUBV7q;uuid:7f970100-b5d8-4600-8745-1b8589e12a4f;213
Yes, I consent to participate;45-54;Male;Corporate/salaried professional;;Gwarimpa;;No, I pay out of pocket;;SYNLAB Nigeria Afriglobal Medicare Clinix LAB360;1.0;0.0;0.0;1.0;1.0;0.0;0.0;1.0;0.0;0.0;0.0;0.0;0.0;0.0;0.0;;I passed by a SYNLAB location;;I have never used any medical laboratory;0.0;0.0;0.0;0.0;0.0;0.0;0.0;0.0;0.0;0.0;0.0;0.0;0.0;1.0;;;;I go to whichever laboratory my HMO covers;0.0;1.0;0.0;0.0;0.0;0.0;0.0;0.0;0.0;;4 - Good;9.0;Because they attend to patients instantly;;;;;;;;;;Much better;Much better;Much better;Better;Much better;Better;Better;I moved to a new area;0.0;0.0;0.0;0.0;0.0;1.0;0.0;;;₦20,000-50,000;Receive via email;Book through my HMO or employer's portal;;No;;797833309;714164a6-c2fe-4739-8a70-12c0b0b651e4;2026-07-16T01:49:24;submitted_via_web;vcuMVyHEmtj3KUokEUBV7q;uuid:714164a6-c2fe-4739-8a70-12c0b0b651e4;214
Yes, I consent to participate;35-44;Female;Civil servant;;Others;Nyanya Area A last road;Yes, I pay for it personally;Gaskiya medical laboratory;Other (please specify);0.0;0.0;0.0;0.0;0.0;0.0;0.0;0.0;0.0;0.0;0.0;0.0;0.0;1.0;0.0;;;;SYNLAB Nigeria;1.0;0.0;0.0;0.0;0.0;0.0;0.0;0.0;0.0;0.0;0.0;0.0;0.0;0.0;;Insurance or HMO requirement;;Other (please specify);0.0;0.0;0.0;0.0;0.0;0.0;0.0;0.0;1.0;;;;;Neutral;Neutral;Neutral;Dissatisfied;Neutral;Very dissatisfied;Very dissatisfied;Very dissatisfied;;Better;Much better;Much better;Better;Worse;Much worse;Much worse;I moved to a new area;0.0;0.0;0.0;0.0;0.0;1.0;0.0;;Price matters but quality comes first;₦20,000-50,000;Collect physical copy from the laboratory;Book through my HMO or employer's portal;;Yes;;798868408;aba16200-1722-4816-93fe-24f31f6bc73d;2026-07-20T09:37:45;submitted_via_web;vcuMVyHEmtj3KUokEUBV7q;uuid:aba16200-1722-4816-93fe-24f31f6bc73d;215
Yes, I consent to participate;35-44;Male;Civil servant;;Wuse;;No, I pay out of pocket;SYNLAB Nigeria;SYNLAB Nigeria;1.0;0.0;0.0;0.0;0.0;0.0;0.0;0.0;0.0;0.0;0.0;0.0;0.0;0.0;0.0;;Recommendation from a doctor or healthcare professional;;SYNLAB Nigeria;1.0;0.0;0.0;0.0;0.0;0.0;0.0;0.0;0.0;0.0;0.0;0.0;0.0;0.0;;Monitoring an existing health condition;;I choose based on proximity to my home or workplace;0.0;0.0;1.0;0.0;0.0;0.0;0.0;0.0;0.0;;3- Neutral;9.0;;Neutral;Very satisfied;Very satisfied;;Satisfied;Very satisfied;Neutral;Satisfied;SYNLAB Nigeria;Better;Better;Better;Much better;Better;Much better;Better;I was dissatisfied with the quality or accuracy of results;0.0;0.0;1.0;0.0;0.0;0.0;0.0;;Price matters but quality comes first;₦20,000-50,000;Receive via WhatsApp;Walk in without an appointment;I love ur codinition;Yes;;798318978;231845a4-7a68-45d4-8d51-bf188c3607c5;2026-07-16T00:58:49;submitted_via_web;vcuMVyHEmtj3KUokEUBV7q;uuid:231845a4-7a68-45d4-8d51-bf188c3607c5;216
Yes, I consent to participate;35-44;Female;Civil servant;;Gwarimpa;;Yes, through my employer;;None of the above;0.0;0.0;0.0;0.0;0.0;0.0;0.0;0.0;0.0;0.0;0.0;0.0;1.0;0.0;0.0;;;;Other (please specify);0.0;0.0;0.0;0.0;0.0;0.0;0.0;0.0;0.0;0.0;0.0;1.0;0.0;0.0;No;Doctor's referral for a specific test;;Other (please specify);0.0;0.0;0.0;0.0;0.0;0.0;0.0;0.0;1.0;My hospital have a laboratory;;;;;;;;;;;;Nisa garki lab, because that is the hospital for my Nhis;Better;Better;Much better;Better;Better;I cannot compare;Much better;Other (please specify);0.0;0.0;0.0;0.0;0.0;0.0;1.0;No;Price matters but quality comes first;Below ₦20,000;Receive via email;Walk in without an appointment;;Yes;;796288456;d58099e4-2708-4a87-a6ac-040062e2f127;2026-07-15T17:08:53;submitted_via_web;vcuMVyHEmtj3KUokEUBV7q;uuid:d58099e4-2708-4a87-a6ac-040062e2f127;217
Yes, I consent to participate;35-44;Female;Healthcare professional;;Gwarimpa;;Yes, through my employer;Synlab Nigeria;SYNLAB Nigeria Clina Lancet Mecure Healthcare Afriglobal Medicare AMCE (African Medical Centre of Excellence) Firmcare Diagnostics LAB360 APIN Medical Laboratory and Diagnostics Lifebridge Medical Diagnostics e-Clinic & Diagnostics;1.0;1.0;1.0;1.0;0.0;1.0;1.0;1.0;1.0;1.0;0.0;1.0;0.0;0.0;0.0;;Recommendation from a doctor or healthcare professional;;SYNLAB Nigeria;1.0;0.0;0.0;0.0;0.0;0.0;0.0;0.0;0.0;0.0;0.0;0.0;0.0;0.0;;Doctor's referral for a specific test;;I go to whichever laboratory my doctor recommends I choose based on previous experience;1.0;0.0;0.0;1.0;0.0;0.0;0.0;0.0;0.0;;4 - Good;6.0;It's trying it's best to be the best;Satisfied;Satisfied;Satisfied;Neutral;Satisfied;Satisfied;Satisfied;Neutral;I prefer Zankli Laboratory bcos I work there and already used to the work environment and the are doing well.;About the same;About the same;About the same;About the same;About the same;About the same;About the same;My doctor or HMO recommended a different laboratory;0.0;0.0;0.0;0.0;1.0;0.0;0.0;;Price matters but quality comes first;₦100,000-200,000;Access through an online patient portal or app;Call the laboratory directly;They should continue to improve cos there are rooms for improvements;No;;796564071;87c08811-6874-44db-aecb-c71b82116cd6;2026-07-20T13:50:04;submitted_via_web;vcuMVyHEmtj3KUokEUBV7q;uuid:87c08811-6874-44db-aecb-c71b82116cd6;218
Yes, I consent to participate;35-44;Male;Healthcare professional;;Kubwa;;Yes, through my employer;Eco scan;SYNLAB Nigeria Lifebridge Medical Diagnostics;1.0;0.0;0.0;0.0;0.0;0.0;0.0;0.0;0.0;1.0;0.0;0.0;0.0;0.0;1.0;;I passed by a SYNLAB location;;SYNLAB Nigeria Lifebridge Medical Diagnostics e-Clinic & Diagnostics;1.0;0.0;0.0;0.0;0.0;0.0;0.0;0.0;1.0;0.0;1.0;0.0;0.0;0.0;;Routine health check;;I go to whichever laboratory my HMO covers I choose based on proximity to my home or workplace;0.0;1.0;1.0;0.0;0.0;0.0;0.0;0.0;0.0;;3- Neutral;5.0;Indifferent;Neutral;Neutral;Neutral;Satisfied;Satisfied;Neutral;Neutral;Neutral;My Hospital;Better;About the same;About the same;About the same;Better;About the same;About the same;My doctor or HMO recommended a different laboratory I moved to a new area;0.0;0.0;0.0;0.0;1.0;1.0;0.0;;Price matters but quality comes first;₦20,000-50,000;I have no preference;I have no preference;Improvement;Yes;;796673044;831e1b0d-bac8-4dcc-ba84-6e302a8b8ef8;2026-07-20T21:18:48;submitted_via_web;vcuMVyHEmtj3KUokEUBV7q;uuid:831e1b0d-bac8-4dcc-ba84-6e302a8b8ef8;219
Yes, I consent to participate;35-44;Female;Unemployed;;Asokoro;;No, I pay out of pocket;No idea;APIN Medical Laboratory and Diagnostics;0.0;0.0;0.0;0.0;0.0;0.0;0.0;0.0;1.0;0.0;0.0;0.0;0.0;0.0;0.0;;;;I have never used any medical laboratory;0.0;0.0;0.0;0.0;0.0;0.0;0.0;0.0;0.0;0.0;0.0;0.0;0.0;1.0;;Doctor's referral for a specific test;;I search online for options I ask friends or family for a recommendation;0.0;0.0;0.0;0.0;1.0;1.0;0.0;0.0;0.0;;;;;;;;;;;;;;I cannot compare;About the same;About the same;About the same;About the same;About the same;About the same;I was dissatisfied with the quality or accuracy of results;0.0;0.0;1.0;0.0;0.0;0.0;0.0;;Price is important but not the most important factor;Below ₦20,000;Access through an online patient portal or app;Book online through a website;No;No;;796304615;fc268344-4962-4429-945d-ab31f138cac6;2026-07-22T15:27:06;submitted_via_web;vcuMVyHEmtj3KUokEUBV7q;uuid:fc268344-4962-4429-945d-ab31f138cac6;220
Yes, I consent to participate;35-44;Female;Civil servant;;Gwarimpa;;Yes, through my employer;;None of the above;0.0;0.0;0.0;0.0;0.0;0.0;0.0;0.0;0.0;0.0;0.0;0.0;1.0;0.0;0.0;;;;Other (please specify);0.0;0.0;0.0;0.0;0.0;0.0;0.0;0.0;0.0;0.0;0.0;1.0;0.0;0.0;No;Doctor's referral for a specific test;;Other (please specify);0.0;0.0;0.0;0.0;0.0;0.0;0.0;0.0;1.0;My hospital have a laboratory;;;;;;;;;;;;Nisa garki lab, because that is the hospital for my Nhis;Better;Better;Much better;Better;Better;I cannot compare;Much better;Other (please specify);0.0;0.0;0.0;0.0;0.0;0.0;1.0;No;Price matters but quality comes first;Below ₦20,000;Receive via email;Walk in without an appointment;;Yes;;796976031;7f4f27f4-b3e9-4915-9312-cd5d1f401efb;2026-07-17T02:41:49;submitted_via_web;vcuMVyHEmtj3KUokEUBV7q;uuid:7f4f27f4-b3e9-4915-9312-cd5d1f401efb;221
Yes, I consent to participate;18-24;Female;Student;;Gwagwalada;;Yes, I pay for it personally;e-clinic and diagnostic;Lifebridge Medical Diagnostics e-Clinic & Diagnostics;0.0;0.0;0.0;0.0;0.0;0.0;0.0;0.0;0.0;1.0;0.0;1.0;0.0;0.0;0.0;;;;e-Clinic & Diagnostics;0.0;0.0;0.0;0.0;0.0;0.0;0.0;0.0;0.0;0.0;1.0;0.0;0.0;0.0;;Doctor's referral for a specific test;;I go to whichever laboratory my doctor recommends;1.0;0.0;0.0;0.0;0.0;0.0;0.0;0.0;0.0;;;;;;;;;;;;;;Much better;Much better;Much better;Much better;Much better;Much better;Much better;The previous laboratory was too expensive;1.0;0.0;0.0;0.0;0.0;0.0;0.0;;Price matters but quality comes first;₦20,000-50,000;Access through an online patient portal or app;Book online through a website;;Yes;;796143259;4f03bb34-954b-4d50-bd86-7c43c1b3e33a;2026-07-15T18:57:27;submitted_via_web;vcuMVyHEmtj3KUokEUBV7q;uuid:4f03bb34-954b-4d50-bd86-7c43c1b3e33a;222
Yes, I consent to participate;35-44;Female;Civil servant;;Gwagwalada;;Yes, through my employer;Health care  scan;Lifebridge Medical Diagnostics;0.0;0.0;0.0;0.0;0.0;0.0;0.0;0.0;0.0;1.0;0.0;0.0;0.0;0.0;0.0;;;;Lifebridge Medical Diagnostics;0.0;0.0;0.0;0.0;0.0;0.0;0.0;0.0;1.0;0.0;0.0;0.0;0.0;0.0;;Doctor's referral for a specific test;;I go to whichever laboratory my doctor recommends;1.0;0.0;0.0;0.0;0.0;0.0;0.0;0.0;0.0;;;;;;;;;;;;;Health care , very affordable;Better;Better;Better;Better;Better;Better;Better;I was dissatisfied with the quality or accuracy of results;0.0;0.0;1.0;0.0;0.0;0.0;0.0;;Price is important but not the most important factor;₦20,000-50,000;Collect physical copy from the laboratory;Walk in without an appointment;;Yes;;797832465;a66c0c11-aa53-4bc6-9ab8-e2ecc8ccd6a4;2026-07-16T02:07:52;submitted_via_web;vcuMVyHEmtj3KUokEUBV7q;uuid:a66c0c11-aa53-4bc6-9ab8-e2ecc8ccd6a4;223
Yes, I consent to participate;25-34;Female;Self-employed/business owner;;Wuse;;No, I pay out of pocket;SYNLAB Nigeria;SYNLAB Nigeria;1.0;0.0;0.0;0.0;0.0;0.0;0.0;0.0;0.0;0.0;0.0;0.0;0.0;0.0;0.0;;I passed by a SYNLAB location;;SYNLAB Nigeria;1.0;0.0;0.0;0.0;0.0;0.0;0.0;0.0;0.0;0.0;0.0;0.0;0.0;0.0;;Pre-employment medical;;I choose based on proximity to my home or workplace;0.0;0.0;1.0;0.0;0.0;0.0;0.0;0.0;0.0;;4 - Good;8.0;They know their job;Satisfied;Satisfied;Very satisfied;Satisfied;Satisfied;Very satisfied;Satisfied;Satisfied;SYNLAB Nigeria it was easy to locate were it was;Better;Much better;Better;Better;Much better;Much better;Better;I moved to a new area;0.0;0.0;0.0;0.0;0.0;1.0;0.0;;Price is important but not the most important factor;₦100,000-200,000;Access through an online patient portal or app;Walk in without an appointment;;Yes;;799422147;1738f6ae-0264-4f4c-8f57-76ff08efa7f3;2026-07-22T05:37:51;submitted_via_web;vcuMVyHEmtj3KUokEUBV7q;uuid:1738f6ae-0264-4f4c-8f57-76ff08efa7f3;224
Yes, I consent to participate;35-44;Female;Civil servant;;Gwagwalada;;Yes, through my employer;LAB360;LAB360;0.0;0.0;0.0;0.0;0.0;0.0;0.0;1.0;0.0;0.0;0.0;0.0;0.0;0.0;0.0;;;;LAB360;0.0;0.0;0.0;0.0;0.0;0.0;1.0;0.0;0.0;0.0;0.0;0.0;0.0;0.0;;Insurance or HMO requirement;;I go to whichever laboratory my HMO covers;0.0;1.0;0.0;0.0;0.0;0.0;0.0;0.0;0.0;;;;;;;;;;;;;;I cannot compare;I cannot compare;I cannot compare;I cannot compare;Better;Better;Better;I moved to a new area;0.0;0.0;0.0;0.0;0.0;1.0;0.0;;Price is not a significant factor in my decision;₦20,000-50,000;Collect physical copy from the laboratory;Book through my HMO or employer's portal;;No;;797045439;a39f3598-4cab-4509-87ee-1e901823d6d8;2026-07-17T10:56:49;submitted_via_web;vcuMVyHEmtj3KUokEUBV7q;uuid:a39f3598-4cab-4509-87ee-1e901823d6d8;225
Yes, I consent to participate;35-44;Female;Civil servant;;Others;Nyanya Area A last road;Yes, I pay for it personally;Gaskiya medical laboratory;Other (please specify);0.0;0.0;0.0;0.0;0.0;0.0;0.0;0.0;0.0;0.0;0.0;0.0;0.0;1.0;0.0;;;;SYNLAB Nigeria;1.0;0.0;0.0;0.0;0.0;0.0;0.0;0.0;0.0;0.0;0.0;0.0;0.0;0.0;;Insurance or HMO requirement;;Other (please specify);0.0;0.0;0.0;0.0;0.0;0.0;0.0;0.0;1.0;;;;;Neutral;Neutral;Neutral;Dissatisfied;Neutral;Very dissatisfied;Very dissatisfied;Very dissatisfied;;Better;Much better;Much better;Better;Worse;Much worse;Much worse;I moved to a new area;0.0;0.0;0.0;0.0;0.0;1.0;0.0;;Price matters but quality comes first;₦20,000-50,000;Collect physical copy from the laboratory;Book through my HMO or employer's portal;;Yes;;799238145;25dad3fa-e809-4215-b6d9-f57a729a1dc7;2026-07-17T20:05:22;submitted_via_web;vcuMVyHEmtj3KUokEUBV7q;uuid:25dad3fa-e809-4215-b6d9-f57a729a1dc7;226
Yes, I consent to participate;35-44;Male;Self-employed/business owner;;Asokoro;;Yes, I pay for it personally;Ecolab;SYNLAB Nigeria;1.0;0.0;0.0;0.0;0.0;0.0;0.0;0.0;0.0;0.0;0.0;0.0;0.0;0.0;1.0;;Social media;;SYNLAB Nigeria;1.0;0.0;0.0;0.0;0.0;0.0;0.0;0.0;0.0;0.0;0.0;0.0;0.0;0.0;;Monitoring an existing health condition;;I ask friends or family for a recommendation;0.0;0.0;0.0;0.0;0.0;1.0;0.0;0.0;0.0;;3- Neutral;4.0;;Neutral;Neutral;Neutral;Neutral;Neutral;Satisfied;Satisfied;Neutral;;Better;Better;Much better;Better;Much better;I cannot compare;Much better;The previous laboratory was too expensive;1.0;0.0;0.0;0.0;0.0;0.0;0.0;;Price matters but quality comes first;Above ₦200,000;Collect physical copy from the laboratory;Walk in without an appointment;;Yes;;796640659;9de7978c-28ca-4598-9b4a-f1191cad05e3;2026-07-21T22:32:24;submitted_via_web;vcuMVyHEmtj3KUokEUBV7q;uuid:9de7978c-28ca-4598-9b4a-f1191cad05e3;227
Yes, I consent to participate;35-44;Female;Corporate/salaried professional;;Asokoro;;No, I pay out of pocket;sure health laboratory and diagnostic limited;SYNLAB Nigeria Other (please specify);1.0;0.0;0.0;0.0;0.0;0.0;0.0;0.0;0.0;0.0;0.0;0.0;0.0;1.0;0.0;sure Health Laboratory and Diagnostic limited;Recommendation from a friend or family member;;Other (please specify);0.0;0.0;0.0;0.0;0.0;0.0;0.0;0.0;0.0;0.0;0.0;1.0;0.0;0.0;sure health laboratory;Doctor's referral for a specific test;;I go to whichever laboratory my doctor recommends;1.0;0.0;0.0;0.0;0.0;0.0;0.0;0.0;0.0;;4 - Good;5.0;I have not used it myself;;;;;;;;;Sure health lab. Reason is that it is closest to Asokoro District hospital;Better;Much better;Better;I cannot compare;Better;About the same;About the same;I moved to a new area;0.0;0.0;0.0;0.0;0.0;1.0;0.0;;Price is the most important factor;Below ₦20,000;Receive via WhatsApp;Book online through a website;Create more awareness for people around Asokoro axis till Mararabaa;Yes;olayemiakinpelu@gmail.com;796745188;2f3c5adb-7998-41b7-8984-37fef3acf4b6;2026-07-18T06:23:08;submitted_via_web;vcuMVyHEmtj3KUokEUBV7q;uuid:2f3c5adb-7998-41b7-8984-37fef3acf4b6;228
Yes, I consent to participate;35-44;Female;Healthcare professional;;Gwarimpa;;Yes, through my employer;Synlab Nigeria;SYNLAB Nigeria Clina Lancet Mecure Healthcare Afriglobal Medicare AMCE (African Medical Centre of Excellence) Firmcare Diagnostics LAB360 APIN Medical Laboratory and Diagnostics Lifebridge Medical Diagnostics e-Clinic & Diagnostics;1.0;1.0;1.0;1.0;0.0;1.0;1.0;1.0;1.0;1.0;0.0;1.0;0.0;0.0;0.0;;Recommendation from a doctor or healthcare professional;;SYNLAB Nigeria;1.0;0.0;0.0;0.0;0.0;0.0;0.0;0.0;0.0;0.0;0.0;0.0;0.0;0.0;;Doctor's referral for a specific test;;I go to whichever laboratory my doctor recommends I choose based on previous experience;1.0;0.0;0.0;1.0;0.0;0.0;0.0;0.0;0.0;;4 - Good;6.0;It's trying it's best to be the best;Satisfied;Satisfied;Satisfied;Neutral;Satisfied;Satisfied;Satisfied;Neutral;I prefer Zankli Laboratory bcos I work there and already used to the work environment and the are doing well.;About the same;About the same;About the same;About the same;About the same;About the same;About the same;My doctor or HMO recommended a different laboratory;0.0;0.0;0.0;0.0;1.0;0.0;0.0;;Price matters but quality comes first;₦100,000-200,000;Access through an online patient portal or app;Call the laboratory directly;They should continue to improve cos there are rooms for improvements;No;;796524918;05deb26a-22a8-48a0-b61a-9c09eda9d437;2026-07-17T05:58:50;submitted_via_web;vcuMVyHEmtj3KUokEUBV7q;uuid:05deb26a-22a8-48a0-b61a-9c09eda9d437;229
Yes, I consent to participate;35-44;Male;Corporate/salaried professional;;Jabi;;No, I pay out of pocket;Synlab;SYNLAB Nigeria Mecure Healthcare AMCE (African Medical Centre of Excellence);1.0;0.0;1.0;0.0;0.0;1.0;0.0;0.0;0.0;0.0;0.0;0.0;0.0;0.0;0.0;;I passed by a SYNLAB location;;SYNLAB Nigeria Mecure Healthcare;1.0;0.0;1.0;0.0;0.0;0.0;0.0;0.0;0.0;0.0;0.0;0.0;0.0;0.0;;Routine health check;;I choose based on previous experience;0.0;0.0;0.0;1.0;0.0;0.0;0.0;0.0;0.0;;4 - Good;10.0;Because I've done my background check and as well tested it.;Very satisfied;Very satisfied;Very satisfied;Very satisfied;Very satisfied;Very satisfied;Very satisfied;Very satisfied;Synlab because their services are topnotch.;Much better;Much better;Much better;Much better;Much better;Much better;Much better;The previous laboratory was inconvenient to access;0.0;1.0;0.0;0.0;0.0;0.0;0.0;;Price matters but quality comes first;₦20,000-50,000;Receive via email;I have no preference;;Yes;Uchennanjoku445@gmail.com;797702906;cd06dc2b-3d16-4ce2-af9c-d15b5a7316ff;2026-07-19T09:23:41;submitted_via_web;vcuMVyHEmtj3KUokEUBV7q;uuid:cd06dc2b-3d16-4ce2-af9c-d15b5a7316ff;230
Yes, I consent to participate;25-34;Female;Corporate/salaried professional;;Gwagwalada;;Yes, I pay for it personally;SYNLAB Nigeria;SYNLAB Nigeria e-Clinic & Diagnostics;1.0;0.0;0.0;0.0;0.0;0.0;0.0;0.0;0.0;0.0;0.0;1.0;0.0;0.0;0.0;;Recommendation from a doctor or healthcare professional;;SYNLAB Nigeria e-Clinic & Diagnostics;1.0;0.0;0.0;0.0;0.0;0.0;0.0;0.0;0.0;0.0;1.0;0.0;0.0;0.0;;Doctor's referral for a specific test;;I go to whichever laboratory my HMO covers;0.0;1.0;0.0;0.0;0.0;0.0;0.0;0.0;0.0;;5- Excellent;9.0;Best experience;Satisfied;Very satisfied;Very satisfied;Very satisfied;Very satisfied;Very satisfied;Did not experience this;Satisfied;SYNLAB Nigeria;Better;Much better;Much better;Better;Much better;Better;I cannot compare;My doctor or HMO recommended a different laboratory;0.0;0.0;0.0;0.0;1.0;0.0;0.0;;Price matters but quality comes first;₦20,000-50,000;Collect physical copy from the laboratory;Walk in without an appointment;Keep it up;Yes;semluv@gmail.com;797107608;2f3e8e03-4f88-49ca-b6c6-af7f6fa39c9e;2026-07-18T08:25:14;submitted_via_web;vcuMVyHEmtj3KUokEUBV7q;uuid:2f3e8e03-4f88-49ca-b6c6-af7f6fa39c9e;231
Yes, I consent to participate;35-44;Female;Self-employed/business owner;;Gwagwalada;;Yes, I pay for it personally;Eco lab;Firmcare Diagnostics;0.0;0.0;0.0;0.0;0.0;0.0;1.0;0.0;0.0;0.0;0.0;0.0;0.0;0.0;1.0;;;;Other (please specify);0.0;0.0;0.0;0.0;0.0;0.0;0.0;0.0;0.0;0.0;0.0;1.0;1.0;0.0;No;Doctor's referral for a specific test;;I ask friends or family for a recommendation;0.0;0.0;0.0;0.0;0.0;1.0;0.0;0.0;0.0;;;;;;;;;;;;;Eco lab is okay i did all my lab test and scan there;Much better;Much better;Much better;Much better;Much better;Much better;Much better;My doctor or HMO recommended a different laboratory;0.0;0.0;0.0;0.0;1.0;0.0;0.0;;Price matters but quality comes first;₦20,000-50,000;Access through an online patient portal or app;Walk in without an appointment;No;Yes;;799079706;a38f505e-fd12-41a9-8bd0-640dd5037150;2026-07-19T19:13:09;submitted_via_web;vcuMVyHEmtj3KUokEUBV7q;uuid:a38f505e-fd12-41a9-8bd0-640dd5037150;232
Yes, I consent to participate;25-34;Male;Student;;Gwagwalada;;No, I pay out of pocket;Apin medical laboratory;SYNLAB Nigeria Clinix Firmcare Diagnostics APIN Medical Laboratory and Diagnostics;1.0;0.0;0.0;0.0;1.0;0.0;1.0;0.0;1.0;0.0;0.0;0.0;0.0;0.0;0.0;;Social media;;I have never used any medical laboratory;0.0;0.0;0.0;0.0;0.0;0.0;0.0;0.0;0.0;0.0;0.0;0.0;0.0;1.0;;Monitoring an existing health condition;;I go to whichever laboratory my doctor recommends;1.0;0.0;0.0;0.0;0.0;0.0;0.0;0.0;0.0;;4 - Good;10.0;They are well recommended;;;;;;;;;Apin medical laboratory… cause a friend went there for a treatment and was successful;Better;Better;Better;Better;Better;Better;Better;I moved to a new area;0.0;0.0;0.0;0.0;0.0;1.0;0.0;;Price matters but quality comes first;₦20,000-50,000;Collect physical copy from the laboratory;Walk in without an appointment;No;Yes;;796083032;a3a3f567-87b9-4ad1-a56e-770fd30e48f9;2026-07-15T14:45:41;submitted_via_web;vcuMVyHEmtj3KUokEUBV7q;uuid:a3a3f567-87b9-4ad1-a56e-770fd30e48f9;233
Yes, I consent to participate;35-44;Male;Student;;Asokoro;;Yes, through my employer;;SYNLAB Nigeria Afriglobal Medicare;1.0;0.0;0.0;1.0;0.0;0.0;0.0;0.0;0.0;0.0;0.0;0.0;0.0;0.0;0.0;;Recommendation from a friend or family member;;SYNLAB Nigeria;1.0;0.0;0.0;0.0;0.0;0.0;0.0;0.0;0.0;0.0;0.0;0.0;0.0;0.0;;Routine health check;;;;;;;;;;;;;4 - Good;3.0;;Neutral;Neutral;Neutral;;Very satisfied;;Very satisfied;Satisfied;;Much better;Better;Better;Better;Better;Much better;Better;My doctor or HMO recommended a different laboratory;0.0;0.0;0.0;0.0;1.0;0.0;0.0;;Price is the most important factor;₦50,000-100,000;Receive via email;Book through a mobile app;;Yes;;797660473;bd859351-6910-423a-83bd-b1627392da9c;2026-07-20T05:39:17;submitted_via_web;vcuMVyHEmtj3KUokEUBV7q;uuid:bd859351-6910-423a-83bd-b1627392da9c;234
Yes, I consent to participate;35-44;Female;Civil servant;;Asokoro;;Yes, through my employer;Echo scan and lab;None of the above;0.0;0.0;0.0;0.0;0.0;0.0;0.0;0.0;0.0;0.0;0.0;0.0;1.0;0.0;1.0;;;;I have never used any medical laboratory;0.0;0.0;0.0;0.0;0.0;0.0;0.0;0.0;0.0;0.0;0.0;0.0;0.0;1.0;;Doctor's referral for a specific test;;I go to whichever laboratory my doctor recommends I choose based on proximity to my home or workplace;1.0;0.0;1.0;0.0;0.0;0.0;0.0;0.0;0.0;;;;;;;;;;;;;;;;;;;;;;;;;;;;;;;;;;;;;799952948;75841e41-52d9-442a-9824-538bec58964c;2026-07-18T09:06:01;submitted_via_web;vcuMVyHEmtj3KUokEUBV7q;uuid:75841e41-52d9-442a-9824-538bec58964c;235
Yes, I consent to participate;35-44;Female;Healthcare professional;;Lugbe;;Yes, through my employer;Zankli medical centre;Firmcare Diagnostics;0.0;0.0;0.0;0.0;0.0;0.0;1.0;0.0;0.0;0.0;0.0;0.0;0.0;0.0;0.0;;;;Other (please specify);0.0;0.0;0.0;0.0;0.0;0.0;0.0;0.0;0.0;0.0;0.0;1.0;0.0;0.0;Nigeria airforce hospital;Doctor's referral for a specific test;;I choose based on previous experience;0.0;0.0;0.0;1.0;0.0;0.0;0.0;0.0;0.0;;;;;;;;;;;;;Zankli medical centre;Better;Much better;Much better;Better;Much better;Much better;Better;I moved to a new area;0.0;0.0;0.0;0.0;0.0;1.0;0.0;;Price is not a significant factor in my decision;₦50,000-100,000;Receive via email;Walk in without an appointment;No;Yes;Salahublessing60@gmail.com;798516430;a9d3e259-e845-4579-9112-3bf61215fa63;2026-07-18T01:09:33;submitted_via_web;vcuMVyHEmtj3KUokEUBV7q;uuid:a9d3e259-e845-4579-9112-3bf61215fa63;236
Yes, I consent to participate;35-44;Male;Self-employed/business owner;;Asokoro;;No, I pay out of pocket;Healthscan;LAB360;0.0;0.0;0.0;0.0;0.0;0.0;0.0;1.0;0.0;0.0;0.0;0.0;0.0;0.0;0.0;;;;LAB360;0.0;0.0;0.0;0.0;0.0;0.0;1.0;0.0;0.0;0.0;0.0;0.0;0.0;0.0;;Doctor's referral for a specific test;;I go to whichever laboratory my doctor recommends;1.0;0.0;0.0;0.0;0.0;0.0;0.0;0.0;0.0;;;;;;;;;;;;;Healthscan;Better;Much better;About the same;About the same;Better;Better;Better;The previous laboratory was too expensive;1.0;0.0;0.0;0.0;0.0;0.0;0.0;;Price matters but quality comes first;₦20,000-50,000;Receive via WhatsApp;Call the laboratory directly;More awareness needed for recognition;Yes;;798359643;7d6d7833-7059-4315-8e3a-b003465b9af4;2026-07-17T15:49:42;submitted_via_web;vcuMVyHEmtj3KUokEUBV7q;uuid:7d6d7833-7059-4315-8e3a-b003465b9af4;237
Yes, I consent to participate;35-44;Female;Healthcare professional;;Wuse;;Yes, through my employer;SYNLAB Nigeria;SYNLAB Nigeria;1.0;0.0;0.0;0.0;0.0;0.0;0.0;0.0;0.0;0.0;0.0;0.0;0.0;0.0;0.0;;Referred by my HMO or employer;;SYNLAB Nigeria;1.0;0.0;0.0;0.0;0.0;0.0;0.0;0.0;0.0;0.0;0.0;0.0;0.0;0.0;;Insurance or HMO requirement;;I go to whichever laboratory my HMO covers;0.0;1.0;0.0;0.0;0.0;0.0;0.0;0.0;0.0;;3- Neutral;8.0;They are hardworking;Very satisfied;Very satisfied;Very satisfied;Satisfied;;Very satisfied;Satisfied;Very satisfied;SYNLAB Nigeria;Much better;Much better;Much better;Better;Much better;Better;Better;I was dissatisfied with the customer service;0.0;0.0;0.0;1.0;0.0;0.0;0.0;;Price matters but quality comes first;₦50,000-100,000;Access through an online patient portal or app;Book online through a website;Good customer service;Yes;;799749262;eb254ff1-08b9-4c2e-87cf-d94ad371df99;2026-07-22T18:44:09;submitted_via_web;vcuMVyHEmtj3KUokEUBV7q;uuid:eb254ff1-08b9-4c2e-87cf-d94ad371df99;238
Yes, I consent to participate;45-54;Male;Corporate/salaried professional;;Jabi;;No, I pay out of pocket;Ecolab;e-Clinic & Diagnostics;0.0;0.0;0.0;0.0;0.0;0.0;0.0;0.0;0.0;0.0;0.0;1.0;0.0;0.0;1.0;;;;e-Clinic & Diagnostics;0.0;0.0;0.0;0.0;0.0;0.0;0.0;0.0;0.0;0.0;1.0;0.0;1.0;0.0;;Routine health check;;I go to whichever laboratory my doctor recommends I go to whichever laboratory my HMO covers;1.0;1.0;0.0;0.0;0.0;0.0;0.0;0.0;0.0;;;;;;;;;;;;;Ecolab;Much better;Much better;Much better;Better;Better;Much better;Better;The previous laboratory was inconvenient to access I moved to a new area;0.0;1.0;0.0;0.0;0.0;1.0;0.0;;Price matters but quality comes first;₦50,000-100,000;Receive via email;Book through a mobile app;;No;;797805215;0cd054d8-3094-4861-bff9-b8e40d0f6ac4;2026-07-20T20:35:29;submitted_via_web;vcuMVyHEmtj3KUokEUBV7q;uuid:0cd054d8-3094-4861-bff9-b8e40d0f6ac4;239
Yes, I consent to participate;45-54;Male;Self-employed/business owner;;Gwagwalada;;No, I pay out of pocket;;None of the above;0.0;0.0;0.0;0.0;0.0;0.0;0.0;0.0;0.0;0.0;0.0;0.0;1.0;0.0;0.0;;;;Other (please specify);0.0;0.0;0.0;0.0;0.0;0.0;0.0;0.0;0.0;0.0;0.0;1.0;0.0;0.0;No;Routine health check;;I choose based on the laboratory's reputation;0.0;0.0;0.0;0.0;0.0;0.0;0.0;1.0;0.0;;;;;;;;;;;;;Exodus lab &scan;Much better;Much better;Much better;Better;Better;Better;Better;I was dissatisfied with the quality or accuracy of results;0.0;0.0;1.0;0.0;0.0;0.0;0.0;;Price is not a significant factor in my decision;₦50,000-100,000;Receive via email;Book online through a website;Never heard about it before until now;Yes;;799495049;47ff754c-a922-4776-b74b-b3b0d19450ad;2026-07-18T20:32:35;submitted_via_web;vcuMVyHEmtj3KUokEUBV7q;uuid:47ff754c-a922-4776-b74b-b3b0d19450ad;240
Yes, I consent to participate;45-54;Female;Healthcare professional;;Gwarimpa;;No, I pay out of pocket;;SYNLAB Nigeria Clina Lancet Mecure Healthcare AMCE (African Medical Centre of Excellence) Firmcare Diagnostics APIN Medical Laboratory and Diagnostics e-Clinic & Diagnostics;1.0;1.0;1.0;0.0;0.0;1.0;1.0;0.0;1.0;0.0;0.0;1.0;0.0;0.0;0.0;;I passed by a SYNLAB location;;SYNLAB Nigeria Firmcare Diagnostics APIN Medical Laboratory and Diagnostics;1.0;0.0;0.0;0.0;0.0;1.0;0.0;1.0;0.0;0.0;0.0;0.0;0.0;0.0;;Pre-employment medical;;I search online for options;0.0;0.0;0.0;0.0;1.0;0.0;0.0;0.0;0.0;;4 - Good;8.0;They are swift and reliable;Very satisfied;Satisfied;Satisfied;Satisfied;Satisfied;Very satisfied;Satisfied;Satisfied;Everight;Much better;Much better;Better;Better;Better;Better;Better;The previous laboratory was too expensive;1.0;0.0;0.0;0.0;0.0;0.0;0.0;;Price matters but quality comes first;₦50,000-100,000;Receive via email;Book online through a website;They are doing well, keep it up;No;;797006739;31dbd4f4-09b3-41b8-9f2f-2e02d07fa2ec;2026-07-23T12:03:41;submitted_via_web;vcuMVyHEmtj3KUokEUBV7q;uuid:31dbd4f4-09b3-41b8-9f2f-2e02d07fa2ec;241
Yes, I consent to participate;35-44;Female;Civil servant;;Gwagwalada;;No, I pay out of pocket;;None of the above;0.0;0.0;0.0;0.0;0.0;0.0;0.0;0.0;0.0;0.0;0.0;0.0;1.0;0.0;0.0;;;;I have never used any medical laboratory;0.0;0.0;0.0;0.0;0.0;0.0;0.0;0.0;0.0;0.0;0.0;0.0;0.0;1.0;;Doctor's referral for a specific test;;I go to whichever laboratory my doctor recommends;1.0;0.0;0.0;0.0;0.0;0.0;0.0;0.0;0.0;;;;;;;;;;;;;;I cannot compare;I cannot compare;I cannot compare;I cannot compare;I cannot compare;I cannot compare;I cannot compare;The previous laboratory was too expensive;1.0;0.0;0.0;0.0;0.0;0.0;0.0;;Price matters but quality comes first;Below ₦20,000;Collect physical copy from the laboratory;Walk in without an appointment;;Yes;;796970123;bdbb43cb-2645-46cf-a543-483615a2c8ed;2026-07-22T18:03:19;submitted_via_web;vcuMVyHEmtj3KUokEUBV7q;uuid:bdbb43cb-2645-46cf-a543-483615a2c8ed;242
Yes, I consent to participate;35-44;Male;Civil servant;;Gwagwalada;;Yes, through my employer;;Other (please specify);0.0;0.0;0.0;0.0;0.0;0.0;0.0;0.0;0.0;0.0;0.0;0.0;0.0;1.0;0.0;;;;I have never used any medical laboratory;0.0;0.0;0.0;0.0;0.0;0.0;0.0;0.0;0.0;0.0;0.0;0.0;0.0;1.0;;Routine health check;;I go to whichever laboratory my doctor recommends;1.0;0.0;0.0;0.0;0.0;0.0;0.0;0.0;0.0;;;;;;;;;;;;;;Much better;Much better;Much better;Much better;Much better;Much better;I cannot compare;I moved to a new area;0.0;0.0;0.0;0.0;0.0;1.0;0.0;;Price is the most important factor;₦20,000-50,000;Collect physical copy from the laboratory;Walk in without an appointment;;No;;796100731;562102e2-66f1-4691-8ead-5a358226db4f;2026-07-15T15:47:08;submitted_via_web;vcuMVyHEmtj3KUokEUBV7q;uuid:562102e2-66f1-4691-8ead-5a358226db4f;243
Yes, I consent to participate;35-44;Female;Civil servant;;Gwagwalada;;Yes, through my employer;LAB360;LAB360;0.0;0.0;0.0;0.0;0.0;0.0;0.0;1.0;0.0;0.0;0.0;0.0;0.0;0.0;0.0;;;;LAB360;0.0;0.0;0.0;0.0;0.0;0.0;1.0;0.0;0.0;0.0;0.0;0.0;0.0;0.0;;Insurance or HMO requirement;;I go to whichever laboratory my HMO covers;0.0;1.0;0.0;0.0;0.0;0.0;0.0;0.0;0.0;;;;;;;;;;;;;;I cannot compare;I cannot compare;I cannot compare;I cannot compare;Better;Better;Better;I moved to a new area;0.0;0.0;0.0;0.0;0.0;1.0;0.0;;Price is not a significant factor in my decision;₦20,000-50,000;Collect physical copy from the laboratory;Book through my HMO or employer's portal;;No;;797028626;30918bca-964e-4eb9-81c7-acb2fc625703;2026-07-22T14:33:41;submitted_via_web;vcuMVyHEmtj3KUokEUBV7q;uuid:30918bca-964e-4eb9-81c7-acb2fc625703;244
Yes, I consent to participate;25-34;Female;Self-employed/business owner;;Lugbe;;Yes, I pay for it personally;Synlab;SYNLAB Nigeria;1.0;0.0;0.0;0.0;0.0;0.0;0.0;0.0;0.0;0.0;0.0;0.0;0.0;0.0;0.0;;Recommendation from a friend or family member;;SYNLAB Nigeria;1.0;0.0;0.0;0.0;0.0;0.0;0.0;0.0;0.0;0.0;0.0;0.0;0.0;0.0;;Doctor's referral for a specific test;;I go to whichever laboratory my doctor recommends;1.0;0.0;0.0;0.0;0.0;0.0;0.0;0.0;0.0;;4 - Good;7.0;Very good;Satisfied;;;Very satisfied;Satisfied;Satisfied;Very satisfied;Very satisfied;Synlab;;Better;Much better;I cannot compare;Much better;Much better;Better;The previous laboratory was too expensive;1.0;0.0;0.0;0.0;0.0;0.0;0.0;;Price is important but not the most important factor;Below ₦20,000;Collect physical copy from the laboratory;Walk in without an appointment;;No;;797225241;3dfe1120-b019-4113-9874-6be7d9ebe1b0;2026-07-18T12:41:16;submitted_via_web;vcuMVyHEmtj3KUokEUBV7q;uuid:3dfe1120-b019-4113-9874-6be7d9ebe1b0;245
Yes, I consent to participate;45-54;Male;Corporate/salaried professional;;Gwagwalada;;No, I pay out of pocket;Eco lab;None of the above;0.0;0.0;0.0;0.0;0.0;0.0;0.0;0.0;0.0;0.0;0.0;0.0;1.0;0.0;1.0;;;;Other (please specify);0.0;0.0;0.0;0.0;0.0;0.0;0.0;0.0;0.0;0.0;0.0;1.0;1.0;0.0;Eco lab;Routine health check;;I choose based on the laboratory's reputation;0.0;0.0;0.0;0.0;0.0;0.0;0.0;1.0;0.0;;;;;;;;;;;;;Eco lab, they are just too perfect;Much better;Much better;Much better;Much better;Much better;Much better;Much better;Other (please specify);0.0;0.0;0.0;0.0;0.0;0.0;1.0;Have never switched, been using eco lab for the past 13 years;Price is not a significant factor in my decision;₦20,000-50,000;Access through an online patient portal or app;Book online through a website;Honestly this my first time of hearing synlab6yy;No;;797066058;fdbb90c0-fed3-45be-b1f9-ef6af0f45969;2026-07-18T05:53:16;submitted_via_web;vcuMVyHEmtj3KUokEUBV7q;uuid:fdbb90c0-fed3-45be-b1f9-ef6af0f45969;246
Yes, I consent to participate;25-34;Female;Self-employed/business owner;;Asokoro;;I am not sure;SYNLAB Nigeria;SYNLAB Nigeria Firmcare Diagnostics;1.0;0.0;0.0;0.0;0.0;0.0;1.0;0.0;0.0;0.0;0.0;0.0;0.0;0.0;0.0;;Recommendation from a friend or family member;;SYNLAB Nigeria;1.0;0.0;0.0;0.0;0.0;0.0;0.0;0.0;0.0;0.0;0.0;0.0;0.0;0.0;;Routine health check;;I go to whichever laboratory my doctor recommends;1.0;0.0;0.0;0.0;0.0;0.0;0.0;0.0;0.0;;5- Excellent;10.0;Excellent;Very satisfied;Very satisfied;Very satisfied;Very satisfied;Very satisfied;Very satisfied;Very satisfied;Very satisfied;SYNLAB Nigeria;Much better;Much better;Much better;Much better;Much better;Much better;Much better;The previous laboratory was too expensive;1.0;0.0;0.0;0.0;0.0;0.0;0.0;;Price matters but quality comes first;Below ₦20,000;Collect physical copy from the laboratory;Call the laboratory directly;Excellent;Yes;aliyufatimah984@gmail.com;796146208;e43c5280-54f8-412c-bcfa-4499494e38e8;2026-07-15T19:17:02;submitted_via_web;vcuMVyHEmtj3KUokEUBV7q;uuid:e43c5280-54f8-412c-bcfa-4499494e38e8;247
Yes, I consent to participate;45-54;Male;Unemployed;;Gwagwalada;;No, I pay out of pocket;Mecure;Mecure Healthcare;0.0;0.0;1.0;0.0;0.0;0.0;0.0;0.0;0.0;0.0;0.0;0.0;0.0;0.0;0.0;;;;I have never used any medical laboratory;0.0;0.0;0.0;0.0;0.0;0.0;0.0;0.0;0.0;0.0;0.0;0.0;0.0;1.0;;;;I choose based on price;0.0;0.0;0.0;0.0;0.0;0.0;1.0;0.0;0.0;;;;;;;;;;;;;;I cannot compare;I cannot compare;I cannot compare;I cannot compare;I cannot compare;I cannot compare;Better;;;;;;;;;;Price matters but quality comes first;Below ₦20,000;Receive via email;Walk in without an appointment;;No;;799094200;f4cd9009-c06a-4730-93ae-ada9cdcf6783;2026-07-18T05:08:36;submitted_via_web;vcuMVyHEmtj3KUokEUBV7q;uuid:f4cd9009-c06a-4730-93ae-ada9cdcf6783;248
Yes, I consent to participate;35-44;Female;Healthcare professional;;Gwagwalada;;Yes, through my employer;My hospital have a lab;Lifebridge Medical Diagnostics;0.0;0.0;0.0;0.0;0.0;0.0;0.0;0.0;0.0;1.0;0.0;0.0;0.0;0.0;0.0;;;;Lifebridge Medical Diagnostics;0.0;0.0;0.0;0.0;0.0;0.0;0.0;0.0;1.0;0.0;0.0;0.0;0.0;0.0;;Routine health check;;I go to whichever laboratory my HMO covers;0.0;1.0;0.0;0.0;0.0;0.0;0.0;0.0;0.0;;;;;;;;;;;;;Lifebridge;Much better;Much better;Much better;Much better;Much better;Much better;Much better;Other (please specify);0.0;0.0;0.0;0.0;0.0;0.0;1.0;No;Price matters but quality comes first;₦20,000-50,000;Access through an online patient portal or app;Call the laboratory directly;;Yes;;799916446;598c3016-27e8-44f6-b2e0-8be16e76a812;2026-07-16T22:29:43;submitted_via_web;vcuMVyHEmtj3KUokEUBV7q;uuid:598c3016-27e8-44f6-b2e0-8be16e76a812;249
Yes, I consent to participate;45-54;Male;Civil servant;;Gwagwalada;;Yes, through my employer;;Other (please specify);0.0;0.0;0.0;0.0;0.0;0.0;0.0;0.0;0.0;0.0;0.0;0.0;0.0;1.0;0.0;;;;I have never used any medical laboratory;0.0;0.0;0.0;0.0;0.0;0.0;0.0;0.0;0.0;0.0;0.0;0.0;0.0;1.0;;Routine health check;;I go to whichever laboratory my doctor recommends;1.0;0.0;0.0;0.0;0.0;0.0;0.0;0.0;0.0;;;;;;;;;;;;;;Much better;Much better;Much better;Much better;Much better;Much better;I cannot compare;I moved to a new area;0.0;0.0;0.0;0.0;0.0;1.0;0.0;;Price is the most important factor;₦20,000-50,000;Collect physical copy from the laboratory;Walk in without an appointment;;No;;799147569;411a674f-bc41-4e17-8812-d03f078c4ee6;2026-07-17T12:48:34;submitted_via_web;vcuMVyHEmtj3KUokEUBV7q;uuid:411a674f-bc41-4e17-8812-d03f078c4ee6;250
Yes, I consent to participate;35-44;Male;Student;;Gwagwalada;;No, I pay out of pocket;USAID;e-Clinic & Diagnostics;0.0;0.0;0.0;0.0;0.0;0.0;0.0;0.0;0.0;0.0;0.0;1.0;0.0;0.0;0.0;;;;I have never used any medical laboratory;0.0;0.0;0.0;0.0;0.0;0.0;0.0;0.0;0.0;0.0;0.0;0.0;0.0;1.0;;Doctor's referral for a specific test;;I ask friends or family for a recommendation;0.0;0.0;0.0;0.0;0.0;1.0;0.0;0.0;0.0;;;;;;;;;;;;;;About the same;About the same;About the same;Worse;About the same;Worse;Better;The previous laboratory was too expensive;1.0;0.0;0.0;0.0;0.0;0.0;0.0;;Price is the most important factor;₦50,000-100,000;Collect physical copy from the laboratory;Walk in without an appointment;No;No;;799126768;e862e848-f13b-411b-9474-52ef513dc271;2026-07-18T20:38:47;submitted_via_web;vcuMVyHEmtj3KUokEUBV7q;uuid:e862e848-f13b-411b-9474-52ef513dc271;251
Yes, I consent to participate;18-24;Male;Unemployed;;Gwagwalada;;Yes, I pay for it personally;;LAB360;0.0;0.0;0.0;0.0;0.0;0.0;0.0;1.0;0.0;0.0;0.0;0.0;0.0;0.0;0.0;;;;LAB360;0.0;0.0;0.0;0.0;0.0;0.0;1.0;0.0;0.0;0.0;0.0;0.0;0.0;0.0;;Insurance or HMO requirement;;I choose based on the laboratory's reputation;0.0;0.0;0.0;0.0;0.0;0.0;0.0;1.0;0.0;;;;;;;;;;;;;;Much better;Much better;Much better;Much better;Much better;Much better;Much better;My doctor or HMO recommended a different laboratory;0.0;0.0;0.0;0.0;1.0;0.0;0.0;;Price matters but quality comes first;₦20,000-50,000;Receive via WhatsApp;Book through a mobile app;;Yes;;797370464;9208b865-e8d4-418e-b631-35f28d17dc98;2026-07-22T06:59:08;submitted_via_web;vcuMVyHEmtj3KUokEUBV7q;uuid:9208b865-e8d4-418e-b631-35f28d17dc98;252
Yes, I consent to participate;18-24;Female;Student;;Asokoro;;Yes, through my employer;medilab;Clina Lancet Clinix Firmcare Diagnostics;0.0;1.0;0.0;0.0;1.0;0.0;1.0;0.0;0.0;0.0;0.0;0.0;0.0;0.0;0.0;;;;Other (please specify);0.0;0.0;0.0;0.0;0.0;0.0;0.0;0.0;0.0;0.0;0.0;1.0;0.0;0.0;medilab;Routine health check;;I go to whichever laboratory my HMO covers;0.0;1.0;0.0;0.0;0.0;0.0;0.0;0.0;0.0;;;;;;;;;;;;;medilab;About the same;Better;Better;About the same;About the same;About the same;About the same;;;;;;;;;;Price is the most important factor;₦20,000-50,000;Receive via email;Walk in without an appointment;none;No;;799273584;c56c0492-a6fc-42d9-9a55-d497b3051ac7;2026-07-21T06:24:26;submitted_via_web;vcuMVyHEmtj3KUokEUBV7q;uuid:c56c0492-a6fc-42d9-9a55-d497b3051ac7;253
Yes, I consent to participate;35-44;Male;Unemployed;;Gwarimpa;;Yes, I pay for it personally;;Afriglobal Medicare;0.0;0.0;0.0;1.0;0.0;0.0;0.0;0.0;0.0;0.0;0.0;0.0;0.0;0.0;0.0;;;;Afriglobal Medicare;0.0;0.0;0.0;1.0;0.0;0.0;0.0;0.0;0.0;0.0;0.0;0.0;0.0;0.0;;Insurance or HMO requirement;;I ask friends or family for a recommendation;0.0;0.0;0.0;0.0;0.0;1.0;0.0;0.0;0.0;;;;;;;;;;;;;;Much better;Much better;Much better;Much better;Much better;Much better;Much better;I moved to a new area;0.0;0.0;0.0;0.0;0.0;1.0;0.0;;Price matters but quality comes first;Below ₦20,000;I have no preference;I have no preference;;Yes;;797270365;48725022-dd39-42e0-b659-a4973ee9955f;2026-07-19T22:40:56;submitted_via_web;vcuMVyHEmtj3KUokEUBV7q;uuid:48725022-dd39-42e0-b659-a4973ee9955f;254
Yes, I consent to participate;35-44;Male;Self-employed/business owner;;Others;Lagos;No, I pay out of pocket;God's own;None of the above;0.0;0.0;0.0;0.0;0.0;0.0;0.0;0.0;0.0;0.0;0.0;0.0;1.0;0.0;0.0;;;;I have never used any medical laboratory;0.0;0.0;0.0;0.0;0.0;0.0;0.0;0.0;0.0;0.0;0.0;0.0;0.0;1.0;;Other (please specify);;I choose based on price;0.0;0.0;0.0;0.0;0.0;0.0;1.0;0.0;0.0;;;;;;;;;;;;;;I cannot compare;I cannot compare;I cannot compare;I cannot compare;I cannot compare;I cannot compare;I cannot compare;I moved to a new area;0.0;0.0;0.0;0.0;0.0;1.0;0.0;;Price is the most important factor;I would not purchase this type of package;Collect physical copy from the laboratory;Walk in without an appointment;No;No;;798343541;290d14e5-cd8b-47e0-bdf5-dde409eb6d7b;2026-07-22T07:28:23;submitted_via_web;vcuMVyHEmtj3KUokEUBV7q;uuid:290d14e5-cd8b-47e0-bdf5-dde409eb6d7b;255
Yes, I consent to participate;35-44;Female;Healthcare professional;;Wuse;;Yes, through my employer;;SYNLAB Nigeria;1.0;0.0;0.0;0.0;0.0;0.0;0.0;0.0;0.0;0.0;0.0;0.0;0.0;0.0;0.0;;Referred by my HMO or employer;;SYNLAB Nigeria;1.0;0.0;0.0;0.0;0.0;0.0;0.0;0.0;0.0;0.0;0.0;0.0;1.0;0.0;;Pre-employment medical;;I choose based on previous experience;0.0;0.0;0.0;1.0;0.0;0.0;0.0;0.0;0.0;;3- Neutral;9.0;;Very satisfied;Very satisfied;Satisfied;Very satisfied;Very satisfied;Satisfied;Neutral;Satisfied;Eco scan;Better;Better;Better;Better;Much better;Better;About the same;My doctor or HMO recommended a different laboratory;0.0;0.0;0.0;0.0;1.0;0.0;0.0;;Price is important but not the most important factor;₦20,000-50,000;Collect physical copy from the laboratory;Walk in without an appointment;Their is room for improvement;Yes;;799528950;67537952-8384-41bd-971c-b45edef8cef9;2026-07-22T09:43:48;submitted_via_web;vcuMVyHEmtj3KUokEUBV7q;uuid:67537952-8384-41bd-971c-b45edef8cef9;256
Yes, I consent to participate;45-54;Female;Healthcare professional;;Gwarimpa;;No, I pay out of pocket;;SYNLAB Nigeria Clina Lancet Mecure Healthcare AMCE (African Medical Centre of Excellence) Firmcare Diagnostics APIN Medical Laboratory and Diagnostics e-Clinic & Diagnostics;1.0;1.0;1.0;0.0;0.0;1.0;1.0;0.0;1.0;0.0;0.0;1.0;0.0;0.0;0.0;;I passed by a SYNLAB location;;SYNLAB Nigeria Firmcare Diagnostics APIN Medical Laboratory and Diagnostics;1.0;0.0;0.0;0.0;0.0;1.0;0.0;1.0;0.0;0.0;0.0;0.0;0.0;0.0;;Pre-employment medical;;I search online for options;0.0;0.0;0.0;0.0;1.0;0.0;0.0;0.0;0.0;;4 - Good;8.0;They are swift and reliable;Very satisfied;Satisfied;Satisfied;Satisfied;Satisfied;Very satisfied;Satisfied;Satisfied;Everight;Much better;Much better;Better;Better;Better;Better;Better;The previous laboratory was too expensive;1.0;0.0;0.0;0.0;0.0;0.0;0.0;;Price matters but quality comes first;₦50,000-100,000;Receive via email;Book online through a website;They are doing well, keep it up;No;;799282993;51920ac8-cc62-4ac1-88c5-5aae2d27e1ce;2026-07-16T04:13:45;submitted_via_web;vcuMVyHEmtj3KUokEUBV7q;uuid:51920ac8-cc62-4ac1-88c5-5aae2d27e1ce;257
Yes, I consent to participate;35-44;Male;Self-employed/business owner;;Kubwa;;No, I pay out of pocket;Nhis;SYNLAB Nigeria;1.0;0.0;0.0;0.0;0.0;0.0;0.0;0.0;0.0;0.0;0.0;0.0;0.0;0.0;0.0;;Recommendation from a friend or family member;;SYNLAB Nigeria;1.0;0.0;0.0;0.0;0.0;0.0;0.0;0.0;0.0;0.0;0.0;0.0;0.0;0.0;;Routine health check;;;;;;;;;;;;;3- Neutral;5.0;;Satisfied;Satisfied;Satisfied;Satisfied;Satisfied;Satisfied;Satisfied;Neutral;;Better;Better;About the same;Better;Much better;Much better;Better;My doctor or HMO recommended a different laboratory;0.0;0.0;0.0;0.0;1.0;0.0;0.0;;Price matters but quality comes first;₦50,000-100,000;Access through an online patient portal or app;Book online through a website;;Yes;;799533609;4c88e2df-d4ca-4ddb-8202-6b0d64a623b7;2026-07-22T09:52:32;submitted_via_web;vcuMVyHEmtj3KUokEUBV7q;uuid:4c88e2df-d4ca-4ddb-8202-6b0d64a623b7;258
Yes, I consent to participate;35-44;Male;Corporate/salaried professional;;Lugbe;;Yes, through my employer;St. Emmanuel Hospital;SYNLAB Nigeria Mecure Healthcare Clinix;1.0;0.0;1.0;0.0;1.0;0.0;0.0;0.0;0.0;0.0;0.0;0.0;0.0;0.0;0.0;;Recommendation from a friend or family member;;I have never used any medical laboratory;0.0;0.0;0.0;0.0;0.0;0.0;0.0;0.0;0.0;0.0;0.0;0.0;0.0;1.0;;Insurance or HMO requirement;;I go to whichever laboratory my HMO covers I choose based on proximity to my home or workplace;0.0;1.0;1.0;0.0;0.0;0.0;0.0;0.0;0.0;;3- Neutral;5.0;Because have not used them before myself;;;;;;;;;;I cannot compare;I cannot compare;I cannot compare;I cannot compare;I cannot compare;I cannot compare;I cannot compare;I was dissatisfied with the quality or accuracy of results I was dissatisfied with the customer service My doctor or HMO recommended a different laboratory I moved to a new area;0.0;0.0;1.0;1.0;1.0;1.0;0.0;;Price matters but quality comes first;Below ₦20,000;I have no preference;I have no preference;;No;;799016623;871386f7-4fd1-4461-9b2c-8633de51f0f5;2026-07-16T17:27:28;submitted_via_web;vcuMVyHEmtj3KUokEUBV7q;uuid:871386f7-4fd1-4461-9b2c-8633de51f0f5;259
Yes, I consent to participate;35-44;Female;Corporate/salaried professional;;Gwagwalada;;Yes, I pay for it personally;SYNLAB Nigeria;SYNLAB Nigeria e-Clinic & Diagnostics;1.0;0.0;0.0;0.0;0.0;0.0;0.0;0.0;0.0;0.0;0.0;1.0;0.0;0.0;0.0;;Recommendation from a doctor or healthcare professional;;SYNLAB Nigeria e-Clinic & Diagnostics;1.0;0.0;0.0;0.0;0.0;0.0;0.0;0.0;0.0;0.0;1.0;0.0;0.0;0.0;;Doctor's referral for a specific test;;I go to whichever laboratory my HMO covers;0.0;1.0;0.0;0.0;0.0;0.0;0.0;0.0;0.0;;5- Excellent;9.0;Best experience;Satisfied;Very satisfied;Very satisfied;Very satisfied;Very satisfied;Very satisfied;Did not experience this;Satisfied;SYNLAB Nigeria;Better;Much better;Much better;Better;Much better;Better;I cannot compare;My doctor or HMO recommended a different laboratory;0.0;0.0;0.0;0.0;1.0;0.0;0.0;;Price matters but quality comes first;₦20,000-50,000;Collect physical copy from the laboratory;Walk in without an appointment;Keep it up;Yes;semluv@gmail.com;797631191;00a1f7ef-6cb1-4af9-889c-9b2e559f7702;2026-07-22T17:01:15;submitted_via_web;vcuMVyHEmtj3KUokEUBV7q;uuid:00a1f7ef-6cb1-4af9-889c-9b2e559f7702;260
Yes, I consent to participate;35-44;Male;Self-employed/business owner;;Gwarimpa;;Yes, I pay for it personally;Health scan medical laboratory;SYNLAB Nigeria Lifebridge Medical Diagnostics;1.0;0.0;0.0;0.0;0.0;0.0;0.0;0.0;0.0;1.0;0.0;0.0;0.0;0.0;0.0;;I passed by a SYNLAB location;;SYNLAB Nigeria Lifebridge Medical Diagnostics;1.0;0.0;0.0;0.0;0.0;0.0;0.0;0.0;1.0;0.0;0.0;0.0;0.0;0.0;;Routine health check;;I choose based on proximity to my home or workplace;0.0;0.0;1.0;0.0;0.0;0.0;0.0;0.0;0.0;;4 - Good;8.0;My experience with them;Satisfied;Very satisfied;Satisfied;Satisfied;Very satisfied;Very satisfied;Neutral;Neutral;My hospital laboratory;About the same;Better;Better;About the same;About the same;Better;Much better;My doctor or HMO recommended a different laboratory;0.0;0.0;0.0;0.0;1.0;0.0;0.0;;Price matters but quality comes first;₦20,000-50,000;I have no preference;Walk in without an appointment;No;Yes;;799047540;1d2c48e8-da4f-47fd-941d-c44c5612e537;2026-07-21T10:21:34;submitted_via_web;vcuMVyHEmtj3KUokEUBV7q;uuid:1d2c48e8-da4f-47fd-941d-c44c5612e537;261
Yes, I consent to participate;45-54;Male;Healthcare professional;;Others;Makurdi;No, I pay out of pocket;Synlab;SYNLAB Nigeria APIN Medical Laboratory and Diagnostics;1.0;0.0;0.0;0.0;0.0;0.0;0.0;0.0;1.0;0.0;0.0;0.0;0.0;0.0;0.0;;I passed by a SYNLAB location;;SYNLAB Nigeria;1.0;0.0;0.0;0.0;0.0;0.0;0.0;0.0;0.0;0.0;0.0;0.0;0.0;0.0;;Monitoring an existing health condition;;I choose based on previous experience I choose based on the laboratory's reputation;0.0;0.0;0.0;1.0;0.0;0.0;0.0;1.0;0.0;;5- Excellent;10.0;Excellent results;Satisfied;Very satisfied;Very satisfied;Satisfied;Very satisfied;Very satisfied;Very satisfied;Satisfied;Synlab all day because they are professional and quality all day;Much better;I cannot compare;I cannot compare;About the same;Much better;Much better;I cannot compare;I was dissatisfied with the quality or accuracy of results;0.0;0.0;1.0;0.0;0.0;0.0;0.0;;;₦20,000-50,000;Receive via WhatsApp;I have no preference;The portal for downloading results works well, however there is no WhatsApp channel to download results this would greatly enhance the patient experience.;Yes;terwaseanyiman@gmail.com;797517616;5d19ca2d-8cc2-4cbb-b2eb-e7d6d13727df;2026-07-23T08:17:21;submitted_via_web;vcuMVyHEmtj3KUokEUBV7q;uuid:5d19ca2d-8cc2-4cbb-b2eb-e7d6d13727df;262
Yes, I consent to participate;18-24;Female;Student;;Gwarimpa;;I am not sure;Gwarimpa;None of the above;0.0;0.0;0.0;0.0;0.0;0.0;0.0;0.0;0.0;0.0;0.0;0.0;1.0;0.0;0.0;;;;I have never used any medical laboratory;0.0;0.0;0.0;0.0;0.0;0.0;0.0;0.0;0.0;0.0;0.0;0.0;0.0;1.0;;;;;;;;;;;;;;;;;;;;;;;;;;;;;;;;;;;;;;;;;;;;;;;;;;797146977;655844d8-6ba1-4cdc-bea7-e37e14648458;2026-07-18T09:48:14;submitted_via_web;vcuMVyHEmtj3KUokEUBV7q;uuid:655844d8-6ba1-4cdc-bea7-e37e14648458;263
Yes, I consent to participate;45-54;Male;Civil servant;;Wuse;;Yes, through my employer;Eco scan;SYNLAB Nigeria;1.0;0.0;0.0;0.0;0.0;0.0;0.0;0.0;0.0;0.0;0.0;0.0;0.0;0.0;1.0;;I passed by a SYNLAB location;;SYNLAB Nigeria;1.0;0.0;0.0;0.0;0.0;0.0;0.0;0.0;0.0;0.0;0.0;0.0;0.0;0.0;;Routine health check;;I choose based on proximity to my home or workplace;0.0;0.0;1.0;0.0;0.0;0.0;0.0;0.0;0.0;;4 - Good;6.0;My view;Satisfied;Satisfied;Very satisfied;Very satisfied;Very satisfied;Satisfied;Satisfied;Satisfied;Synlab cause of their performance;Better;Much better;Much better;Better;Much better;About the same;Better;The previous laboratory was inconvenient to access;0.0;1.0;0.0;0.0;0.0;0.0;0.0;;Price matters but quality comes first;₦20,000-50,000;Collect physical copy from the laboratory;Walk in without an appointment;;Yes;;799520088;7bdab58b-7900-4111-a2cc-547688f7cb71;2026-07-22T09:29:16;submitted_via_web;vcuMVyHEmtj3KUokEUBV7q;uuid:7bdab58b-7900-4111-a2cc-547688f7cb71;264
Yes, I consent to participate;35-44;Male;Self-employed/business owner;;Gwarimpa;;Yes, through my employer;Life plan modern laboratory;SYNLAB Nigeria;1.0;0.0;0.0;0.0;0.0;0.0;0.0;0.0;0.0;0.0;0.0;0.0;0.0;0.0;0.0;;I passed by a SYNLAB location;;SYNLAB Nigeria;1.0;0.0;0.0;0.0;0.0;0.0;0.0;0.0;0.0;0.0;0.0;0.0;0.0;0.0;;Doctor's referral for a specific test;;I go to whichever laboratory my doctor recommends;1.0;0.0;0.0;0.0;0.0;0.0;0.0;0.0;0.0;;4 - Good;6.0;My reason is based on structure and recommendation;Satisfied;Satisfied;Neutral;Satisfied;;Satisfied;Satisfied;Neutral;Synlab, reason is that I am more aware of services they render;Better;Better;Better;About the same;Much better;I cannot compare;Better;The previous laboratory was inconvenient to access;0.0;1.0;0.0;0.0;0.0;0.0;0.0;;Price is the most important factor;₦100,000-200,000;Receive via email;Book through my HMO or employer's portal;Create more awareness to people here;Yes;;798696664;8b562d86-94c5-4bb2-9547-7e4e47fb80d7;2026-07-21T14:36:17;submitted_via_web;vcuMVyHEmtj3KUokEUBV7q;uuid:8b562d86-94c5-4bb2-9547-7e4e47fb80d7;265
Yes, I consent to participate;45-54;Female;Civil servant;;Gwagwalada;;Yes, through my employer;Gwagwalada specialist;SYNLAB Nigeria;1.0;0.0;0.0;0.0;0.0;0.0;0.0;0.0;0.0;0.0;0.0;0.0;0.0;0.0;0.0;;Recommendation from a friend or family member;;SYNLAB Nigeria;1.0;0.0;0.0;0.0;0.0;0.0;0.0;0.0;0.0;0.0;0.0;0.0;0.0;0.0;;Doctor's referral for a specific test;;I go to whichever laboratory my doctor recommends;1.0;0.0;0.0;0.0;0.0;0.0;0.0;0.0;0.0;;1- Very poor;9.0;Aside their services they are also friendly.;Very satisfied;Satisfied;Satisfied;Satisfied;Satisfied;Neutral;Very satisfied;Neutral;Same hospital.;Much better;Much better;Much better;Much better;Much better;Much better;Much better;I moved to a new area;0.0;0.0;0.0;0.0;0.0;1.0;0.0;;Price matters but quality comes first;₦100,000-200,000;Receive via WhatsApp;Call the laboratory directly;;Yes;;798521212;5a66ed2e-2b14-4133-a815-445cffd4fb22;2026-07-17T15:14:25;submitted_via_web;vcuMVyHEmtj3KUokEUBV7q;uuid:5a66ed2e-2b14-4133-a815-445cffd4fb22;266
Yes, I consent to participate;25-34;Female;Healthcare professional;;Lugbe;;No, I pay out of pocket;;SYNLAB Nigeria APIN Medical Laboratory and Diagnostics e-Clinic & Diagnostics;1.0;0.0;0.0;0.0;0.0;0.0;0.0;0.0;1.0;0.0;0.0;1.0;0.0;0.0;0.0;;I passed by a SYNLAB location;;SYNLAB Nigeria;1.0;0.0;0.0;0.0;0.0;0.0;0.0;0.0;0.0;0.0;0.0;0.0;0.0;0.0;;Routine health check;;I choose based on proximity to my home or workplace;0.0;0.0;1.0;0.0;0.0;0.0;0.0;0.0;0.0;;4 - Good;8.0;Swift response;Satisfied;Satisfied;Satisfied;Very satisfied;Very satisfied;Very satisfied;Neutral;Satisfied;;I cannot compare;Much better;Better;About the same;Better;Better;Better;I moved to a new area;0.0;0.0;0.0;0.0;0.0;1.0;0.0;;Price matters but quality comes first;₦20,000-50,000;Receive via email;Walk in without an appointment;;No;;797149378;af64ec25-2a23-4aa3-a55d-9c2ccae28d91;2026-07-18T09:53:52;submitted_via_web;vcuMVyHEmtj3KUokEUBV7q;uuid:af64ec25-2a23-4aa3-a55d-9c2ccae28d91;267
Yes, I consent to participate;45-54;Female;Self-employed/business owner;;Gwarimpa;;No, I pay out of pocket;Bravite diagnostics;SYNLAB Nigeria Mecure Healthcare None of the above;1.0;0.0;1.0;0.0;0.0;0.0;0.0;0.0;0.0;0.0;0.0;0.0;1.0;0.0;0.0;;;;SYNLAB Nigeria Mecure Healthcare Clinix;1.0;0.0;1.0;0.0;1.0;0.0;0.0;0.0;0.0;0.0;0.0;0.0;0.0;0.0;;Doctor's referral for a specific test;;I go to whichever laboratory my doctor recommends;1.0;0.0;0.0;0.0;0.0;0.0;0.0;0.0;0.0;;3- Neutral;10.0;;Very satisfied;Very satisfied;;Satisfied;Neutral;Neutral;Satisfied;Satisfied;Synlab - they are prompt and tech oriented;Better;Much better;Much better;Much better;Better;Much better;Much better;The previous laboratory was inconvenient to access;0.0;1.0;0.0;0.0;0.0;0.0;0.0;;Price matters but quality comes first;₦100,000-200,000;Access through an online patient portal or app;Book through a mobile app;;Yes;;796776022;e77384fc-a534-4153-a130-05834b248f6d;2026-07-19T11:30:15;submitted_via_web;vcuMVyHEmtj3KUokEUBV7q;uuid:e77384fc-a534-4153-a130-05834b248f6d;268
Yes, I consent to participate;;;;;;;;;;;;;;;;;;;;;;;;0.0;;;;;;;;;;;;;;;;;0.0;;;;;;;;;;;;;;;;;;;;;;;;;;;;;;;;;;;;;;;;;;;;;;;;Nil;No;;798959029;746a251b-3afe-4f20-8ce4-46e3fe22bec0;2026-07-21T07:39:07;submitted_via_web;vcuMVyHEmtj3KUokEUBV7q;uuid:746a251b-3afe-4f20-8ce4-46e3fe22bec0;269
Yes, I consent to participate;25-34;Female;Corporate/salaried professional;;Gwarimpa;;Yes, I pay for it personally;Synlab;SYNLAB Nigeria;1.0;0.0;0.0;0.0;0.0;0.0;0.0;0.0;0.0;0.0;0.0;0.0;0.0;0.0;0.0;;Recommendation from a doctor or healthcare professional;;SYNLAB Nigeria;1.0;0.0;0.0;0.0;0.0;0.0;0.0;0.0;0.0;0.0;0.0;0.0;0.0;0.0;;Doctor's referral for a specific test;;I go to whichever laboratory my doctor recommends;1.0;0.0;0.0;0.0;0.0;0.0;0.0;0.0;0.0;;3- Neutral;7.0;They have never let me down;Satisfied;Satisfied;Satisfied;Very satisfied;Satisfied;Satisfied;Neutral;Satisfied;Synlab, reason is that they have friendly staff;Better;Much better;Much better;Better;Much better;Much better;Better;I was dissatisfied with the customer service;0.0;0.0;0.0;1.0;0.0;0.0;0.0;;Price is important but not the most important factor;₦50,000-100,000;Collect physical copy from the laboratory;Walk in without an appointment;Advertise more and try reduce cost from other laboratories;Yes;;799366402;85eb40dd-23cb-471d-a87f-5e6c54506116;2026-07-19T22:10:29;submitted_via_web;vcuMVyHEmtj3KUokEUBV7q;uuid:85eb40dd-23cb-471d-a87f-5e6c54506116;270
Yes, I consent to participate;45-54;Female;Student;;Asokoro;;No, I pay out of pocket;Clinix;Clinix e-Clinic & Diagnostics;0.0;0.0;0.0;0.0;1.0;0.0;0.0;0.0;0.0;0.0;0.0;1.0;0.0;0.0;0.0;;;;Firmcare Diagnostics;0.0;0.0;0.0;0.0;0.0;1.0;0.0;0.0;0.0;0.0;0.0;0.0;0.0;0.0;;Doctor's referral for a specific test;;I ask friends or family for a recommendation;0.0;0.0;0.0;0.0;0.0;1.0;0.0;0.0;0.0;;;;;;;;;;;;;;Better;Better;;Better;Better;Better;I cannot compare;I moved to a new area;0.0;0.0;0.0;0.0;0.0;1.0;0.0;;Price matters but quality comes first;₦20,000-50,000;Collect physical copy from the laboratory;Walk in without an appointment;;No;;798692705;875d524a-b79c-4433-8245-ff67212c30b7;2026-07-18T22:01:45;submitted_via_web;vcuMVyHEmtj3KUokEUBV7q;uuid:875d524a-b79c-4433-8245-ff67212c30b7;271
Yes, I consent to participate;35-44;Female;Self-employed/business owner;;Wuse;;Yes, I pay for it personally;;SYNLAB Nigeria;1.0;0.0;0.0;0.0;0.0;0.0;0.0;0.0;0.0;0.0;0.0;0.0;0.0;0.0;0.0;;Recommendation from a friend or family member;;SYNLAB Nigeria Lifebridge Medical Diagnostics;1.0;0.0;0.0;0.0;0.0;0.0;0.0;0.0;1.0;0.0;0.0;0.0;0.0;0.0;;Routine health check;;I choose based on proximity to my home or workplace;0.0;0.0;1.0;0.0;0.0;0.0;0.0;0.0;0.0;;3- Neutral;5.0;;Satisfied;Satisfied;Neutral;Satisfied;Very satisfied;Satisfied;Satisfied;Satisfied;Synlab;Better;Better;About the same;About the same;Better;About the same;Better;The previous laboratory was inconvenient to access;0.0;1.0;0.0;0.0;0.0;0.0;0.0;;Price matters but quality comes first;₦50,000-100,000;Access through an online patient portal or app;Book through a mobile app;;Yes;;797326476;68f80774-7c5d-493e-afab-cf84041f8914;2026-07-22T05:27:06;submitted_via_web;vcuMVyHEmtj3KUokEUBV7q;uuid:68f80774-7c5d-493e-afab-cf84041f8914;272
Yes, I consent to participate;35-44;Male;Student;;Asokoro;;No, I pay out of pocket;Haske lab;Other (please specify);0.0;0.0;0.0;0.0;0.0;0.0;0.0;0.0;0.0;0.0;0.0;0.0;0.0;1.0;0.0;Haske clinic;;;I have never used any medical laboratory;0.0;0.0;0.0;0.0;0.0;0.0;0.0;0.0;0.0;0.0;0.0;0.0;0.0;1.0;;Routine health check;;I choose based on price I choose based on the laboratory's reputation;0.0;0.0;0.0;0.0;0.0;0.0;1.0;1.0;0.0;;;;;;;;;;;;;;I cannot compare;Better;Much better;I cannot compare;I cannot compare;I cannot compare;I cannot compare;I moved to a new area;0.0;0.0;0.0;0.0;0.0;1.0;0.0;;Price is the most important factor;I would not purchase this type of package;Receive via WhatsApp;I have no preference;Not really;Yes;;796756884;231882e9-4b0c-443e-839c-09942d3c8dc7;2026-07-21T04:28:40;submitted_via_web;vcuMVyHEmtj3KUokEUBV7q;uuid:231882e9-4b0c-443e-839c-09942d3c8dc7;273
Yes, I consent to participate;35-44;Male;Civil servant;;Wuse;;No, I pay out of pocket;SYNLAB Nigeria;SYNLAB Nigeria;1.0;0.0;0.0;0.0;0.0;0.0;0.0;0.0;0.0;0.0;0.0;0.0;0.0;0.0;0.0;;Recommendation from a doctor or healthcare professional;;SYNLAB Nigeria;1.0;0.0;0.0;0.0;0.0;0.0;0.0;0.0;0.0;0.0;0.0;0.0;0.0;0.0;;Monitoring an existing health condition;;I choose based on proximity to my home or workplace;0.0;0.0;1.0;0.0;0.0;0.0;0.0;0.0;0.0;;3- Neutral;9.0;;Neutral;Very satisfied;Very satisfied;;Satisfied;Very satisfied;Neutral;Satisfied;SYNLAB Nigeria;Better;Better;Better;Much better;Better;Much better;Better;I was dissatisfied with the quality or accuracy of results;0.0;0.0;1.0;0.0;0.0;0.0;0.0;;Price matters but quality comes first;₦20,000-50,000;Receive via WhatsApp;Walk in without an appointment;I love ur codinition;Yes;;796779418;eed80d71-9731-4953-8c71-98f8d337a4c0;2026-07-21T12:51:27;submitted_via_web;vcuMVyHEmtj3KUokEUBV7q;uuid:eed80d71-9731-4953-8c71-98f8d337a4c0;274
Yes, I consent to participate;45-54;Female;Healthcare professional;;Kubwa;;Yes, through my employer;General Hospital kubwa;SYNLAB Nigeria;1.0;0.0;0.0;0.0;0.0;0.0;0.0;0.0;0.0;0.0;0.0;0.0;0.0;0.0;0.0;;Advertisement - television, radio or outdoor;;APIN Medical Laboratory and Diagnostics;0.0;0.0;0.0;0.0;0.0;0.0;0.0;1.0;0.0;0.0;0.0;0.0;0.0;0.0;;Routine health check;;I go to whichever laboratory my HMO covers;0.0;1.0;0.0;0.0;0.0;0.0;0.0;0.0;0.0;;5- Excellent;8.0;When lunching one of their branches the manner at which they welcome patients;;;;;;;;;Kubwa General hospital. It is cheaper for me the once my HMo will not cover;Much better;Much better;Much better;Worse;About the same;I cannot compare;Better;I was dissatisfied with the customer service;0.0;0.0;0.0;1.0;0.0;0.0;0.0;;Price is important but not the most important factor;₦50,000-100,000;Collect physical copy from the laboratory;Call the laboratory directly;They should keep up the good work;Yes;;798302575;15c6e740-34e8-4946-822b-95615fe2ddd2;2026-07-21T10:57:13;submitted_via_web;vcuMVyHEmtj3KUokEUBV7q;uuid:15c6e740-34e8-4946-822b-95615fe2ddd2;275
Yes, I consent to participate;35-44;Female;Self-employed/business owner;;Wuse;;Yes, I pay for it personally;;SYNLAB Nigeria;1.0;0.0;0.0;0.0;0.0;0.0;0.0;0.0;0.0;0.0;0.0;0.0;0.0;0.0;0.0;;Recommendation from a friend or family member;;SYNLAB Nigeria Lifebridge Medical Diagnostics;1.0;0.0;0.0;0.0;0.0;0.0;0.0;0.0;1.0;0.0;0.0;0.0;0.0;0.0;;Routine health check;;I choose based on proximity to my home or workplace;0.0;0.0;1.0;0.0;0.0;0.0;0.0;0.0;0.0;;3- Neutral;5.0;;Satisfied;Satisfied;Neutral;Satisfied;Very satisfied;Satisfied;Satisfied;Satisfied;Synlab;Better;Better;About the same;About the same;Better;About the same;Better;The previous laboratory was inconvenient to access;0.0;1.0;0.0;0.0;0.0;0.0;0.0;;Price matters but quality comes first;₦50,000-100,000;Access through an online patient portal or app;Book through a mobile app;;Yes;;797903740;fc970135-ba3a-4e05-9bbe-87bbd70673b7;2026-07-17T10:28:31;submitted_via_web;vcuMVyHEmtj3KUokEUBV7q;uuid:fc970135-ba3a-4e05-9bbe-87bbd70673b7;276
Yes, I consent to participate;45-54;Female;Civil servant;;Kubwa;;Yes, through my employer;Life bridge medical laboratory;SYNLAB Nigeria APIN Medical Laboratory and Diagnostics Lifebridge Medical Diagnostics;1.0;0.0;0.0;0.0;0.0;0.0;0.0;0.0;1.0;1.0;0.0;0.0;0.0;0.0;0.0;;Recommendation from a friend or family member;;SYNLAB Nigeria Firmcare Diagnostics Lifebridge Medical Diagnostics;1.0;0.0;0.0;0.0;0.0;1.0;0.0;0.0;1.0;0.0;0.0;0.0;0.0;0.0;;Doctor's referral for a specific test;;I choose based on proximity to my home or workplace I ask friends or family for a recommendation;0.0;0.0;1.0;0.0;0.0;1.0;0.0;0.0;0.0;;3- Neutral;6.0;Just my thoughts;Neutral;Satisfied;Satisfied;Neutral;Satisfied;Satisfied;Satisfied;Neutral;No preference;About the same;Better;Better;About the same;Better;Much better;Much better;My doctor or HMO recommended a different laboratory;0.0;0.0;0.0;0.0;1.0;0.0;0.0;;Price matters but quality comes first;₦20,000-50,000;Access through an online patient portal or app;Walk in without an appointment;Non;Yes;;799857328;0f089123-f24f-49f7-b517-0ffc0a0a6684;2026-07-18T23:11:01;submitted_via_web;vcuMVyHEmtj3KUokEUBV7q;uuid:0f089123-f24f-49f7-b517-0ffc0a0a6684;277
Yes, I consent to participate;35-44;Male;Healthcare professional;;Gwarimpa;;Yes, through my employer;Synlab;SYNLAB Nigeria;1.0;0.0;0.0;0.0;0.0;0.0;0.0;0.0;0.0;0.0;0.0;0.0;0.0;0.0;0.0;;Other (please specify);I was directed to take a patient there;SYNLAB Nigeria;1.0;0.0;0.0;0.0;0.0;0.0;0.0;0.0;0.0;0.0;0.0;0.0;0.0;0.0;;Routine health check;;I go to whichever laboratory my HMO covers;0.0;1.0;0.0;0.0;0.0;0.0;0.0;0.0;0.0;;3- Neutral;6.0;I only took a patient there once;Neutral;Neutral;Satisfied;Satisfied;Satisfied;Did not experience this;Neutral;Did not experience this;;About the same;About the same;About the same;About the same;About the same;About the same;About the same;The previous laboratory was too expensive Other (please specify);1.0;0.0;0.0;0.0;0.0;0.0;1.0;I have a lab were i work;Price matters but quality comes first;₦20,000-50,000;Receive via email;Book through my HMO or employer's portal;;Yes;;797415573;b9410d54-bbc7-4102-b35f-961cba56494f;2026-07-18T15:13:29;submitted_via_web;vcuMVyHEmtj3KUokEUBV7q;uuid:b9410d54-bbc7-4102-b35f-961cba56494f;278
Yes, I consent to participate;25-34;Female;Corporate/salaried professional;;Gwarimpa;;Yes, I pay for it personally;SYNLAB Nigeria;SYNLAB Nigeria;1.0;0.0;0.0;0.0;0.0;0.0;0.0;0.0;0.0;0.0;0.0;0.0;0.0;0.0;0.0;;I passed by a SYNLAB location;;SYNLAB Nigeria;1.0;0.0;0.0;0.0;0.0;0.0;0.0;0.0;0.0;0.0;0.0;0.0;0.0;0.0;;Monitoring an existing health condition;;I choose based on proximity to my home or workplace;0.0;0.0;1.0;0.0;0.0;0.0;0.0;0.0;0.0;;4 - Good;6.0;They are trying;Satisfied;Satisfied;Satisfied;Neutral;Neutral;Very satisfied;Very satisfied;Very satisfied;SYNLAB I like their attendance;Much better;Much better;Better;Better;Much better;Better;Better;I was dissatisfied with the customer service;0.0;0.0;0.0;1.0;0.0;0.0;0.0;;Price matters but quality comes first;₦20,000-50,000;Collect physical copy from the laboratory;Call the laboratory directly;Creat more SYNLAB at different locations;Yes;;799228320;3f161c86-d270-4fd0-bdaf-abed2d73543c;2026-07-21T15:44:17;submitted_via_web;vcuMVyHEmtj3KUokEUBV7q;uuid:3f161c86-d270-4fd0-bdaf-abed2d73543c;279
Yes, I consent to participate;45-54;Male;Corporate/salaried professional;;Jabi;;No, I pay out of pocket;Ecolab;e-Clinic & Diagnostics;0.0;0.0;0.0;0.0;0.0;0.0;0.0;0.0;0.0;0.0;0.0;1.0;0.0;0.0;1.0;;;;e-Clinic & Diagnostics;0.0;0.0;0.0;0.0;0.0;0.0;0.0;0.0;0.0;0.0;1.0;0.0;1.0;0.0;;Routine health check;;I go to whichever laboratory my doctor recommends I go to whichever laboratory my HMO covers;1.0;1.0;0.0;0.0;0.0;0.0;0.0;0.0;0.0;;;;;;;;;;;;;Ecolab;Much better;Much better;Much better;Better;Better;Much better;Better;The previous laboratory was inconvenient to access I moved to a new area;0.0;1.0;0.0;0.0;0.0;1.0;0.0;;Price matters but quality comes first;₦50,000-100,000;Receive via email;Book through a mobile app;;No;;797326952;b2d1e651-30f6-4ace-a802-604be25d5ea5;2026-07-21T22:32:58;submitted_via_web;vcuMVyHEmtj3KUokEUBV7q;uuid:b2d1e651-30f6-4ace-a802-604be25d5ea5;280
Yes, I consent to participate;35-44;Female;Self-employed/business owner;;Gwarimpa;;Yes, through my employer;SYNLAB Nigeria;SYNLAB Nigeria;1.0;0.0;0.0;0.0;0.0;0.0;0.0;0.0;0.0;0.0;0.0;0.0;0.0;0.0;0.0;;Recommendation from a friend or family member;;;;;;;;;;;;;;;0.0;;;Routine health check;;I go to whichever laboratory my HMO covers;0.0;1.0;0.0;0.0;0.0;0.0;0.0;0.0;0.0;;5- Excellent;10.0;;;;;;;;;;;Better;Much better;Better;Better;Much better;Much better;Much better;;;;;;;;;;;;;;;;;798682569;18ba0ebd-d625-4004-9b6c-50baaa4df073;2026-07-17T01:39:12;submitted_via_web;vcuMVyHEmtj3KUokEUBV7q;uuid:18ba0ebd-d625-4004-9b6c-50baaa4df073;281
Yes, I consent to participate;35-44;Male;Corporate/salaried professional;;Gwarimpa;;Yes, through my employer;SYNLAB;;;;;;;;;;;;;;;;0.0;;;;SYNLAB Nigeria Clinix;1.0;0.0;0.0;0.0;1.0;0.0;0.0;0.0;0.0;0.0;0.0;0.0;0.0;0.0;;Insurance or HMO requirement;;I go to whichever laboratory my doctor recommends I go to whichever laboratory my HMO covers;1.0;1.0;0.0;0.0;0.0;0.0;0.0;0.0;0.0;;;;;Satisfied;Very satisfied;Satisfied;Satisfied;Very satisfied;Very satisfied;Did not experience this;Satisfied;"SYNLAB; Overall satisfactory service";I cannot compare;Better;About the same;I cannot compare;Better;I cannot compare;I cannot compare;The previous laboratory was inconvenient to access My doctor or HMO recommended a different laboratory I moved to a new area;0.0;1.0;0.0;0.0;1.0;1.0;0.0;;Price matters but quality comes first;Below ₦20,000;I have no preference;I have no preference;;Yes;adetoheeb20@gmail.com;798466860;aab696b8-4b52-4364-bc23-6b1af3450df9;2026-07-22T21:50:55;submitted_via_web;vcuMVyHEmtj3KUokEUBV7q;uuid:aab696b8-4b52-4364-bc23-6b1af3450df9;282
Yes, I consent to participate;45-54;Female;Civil servant;;Kubwa;;Yes, through my employer;Synlab;SYNLAB Nigeria Lifebridge Medical Diagnostics;1.0;0.0;0.0;0.0;0.0;0.0;0.0;0.0;0.0;1.0;0.0;0.0;0.0;0.0;0.0;;Recommendation from a friend or family member;;SYNLAB Nigeria Lifebridge Medical Diagnostics;1.0;0.0;0.0;0.0;0.0;0.0;0.0;0.0;1.0;0.0;0.0;0.0;0.0;0.0;;Doctor's referral for a specific test;;I go to whichever laboratory my HMO covers;0.0;1.0;0.0;0.0;0.0;0.0;0.0;0.0;0.0;;3- Neutral;6.0;Neutral;Dissatisfied;Neutral;Satisfied;Satisfied;Satisfied;Very satisfied;Did not experience this;Neutral;No preference;About the same;Better;Much better;About the same;Better;Better;Better;My doctor or HMO recommended a different laboratory;0.0;0.0;0.0;0.0;1.0;0.0;0.0;;Price matters but quality comes first;₦20,000-50,000;Access through an online patient portal or app;Walk in without an appointment;Not really;Yes;;797466853;14d3f2a6-db56-4a0d-abdb-7e6572a49081;2026-07-20T05:52:42;submitted_via_web;vcuMVyHEmtj3KUokEUBV7q;uuid:14d3f2a6-db56-4a0d-abdb-7e6572a49081;283
Yes, I consent to participate;25-34;Female;Corporate/salaried professional;;Gwarimpa;;Yes, I pay for it personally;Synlab;SYNLAB Nigeria;1.0;0.0;0.0;0.0;0.0;0.0;0.0;0.0;0.0;0.0;0.0;0.0;0.0;0.0;0.0;;Recommendation from a doctor or healthcare professional;;SYNLAB Nigeria;1.0;0.0;0.0;0.0;0.0;0.0;0.0;0.0;0.0;0.0;0.0;0.0;0.0;0.0;;Doctor's referral for a specific test;;I go to whichever laboratory my doctor recommends;1.0;0.0;0.0;0.0;0.0;0.0;0.0;0.0;0.0;;3- Neutral;7.0;They have never let me down;Satisfied;Satisfied;Satisfied;Very satisfied;Satisfied;Satisfied;Neutral;Satisfied;Synlab, reason is that they have friendly staff;Better;Much better;Much better;Better;Much better;Much better;Better;I was dissatisfied with the customer service;0.0;0.0;0.0;1.0;0.0;0.0;0.0;;Price is important but not the most important factor;₦50,000-100,000;Collect physical copy from the laboratory;Walk in without an appointment;Advertise more and try reduce cost from other laboratories;Yes;;799345974;568a483b-af9c-4b41-be2d-332584597c5b;2026-07-21T20:38:48;submitted_via_web;vcuMVyHEmtj3KUokEUBV7q;uuid:568a483b-af9c-4b41-be2d-332584597c5b;284
Yes, I consent to participate;45-54;Male;Unemployed;;Asokoro;;No, I pay out of pocket;;e-Clinic & Diagnostics;0.0;0.0;0.0;0.0;0.0;0.0;0.0;0.0;0.0;0.0;0.0;1.0;0.0;0.0;0.0;;;;I have never used any medical laboratory;0.0;0.0;0.0;0.0;0.0;0.0;0.0;0.0;0.0;0.0;0.0;0.0;0.0;1.0;;Routine health check;;I search online for options;0.0;0.0;0.0;0.0;1.0;0.0;0.0;0.0;0.0;;;;;;;;;;;;;;Better;Better;Much better;Better;Better;Better;Better;I moved to a new area;0.0;0.0;0.0;0.0;0.0;1.0;0.0;;Price matters but quality comes first;₦20,000-50,000;Receive via email;Book online through a website;;No;;798835264;a11dc3ac-51ec-46fb-afcd-37f8c83caa7e;2026-07-16T04:08:11;submitted_via_web;vcuMVyHEmtj3KUokEUBV7q;uuid:a11dc3ac-51ec-46fb-afcd-37f8c83caa7e;285
Yes, I consent to participate;35-44;Female;Student;;Asokoro;;I am not sure;Asokoro;SYNLAB Nigeria;1.0;0.0;0.0;0.0;0.0;0.0;0.0;0.0;0.0;0.0;0.0;0.0;0.0;0.0;0.0;;Recommendation from a doctor or healthcare professional;;SYNLAB Nigeria;1.0;0.0;0.0;0.0;0.0;0.0;0.0;0.0;0.0;0.0;0.0;0.0;1.0;0.0;;Pre-employment medical;;I go to whichever laboratory my doctor recommends;1.0;0.0;0.0;0.0;0.0;0.0;0.0;0.0;0.0;;4 - Good;5.0;There are good;Neutral;Satisfied;Very satisfied;Very satisfied;Neutral;Neutral;Dissatisfied;Neutral;Eco lab;Much better;Better;Better;About the same;Much better;Better;About the same;The previous laboratory was inconvenient to access;0.0;1.0;0.0;0.0;0.0;0.0;0.0;;Price matters but quality comes first;₦50,000-100,000;Access through an online patient portal or app;Call the laboratory directly;Nill;Yes;jimohsidikat191@gmail.com;797731993;82d54ae8-183e-45c5-a3af-99f2ed9540d5;2026-07-22T14:55:25;submitted_via_web;vcuMVyHEmtj3KUokEUBV7q;uuid:82d54ae8-183e-45c5-a3af-99f2ed9540d5;286
Yes, I consent to participate;45-54;Male;Corporate/salaried professional;;Gwagwalada;;No, I pay out of pocket;Eco lab;None of the above;0.0;0.0;0.0;0.0;0.0;0.0;0.0;0.0;0.0;0.0;0.0;0.0;1.0;0.0;1.0;;;;Other (please specify);0.0;0.0;0.0;0.0;0.0;0.0;0.0;0.0;0.0;0.0;0.0;1.0;1.0;0.0;Eco lab;Routine health check;;I choose based on the laboratory's reputation;0.0;0.0;0.0;0.0;0.0;0.0;0.0;1.0;0.0;;;;;;;;;;;;;Eco lab, they are just too perfect;Much better;Much better;Much better;Much better;Much better;Much better;Much better;Other (please specify);0.0;0.0;0.0;0.0;0.0;0.0;1.0;Have never switched, been using eco lab for the past 13 years;Price is not a significant factor in my decision;₦20,000-50,000;Access through an online patient portal or app;Book online through a website;Honestly this my first time of hearing synlab6yy;No;;797746836;c6d23703-d643-4a26-88a0-316c0e3bc5e6;2026-07-18T18:03:47;submitted_via_web;vcuMVyHEmtj3KUokEUBV7q;uuid:c6d23703-d643-4a26-88a0-316c0e3bc5e6;287
Yes, I consent to participate;35-44;Female;Healthcare professional;;Others;Maitama;No, I pay out of pocket;Lifebridge;Lifebridge Medical Diagnostics;0.0;0.0;0.0;0.0;0.0;0.0;0.0;0.0;0.0;1.0;0.0;0.0;0.0;0.0;0.0;;;;Lifebridge Medical Diagnostics;0.0;0.0;0.0;0.0;0.0;0.0;0.0;0.0;1.0;0.0;0.0;0.0;0.0;0.0;;Doctor's referral for a specific test;;I go to whichever laboratory my doctor recommends;1.0;0.0;0.0;0.0;0.0;0.0;0.0;0.0;0.0;;;;;;;;;;;;;Life bridge because the diagnosis is well explanatory;Better;Better;Better;I cannot compare;Better;I cannot compare;I cannot compare;I was dissatisfied with the quality or accuracy of results;0.0;0.0;1.0;0.0;0.0;0.0;0.0;;Price is the most important factor;₦20,000-50,000;Receive via email;Book through a mobile app;No;Yes;;797841134;5406fdfe-8744-4964-bdba-6a27fc149929;2026-07-18T17:14:46;submitted_via_web;vcuMVyHEmtj3KUokEUBV7q;uuid:5406fdfe-8744-4964-bdba-6a27fc149929;288
Yes, I consent to participate;35-44;Male;Self-employed/business owner;;Asokoro;;Yes, I pay for it personally;Ecolab;SYNLAB Nigeria;1.0;0.0;0.0;0.0;0.0;0.0;0.0;0.0;0.0;0.0;0.0;0.0;0.0;0.0;1.0;;Social media;;SYNLAB Nigeria;1.0;0.0;0.0;0.0;0.0;0.0;0.0;0.0;0.0;0.0;0.0;0.0;0.0;0.0;;Monitoring an existing health condition;;I ask friends or family for a recommendation;0.0;0.0;0.0;0.0;0.0;1.0;0.0;0.0;0.0;;3- Neutral;4.0;;Neutral;Neutral;Neutral;Neutral;Neutral;Satisfied;Satisfied;Neutral;;Better;Better;Much better;Better;Much better;I cannot compare;Much better;The previous laboratory was too expensive;1.0;0.0;0.0;0.0;0.0;0.0;0.0;;Price matters but quality comes first;Above ₦200,000;Collect physical copy from the laboratory;Walk in without an appointment;;Yes;;798442035;d23e9fb3-9ebf-468a-b1f0-a8dcf7dea98f;2026-07-17T04:29:53;submitted_via_web;vcuMVyHEmtj3KUokEUBV7q;uuid:d23e9fb3-9ebf-468a-b1f0-a8dcf7dea98f;289
Yes, I consent to participate;35-44;Female;Self-employed/business owner;;Wuse;;No, I pay out of pocket;;SYNLAB Nigeria e-Clinic & Diagnostics;1.0;0.0;0.0;0.0;0.0;0.0;0.0;0.0;0.0;0.0;0.0;1.0;0.0;0.0;0.0;;I passed by a SYNLAB location;;SYNLAB Nigeria;1.0;0.0;0.0;0.0;0.0;0.0;0.0;0.0;0.0;0.0;0.0;0.0;0.0;0.0;;Routine health check;;I choose based on proximity to my home or workplace;0.0;0.0;1.0;0.0;0.0;0.0;0.0;0.0;0.0;;4 - Good;8.0;;Satisfied;Very satisfied;Satisfied;Satisfied;Satisfied;Satisfied;Very satisfied;Satisfied;;About the same;Better;Better;About the same;Better;Much better;Much better;I moved to a new area;0.0;0.0;0.0;0.0;0.0;1.0;0.0;;Price is not a significant factor in my decision;₦50,000-100,000;Collect physical copy from the laboratory;Call the laboratory directly;;Yes;;796286833;745d4a5b-c22e-4999-8a1a-8278c8751503;2026-07-18T20:00:13;submitted_via_web;vcuMVyHEmtj3KUokEUBV7q;uuid:745d4a5b-c22e-4999-8a1a-8278c8751503;290
Yes, I consent to participate;35-44;Male;Corporate/salaried professional;;Gwarimpa;;Yes, through my employer;;None of the above;0.0;0.0;0.0;0.0;0.0;0.0;0.0;0.0;0.0;0.0;0.0;0.0;1.0;0.0;0.0;;;;I have never used any medical laboratory;0.0;0.0;0.0;0.0;0.0;0.0;0.0;0.0;0.0;0.0;0.0;0.0;0.0;1.0;;Doctor's referral for a specific test;;I go to whichever laboratory my HMO covers;0.0;1.0;0.0;0.0;0.0;0.0;0.0;0.0;0.0;;;;;;;;;;;;;;About the same;About the same;I cannot compare;About the same;About the same;I cannot compare;About the same;My doctor or HMO recommended a different laboratory I moved to a new area;0.0;0.0;0.0;0.0;1.0;1.0;0.0;;Price is important but not the most important factor;Below ₦20,000;Receive via WhatsApp;Book through a mobile app;;No;;799146643;e4f45b48-2e5d-40cf-b55c-305aafeae72c;2026-07-22T12:05:27;submitted_via_web;vcuMVyHEmtj3KUokEUBV7q;uuid:e4f45b48-2e5d-40cf-b55c-305aafeae72c;291
Yes, I consent to participate;35-44;Male;Self-employed/business owner;;Lugbe;;Yes, through my employer;Boraxe;Lifebridge Medical Diagnostics;0.0;0.0;0.0;0.0;0.0;0.0;0.0;0.0;0.0;1.0;0.0;0.0;0.0;0.0;0.0;;;;Lifebridge Medical Diagnostics;0.0;0.0;0.0;0.0;0.0;0.0;0.0;0.0;1.0;0.0;0.0;0.0;0.0;0.0;;Routine health check;;I choose based on proximity to my home or workplace;0.0;0.0;1.0;0.0;0.0;0.0;0.0;0.0;0.0;;;;;;;;;;;;;Lifebridge, because of equipment and service delivery;Much better;Much better;Much better;About the same;Much better;Much better;Much better;I moved to a new area;0.0;0.0;0.0;0.0;0.0;1.0;0.0;;Price is not a significant factor in my decision;₦20,000-50,000;Receive via WhatsApp;Book online through a website;Synlab can do more ro be notice, like CSR involvement;Yes;;799335341;1a35941b-fc0f-41d1-95a2-2b3fdafdd4ee;2026-07-17T11:34:43;submitted_via_web;vcuMVyHEmtj3KUokEUBV7q;uuid:1a35941b-fc0f-41d1-95a2-2b3fdafdd4ee;292
Yes, I consent to participate;35-44;Female;Self-employed/business owner;;Asokoro;;Yes, I pay for it personally;;SYNLAB Nigeria;1.0;0.0;0.0;0.0;0.0;0.0;0.0;0.0;0.0;0.0;0.0;0.0;0.0;0.0;0.0;;Recommendation from a doctor or healthcare professional;;SYNLAB Nigeria;1.0;0.0;0.0;0.0;0.0;0.0;0.0;0.0;0.0;0.0;0.0;0.0;0.0;0.0;;Routine health check;;I go to whichever laboratory my doctor recommends;1.0;0.0;0.0;0.0;0.0;0.0;0.0;0.0;0.0;;;;;;;;;;;;;;;;;;;;;;;;;;;;;;;;;;;No;;799902429;45c27fd6-d927-4414-bff5-2288b0fcd96a;2026-07-22T05:13:39;submitted_via_web;vcuMVyHEmtj3KUokEUBV7q;uuid:45c27fd6-d927-4414-bff5-2288b0fcd96a;293
Yes, I consent to participate;25-34;Male;Unemployed;;Gwagwalada;;No, I pay out of pocket;Mecure;Mecure Healthcare;0.0;0.0;1.0;0.0;0.0;0.0;0.0;0.0;0.0;0.0;0.0;0.0;0.0;0.0;0.0;;;;I have never used any medical laboratory;0.0;0.0;0.0;0.0;0.0;0.0;0.0;0.0;0.0;0.0;0.0;0.0;0.0;1.0;;;;I choose based on price;0.0;0.0;0.0;0.0;0.0;0.0;1.0;0.0;0.0;;;;;;;;;;;;;;I cannot compare;I cannot compare;I cannot compare;I cannot compare;I cannot compare;I cannot compare;Better;;;;;;;;;;Price matters but quality comes first;Below ₦20,000;Receive via email;Walk in without an appointment;;No;;797758028;ecc28903-2f78-40e4-843e-5e24e9796906;2026-07-19T11:34:24;submitted_via_web;vcuMVyHEmtj3KUokEUBV7q;uuid:ecc28903-2f78-40e4-843e-5e24e9796906;294
Yes, I consent to participate;45-54;Male;Unemployed;;Asokoro;;No, I pay out of pocket;;e-Clinic & Diagnostics;0.0;0.0;0.0;0.0;0.0;0.0;0.0;0.0;0.0;0.0;0.0;1.0;0.0;0.0;0.0;;;;I have never used any medical laboratory;0.0;0.0;0.0;0.0;0.0;0.0;0.0;0.0;0.0;0.0;0.0;0.0;0.0;1.0;;Routine health check;;I search online for options;0.0;0.0;0.0;0.0;1.0;0.0;0.0;0.0;0.0;;;;;;;;;;;;;;Better;Better;Much better;Better;Better;Better;Better;I moved to a new area;0.0;0.0;0.0;0.0;0.0;1.0;0.0;;Price matters but quality comes first;₦20,000-50,000;Receive via email;Book online through a website;;No;;798046504;0ee027cb-49f2-4b57-bdf9-e620b1858253;2026-07-22T00:06:06;submitted_via_web;vcuMVyHEmtj3KUokEUBV7q;uuid:0ee027cb-49f2-4b57-bdf9-e620b1858253;295
Yes, I consent to participate;35-44;Male;Civil servant;;Kubwa;;Yes, through my employer;Medi care;SYNLAB Nigeria;1.0;0.0;0.0;0.0;0.0;0.0;0.0;0.0;0.0;0.0;0.0;0.0;0.0;0.0;0.0;;Referred by my HMO or employer;;SYNLAB Nigeria;1.0;0.0;0.0;0.0;0.0;0.0;0.0;0.0;0.0;0.0;0.0;0.0;0.0;0.0;;Routine health check;;I go to whichever laboratory my HMO covers;0.0;1.0;0.0;0.0;0.0;0.0;0.0;0.0;0.0;;4 - Good;5.0;;Satisfied;Satisfied;Satisfied;Satisfied;Satisfied;Satisfied;Neutral;Satisfied;Medi care, because they very good;Better;Better;Better;Better;Much better;Much better;Better;My doctor or HMO recommended a different laboratory;0.0;0.0;0.0;0.0;1.0;0.0;0.0;;Price matters but quality comes first;₦50,000-100,000;Receive via email;Book through my HMO or employer's portal;No;Yes;a.salisu01@gmail.com;798890416;45d3d344-f25b-4b6b-9a23-9727a4644578;2026-07-18T22:20:57;submitted_via_web;vcuMVyHEmtj3KUokEUBV7q;uuid:45d3d344-f25b-4b6b-9a23-9727a4644578;296
Yes, I consent to participate;35-44;Female;Corporate/salaried professional;;Gwagwalada;;Yes, I pay for it personally;SYNLAB Nigeria;SYNLAB Nigeria e-Clinic & Diagnostics;1.0;0.0;0.0;0.0;0.0;0.0;0.0;0.0;0.0;0.0;0.0;1.0;0.0;0.0;0.0;;Recommendation from a doctor or healthcare professional;;SYNLAB Nigeria e-Clinic & Diagnostics;1.0;0.0;0.0;0.0;0.0;0.0;0.0;0.0;0.0;0.0;1.0;0.0;0.0;0.0;;Doctor's referral for a specific test;;I go to whichever laboratory my HMO covers;0.0;1.0;0.0;0.0;0.0;0.0;0.0;0.0;0.0;;5- Excellent;9.0;Best experience;Satisfied;Very satisfied;Very satisfied;Very satisfied;Very satisfied;Very satisfied;Did not experience this;Satisfied;SYNLAB Nigeria;Better;Much better;Much better;Better;Much better;Better;I cannot compare;My doctor or HMO recommended a different laboratory;0.0;0.0;0.0;0.0;1.0;0.0;0.0;;Price matters but quality comes first;₦20,000-50,000;Collect physical copy from the laboratory;Walk in without an appointment;Keep it up;Yes;semluv@gmail.com;799976620;5051df00-cc36-477f-988c-6e0ccb3f2138;2026-07-15T23:15:50;submitted_via_web;vcuMVyHEmtj3KUokEUBV7q;uuid:5051df00-cc36-477f-988c-6e0ccb3f2138;297
Yes, I consent to participate;35-44;Male;Student;;Asokoro;;I am not sure;Nha;None of the above;0.0;0.0;0.0;0.0;0.0;0.0;0.0;0.0;0.0;0.0;0.0;0.0;1.0;0.0;0.0;;;;I have never used any medical laboratory;0.0;0.0;0.0;0.0;0.0;0.0;0.0;0.0;0.0;0.0;0.0;0.0;0.0;1.0;;Routine health check;;I go to whichever laboratory my doctor recommends;1.0;0.0;0.0;0.0;0.0;0.0;0.0;0.0;0.0;;;;;;;;;;;;;They care;Better;Better;Much better;Much better;Better;Much better;About the same;I moved to a new area;0.0;0.0;0.0;0.0;0.0;1.0;0.0;;Price is important but not the most important factor;Below ₦20,000;Receive via email;Walk in without an appointment;Nice;No;;797011420;4a4d0243-1cee-4be8-8f6b-884f99db2426;2026-07-19T01:40:37;submitted_via_web;vcuMVyHEmtj3KUokEUBV7q;uuid:4a4d0243-1cee-4be8-8f6b-884f99db2426;298
Yes, I consent to participate;35-44;Male;Civil servant;;Kubwa;;Yes, through my employer;Medi care;SYNLAB Nigeria;1.0;0.0;0.0;0.0;0.0;0.0;0.0;0.0;0.0;0.0;0.0;0.0;0.0;0.0;0.0;;Referred by my HMO or employer;;SYNLAB Nigeria;1.0;0.0;0.0;0.0;0.0;0.0;0.0;0.0;0.0;0.0;0.0;0.0;0.0;0.0;;Routine health check;;I go to whichever laboratory my HMO covers;0.0;1.0;0.0;0.0;0.0;0.0;0.0;0.0;0.0;;4 - Good;5.0;;Satisfied;Satisfied;Satisfied;Satisfied;Satisfied;Satisfied;Neutral;Satisfied;Medi care, because they very good;Better;Better;Better;Better;Much better;Much better;Better;My doctor or HMO recommended a different laboratory;0.0;0.0;0.0;0.0;1.0;0.0;0.0;;Price matters but quality comes first;₦50,000-100,000;Receive via email;Book through my HMO or employer's portal;No;Yes;a.salisu01@gmail.com;796222744;a2f7c1e3-734c-4faa-ab2b-2fdb04ba073c;2026-07-22T08:07:19;submitted_via_web;vcuMVyHEmtj3KUokEUBV7q;uuid:a2f7c1e3-734c-4faa-ab2b-2fdb04ba073c;299
Yes, I consent to participate;35-44;Male;Civil servant;;Wuse;;Yes, through my employer;Eco scan;SYNLAB Nigeria;1.0;0.0;0.0;0.0;0.0;0.0;0.0;0.0;0.0;0.0;0.0;0.0;0.0;0.0;1.0;;I passed by a SYNLAB location;;SYNLAB Nigeria;1.0;0.0;0.0;0.0;0.0;0.0;0.0;0.0;0.0;0.0;0.0;0.0;0.0;0.0;;Routine health check;;I choose based on proximity to my home or workplace;0.0;0.0;1.0;0.0;0.0;0.0;0.0;0.0;0.0;;4 - Good;6.0;My view;Satisfied;Satisfied;Very satisfied;Very satisfied;Very satisfied;Satisfied;Satisfied;Satisfied;Synlab cause of their performance;Better;Much better;Much better;Better;Much better;About the same;Better;The previous laboratory was inconvenient to access;0.0;1.0;0.0;0.0;0.0;0.0;0.0;;Price matters but quality comes first;₦20,000-50,000;Collect physical copy from the laboratory;Walk in without an appointment;;Yes;;796354444;85e63668-6f46-4f03-842a-7d3470fb14d3;2026-07-18T01:10:07;submitted_via_web;vcuMVyHEmtj3KUokEUBV7q;uuid:85e63668-6f46-4f03-842a-7d3470fb14d3;300
Yes, I consent to participate;35-44;Female;Civil servant;;Others;Nyanya Area A last road;Yes, I pay for it personally;Gaskiya medical laboratory;Other (please specify);0.0;0.0;0.0;0.0;0.0;0.0;0.0;0.0;0.0;0.0;0.0;0.0;0.0;1.0;0.0;;;;SYNLAB Nigeria;1.0;0.0;0.0;0.0;0.0;0.0;0.0;0.0;0.0;0.0;0.0;0.0;0.0;0.0;;Insurance or HMO requirement;;Other (please specify);0.0;0.0;0.0;0.0;0.0;0.0;0.0;0.0;1.0;;;;;Neutral;Neutral;Neutral;Dissatisfied;Neutral;Very dissatisfied;Very dissatisfied;Very dissatisfied;;Better;Much better;Much better;Better;Worse;Much worse;Much worse;I moved to a new area;0.0;0.0;0.0;0.0;0.0;1.0;0.0;;Price matters but quality comes first;₦20,000-50,000;Collect physical copy from the laboratory;Book through my HMO or employer's portal;;Yes;;797674486;7627f3ce-a368-4943-b134-4f71bdbfb96d;2026-07-21T06:07:52;submitted_via_web;vcuMVyHEmtj3KUokEUBV7q;uuid:7627f3ce-a368-4943-b134-4f71bdbfb96d;301
Yes, I consent to participate;35-44;Male;Corporate/salaried professional;;Asokoro;;No, I pay out of pocket;Nyanya General Hospital;None of the above;0.0;0.0;0.0;0.0;0.0;0.0;0.0;0.0;0.0;0.0;0.0;0.0;1.0;0.0;0.0;;;;I have never used any medical laboratory;0.0;0.0;0.0;0.0;0.0;0.0;0.0;0.0;0.0;0.0;0.0;0.0;0.0;1.0;;Routine health check;;I choose based on the laboratory's reputation;0.0;0.0;0.0;0.0;0.0;0.0;0.0;1.0;0.0;;;;;;;;;;;;;;Better;Better;Better;Better;Better;Better;Better;I moved to a new area;0.0;0.0;0.0;0.0;0.0;1.0;0.0;;Price matters but quality comes first;;Receive via email;Book online through a website;;Yes;;799975754;ae7cc80d-f765-4b6b-b63d-dc30dda0385e;2026-07-21T10:32:44;submitted_via_web;vcuMVyHEmtj3KUokEUBV7q;uuid:ae7cc80d-f765-4b6b-b63d-dc30dda0385e;302
Yes, I consent to participate;35-44;Male;Other (please specify);Fashion designer;Gwagwalada;;No, I pay out of pocket;Gwagwalada;None of the above;0.0;0.0;0.0;0.0;0.0;0.0;0.0;0.0;0.0;0.0;0.0;0.0;1.0;0.0;0.0;;;;I have never used any medical laboratory;0.0;0.0;0.0;0.0;0.0;0.0;0.0;0.0;0.0;0.0;0.0;0.0;0.0;1.0;;Routine health check;;I choose based on the laboratory's reputation;0.0;0.0;0.0;0.0;0.0;0.0;0.0;1.0;0.0;;;;;;;;;;;;;;Better;Better;Better;Better;Better;Better;Better;I moved to a new area;0.0;0.0;0.0;0.0;0.0;1.0;0.0;;Price matters but quality comes first;Below ₦20,000;Collect physical copy from the laboratory;Book through a mobile app;;No;;796187955;ef46221c-eb48-426d-a935-489497ad6084;2026-07-19T01:56:56;submitted_via_web;vcuMVyHEmtj3KUokEUBV7q;uuid:ef46221c-eb48-426d-a935-489497ad6084;303
Yes, I consent to participate;25-34;Female;Self-employed/business owner;;Gwarimpa;;Yes, I pay for it personally;;None of the above;0.0;0.0;0.0;0.0;0.0;0.0;0.0;0.0;0.0;0.0;0.0;0.0;1.0;0.0;0.0;;;;Other (please specify);0.0;0.0;0.0;0.0;0.0;0.0;0.0;0.0;0.0;0.0;0.0;1.0;0.0;0.0;;Doctor's referral for a specific test;;I choose based on the laboratory's reputation;0.0;0.0;0.0;0.0;0.0;0.0;0.0;1.0;0.0;;;;;;;;;;;;;Save light lab;Better;Better;Better;Better;Better;Better;Better;The previous laboratory was inconvenient to access;0.0;1.0;0.0;0.0;0.0;0.0;0.0;;Price is important but not the most important factor;Below ₦20,000;Receive via email;Walk in without an appointment;;Yes;;799415342;020d326b-b388-456c-b056-fe491b707c34;2026-07-22T05:09:51;submitted_via_web;vcuMVyHEmtj3KUokEUBV7q;uuid:020d326b-b388-456c-b056-fe491b707c34;304
Yes, I consent to participate;35-44;Female;Healthcare professional;;Gwagwalada;;Yes, through my employer;SYNLAB Nigeria;SYNLAB Nigeria Clina Lancet Mecure Healthcare Afriglobal Medicare Clinix AMCE (African Medical Centre of Excellence);1.0;1.0;1.0;1.0;1.0;1.0;0.0;0.0;0.0;0.0;0.0;0.0;0.0;0.0;0.0;;Recommendation from a doctor or healthcare professional;;SYNLAB Nigeria Clinix;1.0;0.0;0.0;0.0;1.0;0.0;0.0;0.0;0.0;0.0;0.0;0.0;0.0;0.0;;Routine health check;;I go to whichever laboratory my HMO covers I choose based on previous experience;0.0;1.0;0.0;1.0;0.0;0.0;0.0;0.0;0.0;;5- Excellent;8.0;SYNLAB reputation preceeds it;Satisfied;Satisfied;Very satisfied;Very satisfied;Very satisfied;Very satisfied;Very satisfied;Very satisfied;SYNLAB Nigeria;Better;Much better;Much better;I cannot compare;Much better;Much better;Much better;I was dissatisfied with the quality or accuracy of results I was dissatisfied with the customer service;0.0;0.0;1.0;1.0;0.0;0.0;0.0;;Price matters but quality comes first;₦100,000-200,000;Receive via email;Book online through a website;Please help us bring down the price small;Yes;;796135954;b8de7a65-cb10-41c6-8374-d68ccf08cd74;2026-07-21T13:38:33;submitted_via_web;vcuMVyHEmtj3KUokEUBV7q;uuid:b8de7a65-cb10-41c6-8374-d68ccf08cd74;305
Yes, I consent to participate;45-54;Female;Civil servant;;Others;Gwagwalada;Yes, through my employer;;AMCE (African Medical Centre of Excellence);0.0;0.0;0.0;0.0;0.0;1.0;0.0;0.0;0.0;0.0;0.0;0.0;0.0;0.0;0.0;;;;;;;;;;;;;;;;;0.0;;;Doctor's referral for a specific test;;I go to whichever laboratory my doctor recommends;1.0;0.0;0.0;0.0;0.0;0.0;0.0;0.0;0.0;;;;;;;;;;;;;;I cannot compare;Better;Much better;I cannot compare;I cannot compare;I cannot compare;I cannot compare;The previous laboratory was too expensive;1.0;0.0;0.0;0.0;0.0;0.0;0.0;;Price matters but quality comes first;Below ₦20,000;Collect physical copy from the laboratory;Walk in without an appointment;;Yes;gracejoshua499@gmail.com;796490719;70eaec55-e560-47ae-a67b-a904e70c73b1;2026-07-20T08:27:13;submitted_via_web;vcuMVyHEmtj3KUokEUBV7q;uuid:70eaec55-e560-47ae-a67b-a904e70c73b1;306
Yes, I consent to participate;35-44;Female;Healthcare professional;;Gwagwalada;;Yes, through my employer;My hospital have a lab;Lifebridge Medical Diagnostics;0.0;0.0;0.0;0.0;0.0;0.0;0.0;0.0;0.0;1.0;0.0;0.0;0.0;0.0;0.0;;;;Lifebridge Medical Diagnostics;0.0;0.0;0.0;0.0;0.0;0.0;0.0;0.0;1.0;0.0;0.0;0.0;0.0;0.0;;Routine health check;;I go to whichever laboratory my HMO covers;0.0;1.0;0.0;0.0;0.0;0.0;0.0;0.0;0.0;;;;;;;;;;;;;Lifebridge;Much better;Much better;Much better;Much better;Much better;Much better;Much better;Other (please specify);0.0;0.0;0.0;0.0;0.0;0.0;1.0;No;Price matters but quality comes first;₦20,000-50,000;Access through an online patient portal or app;Call the laboratory directly;;Yes;;798144491;3cf8bd06-12bf-4c5e-898e-8309351c60e8;2026-07-15T19:27:33;submitted_via_web;vcuMVyHEmtj3KUokEUBV7q;uuid:3cf8bd06-12bf-4c5e-898e-8309351c60e8;307
Yes, I consent to participate;35-44;Female;Civil servant;;Gwagwalada;;Yes, through my employer;Health care  scan;Lifebridge Medical Diagnostics;0.0;0.0;0.0;0.0;0.0;0.0;0.0;0.0;0.0;1.0;0.0;0.0;0.0;0.0;0.0;;;;Lifebridge Medical Diagnostics;0.0;0.0;0.0;0.0;0.0;0.0;0.0;0.0;1.0;0.0;0.0;0.0;0.0;0.0;;Doctor's referral for a specific test;;I go to whichever laboratory my doctor recommends;1.0;0.0;0.0;0.0;0.0;0.0;0.0;0.0;0.0;;;;;;;;;;;;;Health care , very affordable;Better;Better;Better;Better;Better;Better;Better;I was dissatisfied with the quality or accuracy of results;0.0;0.0;1.0;0.0;0.0;0.0;0.0;;Price is important but not the most important factor;₦20,000-50,000;Collect physical copy from the laboratory;Walk in without an appointment;;Yes;;798866692;ff33359d-ac2b-48e5-b336-6db87fbc09cc;2026-07-20T22:41:31;submitted_via_web;vcuMVyHEmtj3KUokEUBV7q;uuid:ff33359d-ac2b-48e5-b336-6db87fbc09cc;308
Yes, I consent to participate;45-54;Male;Self-employed/business owner;;Gwagwalada;;No, I pay out of pocket;;None of the above;0.0;0.0;0.0;0.0;0.0;0.0;0.0;0.0;0.0;0.0;0.0;0.0;1.0;0.0;0.0;;;;Other (please specify);0.0;0.0;0.0;0.0;0.0;0.0;0.0;0.0;0.0;0.0;0.0;1.0;0.0;0.0;No;Routine health check;;I choose based on the laboratory's reputation;0.0;0.0;0.0;0.0;0.0;0.0;0.0;1.0;0.0;;;;;;;;;;;;;Exodus lab &scan;Much better;Much better;Much better;Better;Better;Better;Better;I was dissatisfied with the quality or accuracy of results;0.0;0.0;1.0;0.0;0.0;0.0;0.0;;Price is not a significant factor in my decision;₦50,000-100,000;Receive via email;Book online through a website;Never heard about it before until now;Yes;;798871910;269452bc-92da-47e6-a42d-cd1a248c856c;2026-07-20T23:27:03;submitted_via_web;vcuMVyHEmtj3KUokEUBV7q;uuid:269452bc-92da-47e6-a42d-cd1a248c856c;309
Yes, I consent to participate;35-44;Female;Self-employed/business owner;;Wuse;;No, I pay out of pocket;;SYNLAB Nigeria e-Clinic & Diagnostics;1.0;0.0;0.0;0.0;0.0;0.0;0.0;0.0;0.0;0.0;0.0;1.0;0.0;0.0;0.0;;I passed by a SYNLAB location;;SYNLAB Nigeria;1.0;0.0;0.0;0.0;0.0;0.0;0.0;0.0;0.0;0.0;0.0;0.0;0.0;0.0;;Routine health check;;I choose based on proximity to my home or workplace;0.0;0.0;1.0;0.0;0.0;0.0;0.0;0.0;0.0;;4 - Good;8.0;;Satisfied;Very satisfied;Satisfied;Satisfied;Satisfied;Satisfied;Very satisfied;Satisfied;;About the same;Better;Better;About the same;Better;Much better;Much better;I moved to a new area;0.0;0.0;0.0;0.0;0.0;1.0;0.0;;Price is not a significant factor in my decision;₦50,000-100,000;Collect physical copy from the laboratory;Call the laboratory directly;;Yes;;798120836;183dec19-46de-4a65-a615-4c20260f21c9;2026-07-18T08:13:10;submitted_via_web;vcuMVyHEmtj3KUokEUBV7q;uuid:183dec19-46de-4a65-a615-4c20260f21c9;310
Yes, I consent to participate;45-54;Male;Unemployed;;Asokoro;;No, I pay out of pocket;;e-Clinic & Diagnostics;0.0;0.0;0.0;0.0;0.0;0.0;0.0;0.0;0.0;0.0;0.0;1.0;0.0;0.0;0.0;;;;I have never used any medical laboratory;0.0;0.0;0.0;0.0;0.0;0.0;0.0;0.0;0.0;0.0;0.0;0.0;0.0;1.0;;Routine health check;;I search online for options;0.0;0.0;0.0;0.0;1.0;0.0;0.0;0.0;0.0;;;;;;;;;;;;;;Better;Better;Much better;Better;Better;Better;Better;I moved to a new area;0.0;0.0;0.0;0.0;0.0;1.0;0.0;;Price matters but quality comes first;₦20,000-50,000;Receive via email;Book online through a website;;No;;797580035;a8b51121-cf82-455b-87a1-1911bc182ceb;2026-07-23T04:29:41;submitted_via_web;vcuMVyHEmtj3KUokEUBV7q;uuid:a8b51121-cf82-455b-87a1-1911bc182ceb;311
Yes, I consent to participate;35-44;Female;Self-employed/business owner;;Gwagwalada;;No, I pay out of pocket;;Lifebridge Medical Diagnostics;0.0;0.0;0.0;0.0;0.0;0.0;0.0;0.0;0.0;1.0;0.0;0.0;0.0;0.0;0.0;;;;Lifebridge Medical Diagnostics;0.0;0.0;0.0;0.0;0.0;0.0;0.0;0.0;1.0;0.0;0.0;0.0;0.0;0.0;;Doctor's referral for a specific test;;I choose based on price;0.0;0.0;0.0;0.0;0.0;0.0;1.0;0.0;0.0;;;;;;;;;;;;;None i go to any one my doctor say;Much better;Much better;Better;Better;Much better;About the same;Much better;I was dissatisfied with the customer service;0.0;0.0;0.0;1.0;0.0;0.0;0.0;;Price matters but quality comes first;₦20,000-50,000;Collect physical copy from the laboratory;Walk in without an appointment;;Yes;;798647500;e9f73e6f-c185-4d18-9351-41b2f0081c8e;2026-07-18T10:07:08;submitted_via_web;vcuMVyHEmtj3KUokEUBV7q;uuid:e9f73e6f-c185-4d18-9351-41b2f0081c8e;312
Yes, I consent to participate;35-44;Male;Student;;Wuse;;I am not sure;;SYNLAB Nigeria;1.0;0.0;0.0;0.0;0.0;0.0;0.0;0.0;0.0;0.0;0.0;0.0;0.0;0.0;0.0;;Recommendation from a friend or family member;;I have never used any medical laboratory;0.0;0.0;0.0;0.0;0.0;0.0;0.0;0.0;0.0;0.0;0.0;0.0;0.0;1.0;;Monitoring an existing health condition;;I go to whichever laboratory my doctor recommends;1.0;0.0;0.0;0.0;0.0;0.0;0.0;0.0;0.0;;4 - Good;8.0;I just calculated;;;;;;;;;I think syn lab , because I think their fast and reliable;I cannot compare;About the same;I cannot compare;I cannot compare;I cannot compare;I cannot compare;I cannot compare;I moved to a new area;0.0;0.0;0.0;0.0;0.0;1.0;0.0;;Price is the most important factor;₦20,000-50,000;Access through an online patient portal or app;Book online through a website;No;Yes;;798534206;e4c6d991-d6d3-4824-b32d-2f422d84aafb;2026-07-22T10:53:36;submitted_via_web;vcuMVyHEmtj3KUokEUBV7q;uuid:e4c6d991-d6d3-4824-b32d-2f422d84aafb;313
Yes, I consent to participate;35-44;Male;Healthcare professional;;Kubwa;;Yes, through my employer;Eco scan;SYNLAB Nigeria Lifebridge Medical Diagnostics;1.0;0.0;0.0;0.0;0.0;0.0;0.0;0.0;0.0;1.0;0.0;0.0;0.0;0.0;1.0;;I passed by a SYNLAB location;;SYNLAB Nigeria Lifebridge Medical Diagnostics e-Clinic & Diagnostics;1.0;0.0;0.0;0.0;0.0;0.0;0.0;0.0;1.0;0.0;1.0;0.0;0.0;0.0;;Routine health check;;I go to whichever laboratory my HMO covers I choose based on proximity to my home or workplace;0.0;1.0;1.0;0.0;0.0;0.0;0.0;0.0;0.0;;3- Neutral;5.0;Indifferent;Neutral;Neutral;Neutral;Satisfied;Satisfied;Neutral;Neutral;Neutral;My Hospital;Better;About the same;About the same;About the same;Better;About the same;About the same;My doctor or HMO recommended a different laboratory I moved to a new area;0.0;0.0;0.0;0.0;1.0;1.0;0.0;;Price matters but quality comes first;₦20,000-50,000;I have no preference;I have no preference;Improvement;Yes;;799263694;8d781b34-1ad6-4f14-ad62-659ef1ab58fd;2026-07-21T16:55:15;submitted_via_web;vcuMVyHEmtj3KUokEUBV7q;uuid:8d781b34-1ad6-4f14-ad62-659ef1ab58fd;314
Yes, I consent to participate;45-54;Female;Self-employed/business owner;;Gwarimpa;;No, I pay out of pocket;Bravite diagnostics;SYNLAB Nigeria Mecure Healthcare None of the above;1.0;0.0;1.0;0.0;0.0;0.0;0.0;0.0;0.0;0.0;0.0;0.0;1.0;0.0;0.0;;;;SYNLAB Nigeria Mecure Healthcare Clinix;1.0;0.0;1.0;0.0;1.0;0.0;0.0;0.0;0.0;0.0;0.0;0.0;0.0;0.0;;Doctor's referral for a specific test;;I go to whichever laboratory my doctor recommends;1.0;0.0;0.0;0.0;0.0;0.0;0.0;0.0;0.0;;3- Neutral;10.0;;Very satisfied;Very satisfied;;Satisfied;Neutral;Neutral;Satisfied;Satisfied;Synlab - they are prompt and tech oriented;Better;Much better;Much better;Much better;Better;Much better;Much better;The previous laboratory was inconvenient to access;0.0;1.0;0.0;0.0;0.0;0.0;0.0;;Price matters but quality comes first;₦100,000-200,000;Access through an online patient portal or app;Book through a mobile app;;Yes;;797112117;2c966397-1cf0-4065-981d-3fcaffa78dea;2026-07-18T05:52:57;submitted_via_web;vcuMVyHEmtj3KUokEUBV7q;uuid:2c966397-1cf0-4065-981d-3fcaffa78dea;315
Yes, I consent to participate;45-54;Male;Self-employed/business owner;;Asokoro;;Yes, I pay for it personally;Echo lab;SYNLAB Nigeria Clinix e-Clinic & Diagnostics;1.0;0.0;0.0;0.0;1.0;0.0;0.0;0.0;0.0;0.0;0.0;1.0;0.0;0.0;1.0;;Recommendation from a friend or family member;;Other (please specify);0.0;0.0;0.0;0.0;0.0;0.0;0.0;0.0;0.0;0.0;0.0;1.0;0.0;0.0;Darlez and Everight;Routine health check;;I go to whichever laboratory my doctor recommends;1.0;0.0;0.0;0.0;0.0;0.0;0.0;0.0;0.0;;;;I’ve not used them before;;;;;;;;;;;;;;;;;;;;;;;;;;;;;;;;;799695790;c3a0ae30-d96f-4c0f-93fc-d5614ae3d9a1;2026-07-23T01:43:58;submitted_via_web;vcuMVyHEmtj3KUokEUBV7q;uuid:c3a0ae30-d96f-4c0f-93fc-d5614ae3d9a1;316
Yes, I consent to participate;55 and above;Male;Civil servant;;Wuse;;Yes, through my employer;Eclinic;e-Clinic & Diagnostics;0.0;0.0;0.0;0.0;0.0;0.0;0.0;0.0;0.0;0.0;0.0;1.0;0.0;0.0;0.0;;;;e-Clinic & Diagnostics;0.0;0.0;0.0;0.0;0.0;0.0;0.0;0.0;0.0;0.0;1.0;0.0;0.0;0.0;;Monitoring an existing health condition;;I choose based on proximity to my home or workplace;0.0;0.0;1.0;0.0;0.0;0.0;0.0;0.0;0.0;;;;;;;;;;;;;Synlab;Much better;Much better;Much better;I cannot compare;Better;Much better;Better;My doctor or HMO recommended a different laboratory;0.0;0.0;0.0;0.0;1.0;0.0;0.0;;Price matters but quality comes first;₦50,000-100,000;Access through an online patient portal or app;Walk in without an appointment;Low cost driver me;Yes;;797596921;216e4c71-a229-4996-9580-1c5eaa189765;2026-07-18T21:11:35;submitted_via_web;vcuMVyHEmtj3KUokEUBV7q;uuid:216e4c71-a229-4996-9580-1c5eaa189765;317
Yes, I consent to participate;35-44;Female;Healthcare professional;;Others;Maitama;No, I pay out of pocket;Lifebridge;Lifebridge Medical Diagnostics;0.0;0.0;0.0;0.0;0.0;0.0;0.0;0.0;0.0;1.0;0.0;0.0;0.0;0.0;0.0;;;;Lifebridge Medical Diagnostics;0.0;0.0;0.0;0.0;0.0;0.0;0.0;0.0;1.0;0.0;0.0;0.0;0.0;0.0;;Doctor's referral for a specific test;;I go to whichever laboratory my doctor recommends;1.0;0.0;0.0;0.0;0.0;0.0;0.0;0.0;0.0;;;;;;;;;;;;;Life bridge because the diagnosis is well explanatory;Better;Better;Better;I cannot compare;Better;I cannot compare;I cannot compare;I was dissatisfied with the quality or accuracy of results;0.0;0.0;1.0;0.0;0.0;0.0;0.0;;Price is the most important factor;₦20,000-50,000;Receive via email;Book through a mobile app;No;Yes;;796712121;54811ff9-1b66-4e51-8199-7f697126a835;2026-07-19T09:55:34;submitted_via_web;vcuMVyHEmtj3KUokEUBV7q;uuid:54811ff9-1b66-4e51-8199-7f697126a835;318
Yes, I consent to participate;35-44;Male;Civil servant;;Asokoro;;Yes, through my employer;Healthwise;Clinix;0.0;0.0;0.0;0.0;1.0;0.0;0.0;0.0;0.0;0.0;0.0;0.0;0.0;0.0;0.0;;;;Lifebridge Medical Diagnostics;0.0;0.0;0.0;0.0;0.0;0.0;0.0;0.0;1.0;0.0;0.0;0.0;0.0;0.0;;Routine health check;;I choose based on the laboratory's reputation;0.0;0.0;0.0;0.0;0.0;0.0;0.0;1.0;0.0;;;;;;;;;;;;;;Better;Much better;About the same;Better;Better;Much better;Much better;I was dissatisfied with the customer service;0.0;0.0;0.0;1.0;0.0;0.0;0.0;;Price matters but quality comes first;₦100,000-200,000;Access through an online patient portal or app;Book through a mobile app;;No;;797761793;4737636c-5082-48fb-b5a6-b9b020f4528b;2026-07-18T21:19:45;submitted_via_web;vcuMVyHEmtj3KUokEUBV7q;uuid:4737636c-5082-48fb-b5a6-b9b020f4528b;319
Yes, I consent to participate;35-44;Female;Civil servant;;Gwarimpa;;Yes, through my employer;Synlab;SYNLAB Nigeria;1.0;0.0;0.0;0.0;0.0;0.0;0.0;0.0;0.0;0.0;0.0;0.0;0.0;0.0;0.0;;Recommendation from a doctor or healthcare professional;;SYNLAB Nigeria;1.0;0.0;0.0;0.0;0.0;0.0;0.0;0.0;0.0;0.0;0.0;0.0;0.0;0.0;;Monitoring an existing health condition;;I go to whichever laboratory my doctor recommends;1.0;0.0;0.0;0.0;0.0;0.0;0.0;0.0;0.0;;4 - Good;9.0;It was my mum i took there for test and scan  and the way I was attended to was so great and the result marvelous  just don't want to give the 10/10 because they are good;Very satisfied;Very satisfied;Very satisfied;Very satisfied;Satisfied;Very satisfied;Did not experience this;Satisfied;As for me synlab is better,just that my hospital won't sent you out for a test I would have preferred synlab;Much better;Much better;Much better;;Much better;Much better;Much better;Other (please specify);0.0;0.0;0.0;0.0;0.0;0.0;1.0;No;Price is important but not the most important factor;₦20,000-50,000;Receive via email;Book online through a website;I had a very good experience with them;Yes;;799410818;a6e89089-6ab7-43de-b250-16dd8ea9374c;2026-07-22T04:47:08;submitted_via_web;vcuMVyHEmtj3KUokEUBV7q;uuid:a6e89089-6ab7-43de-b250-16dd8ea9374c;320
Yes, I consent to participate;45-54;Male;Corporate/salaried professional;;Asokoro;;No, I pay out of pocket;;SYNLAB Nigeria;1.0;0.0;0.0;0.0;0.0;0.0;0.0;0.0;0.0;0.0;0.0;0.0;0.0;0.0;0.0;;Advertisement - television, radio or outdoor;;I have never used any medical laboratory;0.0;0.0;0.0;0.0;0.0;0.0;0.0;0.0;0.0;0.0;0.0;0.0;0.0;1.0;;Other (please specify);Not used any med lab;I choose based on the laboratory's reputation;0.0;0.0;0.0;0.0;0.0;0.0;0.0;1.0;0.0;;4 - Good;8.0;;;;;;;;;;;I cannot compare;I cannot compare;I cannot compare;I cannot compare;I cannot compare;I cannot compare;I cannot compare;Other (please specify);0.0;0.0;0.0;0.0;0.0;0.0;1.0;;Price matters but quality comes first;₦50,000-100,000;Receive via email;Book through a mobile app;Noo;No;;799086249;1db228e4-7ba0-46fe-849e-b644378310da;2026-07-18T00:53:07;submitted_via_web;vcuMVyHEmtj3KUokEUBV7q;uuid:1db228e4-7ba0-46fe-849e-b644378310da;321
Yes, I consent to participate;25-34;Male;Student;;Asokoro;;I am not sure;Nha;None of the above;0.0;0.0;0.0;0.0;0.0;0.0;0.0;0.0;0.0;0.0;0.0;0.0;1.0;0.0;0.0;;;;I have never used any medical laboratory;0.0;0.0;0.0;0.0;0.0;0.0;0.0;0.0;0.0;0.0;0.0;0.0;0.0;1.0;;Routine health check;;I go to whichever laboratory my doctor recommends;1.0;0.0;0.0;0.0;0.0;0.0;0.0;0.0;0.0;;;;;;;;;;;;;They care;Better;Better;Much better;Much better;Better;Much better;About the same;I moved to a new area;0.0;0.0;0.0;0.0;0.0;1.0;0.0;;Price is important but not the most important factor;Below ₦20,000;Receive via email;Walk in without an appointment;Nice;No;;796244466;643db949-bba0-4dfd-bd93-1b324427571d;2026-07-16T07:36:20;submitted_via_web;vcuMVyHEmtj3KUokEUBV7q;uuid:643db949-bba0-4dfd-bd93-1b324427571d;322
Yes, I consent to participate;35-44;Female;Self-employed/business owner;;Gwarimpa;;Yes, through my employer;SYNLAB Nigeria;SYNLAB Nigeria;1.0;0.0;0.0;0.0;0.0;0.0;0.0;0.0;0.0;0.0;0.0;0.0;0.0;0.0;0.0;;Recommendation from a friend or family member;;;;;;;;;;;;;;;0.0;;;Routine health check;;I go to whichever laboratory my HMO covers;0.0;1.0;0.0;0.0;0.0;0.0;0.0;0.0;0.0;;5- Excellent;10.0;;;;;;;;;;;Better;Much better;Better;Better;Much better;Much better;Much better;;;;;;;;;;;;;;;;;798229885;41977bcc-3636-4bee-8a0e-adbc4cf8646d;2026-07-17T07:58:44;submitted_via_web;vcuMVyHEmtj3KUokEUBV7q;uuid:41977bcc-3636-4bee-8a0e-adbc4cf8646d;323
Yes, I consent to participate;35-44;Male;Other (please specify);public servant;Kubwa;;Yes, through my employer;synlab;SYNLAB Nigeria Mecure Healthcare AMCE (African Medical Centre of Excellence) Lifebridge Medical Diagnostics e-Clinic & Diagnostics;1.0;0.0;1.0;0.0;0.0;1.0;0.0;0.0;0.0;1.0;0.0;1.0;0.0;0.0;0.0;;Social media;;SYNLAB Nigeria Mecure Healthcare Lifebridge Medical Diagnostics e-Clinic & Diagnostics;1.0;0.0;1.0;0.0;0.0;0.0;0.0;0.0;1.0;0.0;1.0;0.0;0.0;0.0;;Routine health check;;I choose based on previous experience;0.0;0.0;0.0;1.0;0.0;0.0;0.0;0.0;0.0;;4 - Good;9.0;because as it is now, they are the best;Very satisfied;Neutral;Neutral;Very satisfied;Satisfied;Very satisfied;Satisfied;Neutral;synlab because of there result give and hospitalizes;Better;Better;Much better;About the same;Much better;Much better;Much better;The previous laboratory was inconvenient to access;0.0;1.0;0.0;0.0;0.0;0.0;0.0;;Price matters but quality comes first;₦100,000-200,000;Receive via email;Walk in without an appointment;they should keep good result flying;Yes;Budelpapil@gmail.com;796639213;f5b409ec-2864-4df6-9454-a4827c81941c;2026-07-17T11:20:35;submitted_via_web;vcuMVyHEmtj3KUokEUBV7q;uuid:f5b409ec-2864-4df6-9454-a4827c81941c;324
Yes, I consent to participate;45-54;Male;Corporate/salaried professional;;Gwarimpa;;No, I pay out of pocket;;SYNLAB Nigeria Afriglobal Medicare Clinix LAB360;1.0;0.0;0.0;1.0;1.0;0.0;0.0;1.0;0.0;0.0;0.0;0.0;0.0;0.0;0.0;;I passed by a SYNLAB location;;I have never used any medical laboratory;0.0;0.0;0.0;0.0;0.0;0.0;0.0;0.0;0.0;0.0;0.0;0.0;0.0;1.0;;;;I go to whichever laboratory my HMO covers;0.0;1.0;0.0;0.0;0.0;0.0;0.0;0.0;0.0;;4 - Good;9.0;Because they attend to patients instantly;;;;;;;;;;Much better;Much better;Much better;Better;Much better;Better;Better;I moved to a new area;0.0;0.0;0.0;0.0;0.0;1.0;0.0;;;₦20,000-50,000;Receive via email;Book through my HMO or employer's portal;;No;;798613518;bf0b1588-d738-4996-91ad-b78267e1ebcf;2026-07-19T07:50:20;submitted_via_web;vcuMVyHEmtj3KUokEUBV7q;uuid:bf0b1588-d738-4996-91ad-b78267e1ebcf;325
Yes, I consent to participate;18-24;Male;Corporate/salaried professional;;Asokoro;;No, I pay out of pocket;Nyanya General Hospital;None of the above;0.0;0.0;0.0;0.0;0.0;0.0;0.0;0.0;0.0;0.0;0.0;0.0;1.0;0.0;0.0;;;;I have never used any medical laboratory;0.0;0.0;0.0;0.0;0.0;0.0;0.0;0.0;0.0;0.0;0.0;0.0;0.0;1.0;;Routine health check;;I choose based on the laboratory's reputation;0.0;0.0;0.0;0.0;0.0;0.0;0.0;1.0;0.0;;;;;;;;;;;;;;Better;Better;Better;Better;Better;Better;Better;I moved to a new area;0.0;0.0;0.0;0.0;0.0;1.0;0.0;;Price matters but quality comes first;;Receive via email;Book online through a website;;Yes;;797101469;c54fc08b-8bca-4bb6-976d-f2bbac2f14c7;2026-07-18T08:06:40;submitted_via_web;vcuMVyHEmtj3KUokEUBV7q;uuid:c54fc08b-8bca-4bb6-976d-f2bbac2f14c7;326
Yes, I consent to participate;35-44;Male;Corporate/salaried professional;;Asokoro;;Yes, through my employer;E-clinic;e-Clinic & Diagnostics;0.0;0.0;0.0;0.0;0.0;0.0;0.0;0.0;0.0;0.0;0.0;1.0;0.0;0.0;0.0;;;;e-Clinic & Diagnostics;0.0;0.0;0.0;0.0;0.0;0.0;0.0;0.0;0.0;0.0;1.0;0.0;0.0;0.0;;Doctor's referral for a specific test;;I go to whichever laboratory my HMO covers;0.0;1.0;0.0;0.0;0.0;0.0;0.0;0.0;0.0;;;;;;;;;;;;;;Better;Better;I cannot compare;Better;About the same;Better;Better;The previous laboratory was inconvenient to access;0.0;1.0;0.0;0.0;0.0;0.0;0.0;;Price matters but quality comes first;₦50,000-100,000;Receive via WhatsApp;Book through a mobile app;;Yes;abdulrahmannuhu4@gmail.com;799275130;9930382f-5dc0-40a1-9e82-471f85ecd87a;2026-07-16T04:59:37;submitted_via_web;vcuMVyHEmtj3KUokEUBV7q;uuid:9930382f-5dc0-40a1-9e82-471f85ecd87a;327
Yes, I consent to participate;35-44;Male;Corporate/salaried professional;;Lugbe;;Yes, through my employer;St. Emmanuel Hospital;SYNLAB Nigeria Mecure Healthcare Clinix;1.0;0.0;1.0;0.0;1.0;0.0;0.0;0.0;0.0;0.0;0.0;0.0;0.0;0.0;0.0;;Recommendation from a friend or family member;;I have never used any medical laboratory;0.0;0.0;0.0;0.0;0.0;0.0;0.0;0.0;0.0;0.0;0.0;0.0;0.0;1.0;;Insurance or HMO requirement;;I go to whichever laboratory my HMO covers I choose based on proximity to my home or workplace;0.0;1.0;1.0;0.0;0.0;0.0;0.0;0.0;0.0;;3- Neutral;5.0;Because have not used them before myself;;;;;;;;;;I cannot compare;I cannot compare;I cannot compare;I cannot compare;I cannot compare;I cannot compare;I cannot compare;I was dissatisfied with the quality or accuracy of results I was dissatisfied with the customer service My doctor or HMO recommended a different laboratory I moved to a new area;0.0;0.0;1.0;1.0;1.0;1.0;0.0;;Price matters but quality comes first;Below ₦20,000;I have no preference;I have no preference;;No;;798096055;4b15c825-5cd7-409c-a5cc-c328bdf7840b;2026-07-19T07:53:07;submitted_via_web;vcuMVyHEmtj3KUokEUBV7q;uuid:4b15c825-5cd7-409c-a5cc-c328bdf7840b;328
Yes, I consent to participate;35-44;Female;Civil servant;;Gwagwalada;;Yes, through my employer;Mercure Health care;Mecure Healthcare Firmcare Diagnostics Lifebridge Medical Diagnostics;0.0;0.0;1.0;0.0;0.0;0.0;1.0;0.0;0.0;1.0;0.0;0.0;0.0;0.0;0.0;;;;Mecure Healthcare Firmcare Diagnostics;0.0;0.0;1.0;0.0;0.0;1.0;0.0;0.0;0.0;0.0;0.0;0.0;0.0;0.0;;Routine health check;;I choose based on previous experience;0.0;0.0;0.0;1.0;0.0;0.0;0.0;0.0;0.0;;;;;;;;;;;;;Mecure, their attitude to work is positive;Much better;Much better;Much better;Much better;Much better;Better;Much better;The previous laboratory was inconvenient to access;0.0;1.0;0.0;0.0;0.0;0.0;0.0;;Price matters but quality comes first;Below ₦20,000;Collect physical copy from the laboratory;Walk in without an appointment;Employ people who are willing to do the job.;No;;797625233;11529071-6b58-4ab8-9439-54937baee7c0;2026-07-22T20:06:29;submitted_via_web;vcuMVyHEmtj3KUokEUBV7q;uuid:11529071-6b58-4ab8-9439-54937baee7c0;329
Yes, I consent to participate;35-44;Female;Healthcare professional;;Wuse;;Yes, through my employer;SYNLAB Nigeria;SYNLAB Nigeria;1.0;0.0;0.0;0.0;0.0;0.0;0.0;0.0;0.0;0.0;0.0;0.0;0.0;0.0;0.0;;Referred by my HMO or employer;;SYNLAB Nigeria;1.0;0.0;0.0;0.0;0.0;0.0;0.0;0.0;0.0;0.0;0.0;0.0;0.0;0.0;;Insurance or HMO requirement;;I go to whichever laboratory my HMO covers;0.0;1.0;0.0;0.0;0.0;0.0;0.0;0.0;0.0;;3- Neutral;8.0;They are hardworking;Very satisfied;Very satisfied;Very satisfied;Satisfied;;Very satisfied;Satisfied;Very satisfied;SYNLAB Nigeria;Much better;Much better;Much better;Better;Much better;Better;Better;I was dissatisfied with the customer service;0.0;0.0;0.0;1.0;0.0;0.0;0.0;;Price matters but quality comes first;₦50,000-100,000;Access through an online patient portal or app;Book online through a website;Good customer service;Yes;;799626737;050af3d3-1948-4f23-97fa-3294cf028996;2026-07-17T19:41:53;submitted_via_web;vcuMVyHEmtj3KUokEUBV7q;uuid:050af3d3-1948-4f23-97fa-3294cf028996;330
Yes, I consent to participate;45-54;Female;Civil servant;;Gwagwalada;;Yes, through my employer;LAB360;LAB360;0.0;0.0;0.0;0.0;0.0;0.0;0.0;1.0;0.0;0.0;0.0;0.0;0.0;0.0;0.0;;;;LAB360;0.0;0.0;0.0;0.0;0.0;0.0;1.0;0.0;0.0;0.0;0.0;0.0;0.0;0.0;;Insurance or HMO requirement;;I go to whichever laboratory my HMO covers;0.0;1.0;0.0;0.0;0.0;0.0;0.0;0.0;0.0;;;;;;;;;;;;;;I cannot compare;I cannot compare;I cannot compare;I cannot compare;Better;Better;Better;I moved to a new area;0.0;0.0;0.0;0.0;0.0;1.0;0.0;;Price is not a significant factor in my decision;₦20,000-50,000;Collect physical copy from the laboratory;Book through my HMO or employer's portal;;No;;796123603;70dbfd71-8bc5-4a89-a94c-bd88177063b5;2026-07-15T17:21:21;submitted_via_web;vcuMVyHEmtj3KUokEUBV7q;uuid:70dbfd71-8bc5-4a89-a94c-bd88177063b5;331
Yes, I consent to participate;35-44;Female;Healthcare professional;;Gwarimpa;;No, I pay out of pocket;;SYNLAB Nigeria Clina Lancet Mecure Healthcare AMCE (African Medical Centre of Excellence) Firmcare Diagnostics APIN Medical Laboratory and Diagnostics e-Clinic & Diagnostics;1.0;1.0;1.0;0.0;0.0;1.0;1.0;0.0;1.0;0.0;0.0;1.0;0.0;0.0;0.0;;I passed by a SYNLAB location;;SYNLAB Nigeria Firmcare Diagnostics APIN Medical Laboratory and Diagnostics;1.0;0.0;0.0;0.0;0.0;1.0;0.0;1.0;0.0;0.0;0.0;0.0;0.0;0.0;;Pre-employment medical;;I search online for options;0.0;0.0;0.0;0.0;1.0;0.0;0.0;0.0;0.0;;4 - Good;8.0;They are swift and reliable;Very satisfied;Satisfied;Satisfied;Satisfied;Satisfied;Very satisfied;Satisfied;Satisfied;Everight;Much better;Much better;Better;Better;Better;Better;Better;The previous laboratory was too expensive;1.0;0.0;0.0;0.0;0.0;0.0;0.0;;Price matters but quality comes first;₦50,000-100,000;Receive via email;Book online through a website;They are doing well, keep it up;No;;796142931;e5ea592b-1e40-4a32-9117-53f948ae10c7;2026-07-15T18:55:38;submitted_via_web;vcuMVyHEmtj3KUokEUBV7q;uuid:e5ea592b-1e40-4a32-9117-53f948ae10c7;332
Yes, I consent to participate;25-34;Male;Student;;Asokoro;;Yes, through my employer;;SYNLAB Nigeria Afriglobal Medicare;1.0;0.0;0.0;1.0;0.0;0.0;0.0;0.0;0.0;0.0;0.0;0.0;0.0;0.0;0.0;;Recommendation from a friend or family member;;SYNLAB Nigeria;1.0;0.0;0.0;0.0;0.0;0.0;0.0;0.0;0.0;0.0;0.0;0.0;0.0;0.0;;Routine health check;;;;;;;;;;;;;4 - Good;3.0;;Neutral;Neutral;Neutral;;Very satisfied;;Very satisfied;Satisfied;;Much better;Better;Better;Better;Better;Much better;Better;My doctor or HMO recommended a different laboratory;0.0;0.0;0.0;0.0;1.0;0.0;0.0;;Price is the most important factor;₦50,000-100,000;Receive via email;Book through a mobile app;;Yes;;796137953;1b321a54-5fd5-410e-a56f-8c21a8ff124e;2026-07-15T18:28:16;submitted_via_web;vcuMVyHEmtj3KUokEUBV7q;uuid:1b321a54-5fd5-410e-a56f-8c21a8ff124e;333
Yes, I consent to participate;35-44;Male;Self-employed/business owner;;Wuse;;Yes, I pay for it personally;SYNLAB Nigeria;SYNLAB Nigeria;1.0;0.0;0.0;0.0;0.0;0.0;0.0;0.0;0.0;0.0;0.0;0.0;0.0;0.0;0.0;;I passed by a SYNLAB location;;SYNLAB Nigeria;1.0;0.0;0.0;0.0;0.0;0.0;0.0;0.0;0.0;0.0;0.0;0.0;0.0;0.0;;Routine health check;;I choose based on the laboratory's reputation;0.0;0.0;0.0;0.0;0.0;0.0;0.0;1.0;0.0;;4 - Good;8.0;;Very satisfied;Very satisfied;Very satisfied;Satisfied;Satisfied;Very satisfied;Very satisfied;Very satisfied;SYNLAB good lab equipment;Better;Better;Better;Much better;Much better;Better;Better;I was dissatisfied with the quality or accuracy of results;0.0;0.0;1.0;0.0;0.0;0.0;0.0;;Price matters but quality comes first;₦100,000-200,000;Collect physical copy from the laboratory;Book online through a website;Continue with the greet work;Yes;;798037878;1af5bb80-122b-4239-a57d-97f01cffb744;2026-07-17T17:50:56;submitted_via_web;vcuMVyHEmtj3KUokEUBV7q;uuid:1af5bb80-122b-4239-a57d-97f01cffb744;334
Yes, I consent to participate;35-44;Female;Civil servant;;Gwarimpa;;Yes, through my employer;;SYNLAB Nigeria;1.0;0.0;0.0;0.0;0.0;0.0;0.0;0.0;0.0;0.0;0.0;0.0;0.0;0.0;0.0;;Recommendation from a doctor or healthcare professional;;I have never used any medical laboratory;0.0;0.0;0.0;0.0;0.0;0.0;0.0;0.0;0.0;0.0;0.0;0.0;0.0;1.0;;Routine health check;;I go to whichever laboratory my HMO covers;0.0;1.0;0.0;0.0;0.0;0.0;0.0;0.0;0.0;;5- Excellent;10.0;;;;;;;;;;;Much better;Much better;Much better;About the same;Better;About the same;;My doctor or HMO recommended a different laboratory;0.0;0.0;0.0;0.0;1.0;0.0;0.0;;;;Collect physical copy from the laboratory;Walk in without an appointment;;Yes;;799505066;8e22fdcc-2902-4eda-8430-e54f5c33169a;2026-07-22T08:58:27;submitted_via_web;vcuMVyHEmtj3KUokEUBV7q;uuid:8e22fdcc-2902-4eda-8430-e54f5c33169a;335
Yes, I consent to participate;35-44;Male;Self-employed/business owner;;Wuse;;;SYNLAB Nigeria;SYNLAB Nigeria;1.0;0.0;0.0;0.0;0.0;0.0;0.0;0.0;0.0;0.0;0.0;0.0;0.0;0.0;0.0;;Advertisement - television, radio or outdoor;;SYNLAB Nigeria;1.0;0.0;0.0;0.0;0.0;0.0;0.0;0.0;0.0;0.0;0.0;0.0;0.0;0.0;;Monitoring an existing health condition;;I go to whichever laboratory my doctor recommends;1.0;0.0;0.0;0.0;0.0;0.0;0.0;0.0;0.0;;4 - Good;7.0;They are good;Satisfied;Neutral;;Very satisfied;;Neutral;;Satisfied;SYNLAB their work is nice;Better;Better;Better;Better;Much better;Much better;Much better;The previous laboratory was too expensive;1.0;0.0;0.0;0.0;0.0;0.0;0.0;;Price is important but not the most important factor;₦100,000-200,000;Collect physical copy from the laboratory;Walk in without an appointment;I like ur good work;Yes;;797987383;846f0383-69e4-46dd-a854-dca676db4c0d;2026-07-20T15:17:34;submitted_via_web;vcuMVyHEmtj3KUokEUBV7q;uuid:846f0383-69e4-46dd-a854-dca676db4c0d;336
Yes, I consent to participate;45-54;Female;Student;;Asokoro;;No, I pay out of pocket;Clinix;Clinix e-Clinic & Diagnostics;0.0;0.0;0.0;0.0;1.0;0.0;0.0;0.0;0.0;0.0;0.0;1.0;0.0;0.0;0.0;;;;Firmcare Diagnostics;0.0;0.0;0.0;0.0;0.0;1.0;0.0;0.0;0.0;0.0;0.0;0.0;0.0;0.0;;Doctor's referral for a specific test;;I ask friends or family for a recommendation;0.0;0.0;0.0;0.0;0.0;1.0;0.0;0.0;0.0;;;;;;;;;;;;;;Better;Better;;Better;Better;Better;I cannot compare;I moved to a new area;0.0;0.0;0.0;0.0;0.0;1.0;0.0;;Price matters but quality comes first;₦20,000-50,000;Collect physical copy from the laboratory;Walk in without an appointment;;No;;799860343;98e9cf24-c370-44df-8011-8abbd52f7df6;2026-07-17T20:01:58;submitted_via_web;vcuMVyHEmtj3KUokEUBV7q;uuid:98e9cf24-c370-44df-8011-8abbd52f7df6;337
Yes, I consent to participate;35-44;Male;Civil servant;;Asokoro;;No, I pay out of pocket;SYNLAB Nigeria;Mecure Healthcare;0.0;0.0;1.0;0.0;0.0;0.0;0.0;0.0;0.0;0.0;0.0;0.0;0.0;0.0;0.0;;;;Mecure Healthcare;0.0;0.0;1.0;0.0;0.0;0.0;0.0;0.0;0.0;0.0;0.0;0.0;0.0;0.0;;Routine health check;;I choose based on previous experience;0.0;0.0;0.0;1.0;0.0;0.0;0.0;0.0;0.0;;;;;;;;;;;;;SYNLAB Nigeria they are good with what they do;Better;Better;Much better;Better;Better;Better;Much better;I was dissatisfied with the quality or accuracy of results;0.0;0.0;1.0;0.0;0.0;0.0;0.0;;Price is important but not the most important factor;₦100,000-200,000;Receive via email;Book through a mobile app;Keep been the best;Yes;;797666847;6b23c609-93d6-4e5e-b219-56c7af37e776;2026-07-21T16:18:34;submitted_via_web;vcuMVyHEmtj3KUokEUBV7q;uuid:6b23c609-93d6-4e5e-b219-56c7af37e776;338
Yes, I consent to participate;35-44;Male;Healthcare professional;;Others;Makurdi;No, I pay out of pocket;Synlab;SYNLAB Nigeria APIN Medical Laboratory and Diagnostics;1.0;0.0;0.0;0.0;0.0;0.0;0.0;0.0;1.0;0.0;0.0;0.0;0.0;0.0;0.0;;I passed by a SYNLAB location;;SYNLAB Nigeria;1.0;0.0;0.0;0.0;0.0;0.0;0.0;0.0;0.0;0.0;0.0;0.0;0.0;0.0;;Monitoring an existing health condition;;I choose based on previous experience I choose based on the laboratory's reputation;0.0;0.0;0.0;1.0;0.0;0.0;0.0;1.0;0.0;;5- Excellent;10.0;Excellent results;Satisfied;Very satisfied;Very satisfied;Satisfied;Very satisfied;Very satisfied;Very satisfied;Satisfied;Synlab all day because they are professional and quality all day;Much better;I cannot compare;I cannot compare;About the same;Much better;Much better;I cannot compare;I was dissatisfied with the quality or accuracy of results;0.0;0.0;1.0;0.0;0.0;0.0;0.0;;;₦20,000-50,000;Receive via WhatsApp;I have no preference;The portal for downloading results works well, however there is no WhatsApp channel to download results this would greatly enhance the patient experience.;Yes;terwaseanyiman@gmail.com;797143668;bb144759-19b7-4699-8b7b-d1105c6331bf;2026-07-18T09:39:58;submitted_via_web;vcuMVyHEmtj3KUokEUBV7q;uuid:bb144759-19b7-4699-8b7b-d1105c6331bf;339
Yes, I consent to participate;45-54;Male;Corporate/salaried professional;;Jabi;;No, I pay out of pocket;Ecolab;e-Clinic & Diagnostics;0.0;0.0;0.0;0.0;0.0;0.0;0.0;0.0;0.0;0.0;0.0;1.0;0.0;0.0;1.0;;;;e-Clinic & Diagnostics;0.0;0.0;0.0;0.0;0.0;0.0;0.0;0.0;0.0;0.0;1.0;0.0;1.0;0.0;;Routine health check;;I go to whichever laboratory my doctor recommends I go to whichever laboratory my HMO covers;1.0;1.0;0.0;0.0;0.0;0.0;0.0;0.0;0.0;;;;;;;;;;;;;Ecolab;Much better;Much better;Much better;Better;Better;Much better;Better;The previous laboratory was inconvenient to access I moved to a new area;0.0;1.0;0.0;0.0;0.0;1.0;0.0;;Price matters but quality comes first;₦50,000-100,000;Receive via email;Book through a mobile app;;No;;796400592;9d706b3c-66f5-4c70-9400-afa33d2684af;2026-07-16T14:15:11;submitted_via_web;vcuMVyHEmtj3KUokEUBV7q;uuid:9d706b3c-66f5-4c70-9400-afa33d2684af;340
Yes, I consent to participate;35-44;Male;Self-employed/business owner;;Asokoro;;Yes, I pay for it personally;Ecolab;SYNLAB Nigeria;1.0;0.0;0.0;0.0;0.0;0.0;0.0;0.0;0.0;0.0;0.0;0.0;0.0;0.0;1.0;;Social media;;SYNLAB Nigeria;1.0;0.0;0.0;0.0;0.0;0.0;0.0;0.0;0.0;0.0;0.0;0.0;0.0;0.0;;Monitoring an existing health condition;;I ask friends or family for a recommendation;0.0;0.0;0.0;0.0;0.0;1.0;0.0;0.0;0.0;;3- Neutral;4.0;;Neutral;Neutral;Neutral;Neutral;Neutral;Satisfied;Satisfied;Neutral;;Better;Better;Much better;Better;Much better;I cannot compare;Much better;The previous laboratory was too expensive;1.0;0.0;0.0;0.0;0.0;0.0;0.0;;Price matters but quality comes first;Above ₦200,000;Collect physical copy from the laboratory;Walk in without an appointment;;Yes;;799851198;ec38a489-51ab-47e7-93fb-8a57e8ad815e;2026-07-16T09:15:04;submitted_via_web;vcuMVyHEmtj3KUokEUBV7q;uuid:ec38a489-51ab-47e7-93fb-8a57e8ad815e;341
Yes, I consent to participate;35-44;Female;Student;;Gwarimpa;;I am not sure;Gwarimpa;None of the above;0.0;0.0;0.0;0.0;0.0;0.0;0.0;0.0;0.0;0.0;0.0;0.0;1.0;0.0;0.0;;;;I have never used any medical laboratory;0.0;0.0;0.0;0.0;0.0;0.0;0.0;0.0;0.0;0.0;0.0;0.0;0.0;1.0;;;;;;;;;;;;;;;;;;;;;;;;;;;;;;;;;;;;;;;;;;;;;;;;;;797650522;d22ef992-58aa-4109-9846-875a879aaa18;2026-07-20T16:32:34;submitted_via_web;vcuMVyHEmtj3KUokEUBV7q;uuid:d22ef992-58aa-4109-9846-875a879aaa18;342
Yes, I consent to participate;35-44;Female;Healthcare professional;;Others;Maitama;No, I pay out of pocket;Lifebridge;Lifebridge Medical Diagnostics;0.0;0.0;0.0;0.0;0.0;0.0;0.0;0.0;0.0;1.0;0.0;0.0;0.0;0.0;0.0;;;;Lifebridge Medical Diagnostics;0.0;0.0;0.0;0.0;0.0;0.0;0.0;0.0;1.0;0.0;0.0;0.0;0.0;0.0;;Doctor's referral for a specific test;;I go to whichever laboratory my doctor recommends;1.0;0.0;0.0;0.0;0.0;0.0;0.0;0.0;0.0;;;;;;;;;;;;;Life bridge because the diagnosis is well explanatory;Better;Better;Better;I cannot compare;Better;I cannot compare;I cannot compare;I was dissatisfied with the quality or accuracy of results;0.0;0.0;1.0;0.0;0.0;0.0;0.0;;Price is the most important factor;₦20,000-50,000;Receive via email;Book through a mobile app;No;Yes;;798483366;3ad8a4fb-8fd2-487d-9cf2-7cbd2bcd6a10;2026-07-22T12:24:22;submitted_via_web;vcuMVyHEmtj3KUokEUBV7q;uuid:3ad8a4fb-8fd2-487d-9cf2-7cbd2bcd6a10;343
Yes, I consent to participate;35-44;Male;Corporate/salaried professional;;Gwarimpa;;Yes, through my employer;SYNLAB;;;;;;;;;;;;;;;;0.0;;;;SYNLAB Nigeria Clinix;1.0;0.0;0.0;0.0;1.0;0.0;0.0;0.0;0.0;0.0;0.0;0.0;0.0;0.0;;Insurance or HMO requirement;;I go to whichever laboratory my doctor recommends I go to whichever laboratory my HMO covers;1.0;1.0;0.0;0.0;0.0;0.0;0.0;0.0;0.0;;;;;Satisfied;Very satisfied;Satisfied;Satisfied;Very satisfied;Very satisfied;Did not experience this;Satisfied;"SYNLAB; Overall satisfactory service";I cannot compare;Better;About the same;I cannot compare;Better;I cannot compare;I cannot compare;The previous laboratory was inconvenient to access My doctor or HMO recommended a different laboratory I moved to a new area;0.0;1.0;0.0;0.0;1.0;1.0;0.0;;Price matters but quality comes first;Below ₦20,000;I have no preference;I have no preference;;Yes;adetoheeb20@gmail.com;797342845;9b04b578-ba69-4927-82c9-11a80a88aec6;2026-07-17T07:29:59;submitted_via_web;vcuMVyHEmtj3KUokEUBV7q;uuid:9b04b578-ba69-4927-82c9-11a80a88aec6;344
Yes, I consent to participate;35-44;Male;Civil servant;;Gwagwalada;;Yes, through my employer;;Firmcare Diagnostics;0.0;0.0;0.0;0.0;0.0;0.0;1.0;0.0;0.0;0.0;0.0;0.0;0.0;0.0;0.0;;;;Firmcare Diagnostics;0.0;0.0;0.0;0.0;0.0;1.0;0.0;0.0;0.0;0.0;0.0;0.0;0.0;0.0;;Insurance or HMO requirement;;I go to whichever laboratory my HMO covers;0.0;1.0;0.0;0.0;0.0;0.0;0.0;0.0;0.0;;;;;;;;;;;;;;Much better;Much better;Much better;Much better;Much better;Much better;Much better;My doctor or HMO recommended a different laboratory;0.0;0.0;0.0;0.0;1.0;0.0;0.0;;Price matters but quality comes first;₦20,000-50,000;Receive via email;Book through a mobile app;;Yes;;797833693;a9350f75-2885-4e07-a674-7ecf826ce55c;2026-07-18T22:18:52;submitted_via_web;vcuMVyHEmtj3KUokEUBV7q;uuid:a9350f75-2885-4e07-a674-7ecf826ce55c;345
Yes, I consent to participate;35-44;Male;Self-employed/business owner;;Gwagwalada;;Yes, through my employer;SYNLAB Nigeria;SYNLAB Nigeria;1.0;0.0;0.0;0.0;0.0;0.0;0.0;0.0;0.0;0.0;0.0;0.0;0.0;0.0;0.0;;Advertisement - television, radio or outdoor;;SYNLAB Nigeria;1.0;0.0;0.0;0.0;0.0;0.0;0.0;0.0;0.0;0.0;0.0;0.0;0.0;0.0;;Routine health check;;I search online for options;0.0;0.0;0.0;0.0;1.0;0.0;0.0;0.0;0.0;;4 - Good;8.0;Accuracy of results;Very satisfied;Very satisfied;Very satisfied;Very satisfied;Very satisfied;Very satisfied;Very satisfied;Very satisfied;SYNLAB best performance;Much better;Much better;Much better;Much better;Much better;Much better;Much better;I moved to a new area;0.0;0.0;0.0;0.0;0.0;1.0;0.0;;Price is important but not the most important factor;Below ₦20,000;Receive via WhatsApp;Book through a mobile app;;No;;797111727;112b9636-bb2b-462c-93a3-6fec7f416a05;2026-07-19T11:54:31;submitted_via_web;vcuMVyHEmtj3KUokEUBV7q;uuid:112b9636-bb2b-462c-93a3-6fec7f416a05;346
Yes, I consent to participate;45-54;Male;Healthcare professional;;Others;Makurdi;No, I pay out of pocket;Synlab;SYNLAB Nigeria APIN Medical Laboratory and Diagnostics;1.0;0.0;0.0;0.0;0.0;0.0;0.0;0.0;1.0;0.0;0.0;0.0;0.0;0.0;0.0;;I passed by a SYNLAB location;;SYNLAB Nigeria;1.0;0.0;0.0;0.0;0.0;0.0;0.0;0.0;0.0;0.0;0.0;0.0;0.0;0.0;;Monitoring an existing health condition;;I choose based on previous experience I choose based on the laboratory's reputation;0.0;0.0;0.0;1.0;0.0;0.0;0.0;1.0;0.0;;5- Excellent;10.0;Excellent results;Satisfied;Very satisfied;Very satisfied;Satisfied;Very satisfied;Very satisfied;Very satisfied;Satisfied;Synlab all day because they are professional and quality all day;Much better;I cannot compare;I cannot compare;About the same;Much better;Much better;I cannot compare;I was dissatisfied with the quality or accuracy of results;0.0;0.0;1.0;0.0;0.0;0.0;0.0;;;₦20,000-50,000;Receive via WhatsApp;I have no preference;The portal for downloading results works well, however there is no WhatsApp channel to download results this would greatly enhance the patient experience.;Yes;terwaseanyiman@gmail.com;797172328;a66e2c16-43c7-4bb9-9903-892dbbdc002c;2026-07-19T04:44:40;submitted_via_web;vcuMVyHEmtj3KUokEUBV7q;uuid:a66e2c16-43c7-4bb9-9903-892dbbdc002c;347
Yes, I consent to participate;35-44;Male;Self-employed/business owner;;Gwarimpa;;No, I pay out of pocket;Synlab;SYNLAB Nigeria;1.0;0.0;0.0;0.0;0.0;0.0;0.0;0.0;0.0;0.0;0.0;0.0;0.0;0.0;0.0;;Recommendation from a friend or family member;;SYNLAB Nigeria;1.0;0.0;0.0;0.0;0.0;0.0;0.0;0.0;0.0;0.0;0.0;0.0;0.0;0.0;;Doctor's referral for a specific test;;I go to whichever laboratory my doctor recommends;1.0;0.0;0.0;0.0;0.0;0.0;0.0;0.0;0.0;;;;;;;;;;;;;The one that will give me professional service;I cannot compare;I cannot compare;About the same;Better;Better;Better;Better;My doctor or HMO recommended a different laboratory;0.0;0.0;0.0;0.0;1.0;0.0;0.0;;Price matters but quality comes first;₦20,000-50,000;Collect physical copy from the laboratory;Walk in without an appointment;Be consistent, be professional and listen to customer feedback.;Yes;;796808662;c0611c5d-ab37-4589-bed7-5e0ea5011257;2026-07-17T06:06:23;submitted_via_web;vcuMVyHEmtj3KUokEUBV7q;uuid:c0611c5d-ab37-4589-bed7-5e0ea5011257;348
Yes, I consent to participate;35-44;Male;Corporate/salaried professional;;Gwarimpa;;Yes, through my employer;;None of the above;0.0;0.0;0.0;0.0;0.0;0.0;0.0;0.0;0.0;0.0;0.0;0.0;1.0;0.0;0.0;;;;I have never used any medical laboratory;0.0;0.0;0.0;0.0;0.0;0.0;0.0;0.0;0.0;0.0;0.0;0.0;0.0;1.0;;Doctor's referral for a specific test;;I go to whichever laboratory my HMO covers;0.0;1.0;0.0;0.0;0.0;0.0;0.0;0.0;0.0;;;;;;;;;;;;;;About the same;About the same;I cannot compare;About the same;About the same;I cannot compare;About the same;My doctor or HMO recommended a different laboratory I moved to a new area;0.0;0.0;0.0;0.0;1.0;1.0;0.0;;Price is important but not the most important factor;Below ₦20,000;Receive via WhatsApp;Book through a mobile app;;No;;797500283;8952576b-4092-4434-b00f-d4c2c15710ea;2026-07-20T13:22:35;submitted_via_web;vcuMVyHEmtj3KUokEUBV7q;uuid:8952576b-4092-4434-b00f-d4c2c15710ea;349
Yes, I consent to participate;18-24;Male;Unemployed;;Asokoro;;No, I pay out of pocket;Custom hospital Lab;None of the above;0.0;0.0;0.0;0.0;0.0;0.0;0.0;0.0;0.0;0.0;0.0;0.0;1.0;0.0;0.0;;;;I have never used any medical laboratory;0.0;0.0;0.0;0.0;0.0;0.0;0.0;0.0;0.0;0.0;0.0;0.0;0.0;1.0;;Routine health check;;I go to whichever laboratory my doctor recommends I go to whichever laboratory my HMO covers;1.0;1.0;0.0;0.0;0.0;0.0;0.0;0.0;0.0;;;;;;;;;;;;;Nil;About the same;Better;Better;Better;Better;Better;Better;I was dissatisfied with the quality or accuracy of results;0.0;0.0;1.0;0.0;0.0;0.0;0.0;;Price is important but not the most important factor;₦20,000-50,000;Receive via email;Call the laboratory directly;No;Yes;ahmedalabi2026@outlook.com;797242647;1c29b9fb-c726-4cf1-8a61-377943c89843;2026-07-22T05:17:51;submitted_via_web;vcuMVyHEmtj3KUokEUBV7q;uuid:1c29b9fb-c726-4cf1-8a61-377943c89843;350
Yes, I consent to participate;25-34;Female;Civil servant;;Others;Gwagwalada;Yes, through my employer;;AMCE (African Medical Centre of Excellence);0.0;0.0;0.0;0.0;0.0;1.0;0.0;0.0;0.0;0.0;0.0;0.0;0.0;0.0;0.0;;;;;;;;;;;;;;;;;0.0;;;Doctor's referral for a specific test;;I go to whichever laboratory my doctor recommends;1.0;0.0;0.0;0.0;0.0;0.0;0.0;0.0;0.0;;;;;;;;;;;;;;I cannot compare;Better;Much better;I cannot compare;I cannot compare;I cannot compare;I cannot compare;The previous laboratory was too expensive;1.0;0.0;0.0;0.0;0.0;0.0;0.0;;Price matters but quality comes first;Below ₦20,000;Collect physical copy from the laboratory;Walk in without an appointment;;Yes;gracejoshua499@gmail.com;796077488;ff1f5cbb-9d53-46eb-a18a-6eb866e9e5f8;2026-07-15T14:29:23;submitted_via_web;vcuMVyHEmtj3KUokEUBV7q;uuid:ff1f5cbb-9d53-46eb-a18a-6eb866e9e5f8;351
Yes, I consent to participate;45-54;Female;Civil servant;;Kubwa;;Yes, through my employer;Life bridge medical laboratory;SYNLAB Nigeria APIN Medical Laboratory and Diagnostics Lifebridge Medical Diagnostics;1.0;0.0;0.0;0.0;0.0;0.0;0.0;0.0;1.0;1.0;0.0;0.0;0.0;0.0;0.0;;Recommendation from a friend or family member;;SYNLAB Nigeria Firmcare Diagnostics Lifebridge Medical Diagnostics;1.0;0.0;0.0;0.0;0.0;1.0;0.0;0.0;1.0;0.0;0.0;0.0;0.0;0.0;;Doctor's referral for a specific test;;I choose based on proximity to my home or workplace I ask friends or family for a recommendation;0.0;0.0;1.0;0.0;0.0;1.0;0.0;0.0;0.0;;3- Neutral;6.0;Just my thoughts;Neutral;Satisfied;Satisfied;Neutral;Satisfied;Satisfied;Satisfied;Neutral;No preference;About the same;Better;Better;About the same;Better;Much better;Much better;My doctor or HMO recommended a different laboratory;0.0;0.0;0.0;0.0;1.0;0.0;0.0;;Price matters but quality comes first;₦20,000-50,000;Access through an online patient portal or app;Walk in without an appointment;Non;Yes;;797659161;6b1af19c-cc53-444a-bf6f-8895ff267f89;2026-07-21T07:39:08;submitted_via_web;vcuMVyHEmtj3KUokEUBV7q;uuid:6b1af19c-cc53-444a-bf6f-8895ff267f89;352
Yes, I consent to participate;45-54;Female;Civil servant;;Others;Gwagwalada;Yes, through my employer;;AMCE (African Medical Centre of Excellence);0.0;0.0;0.0;0.0;0.0;1.0;0.0;0.0;0.0;0.0;0.0;0.0;0.0;0.0;0.0;;;;;;;;;;;;;;;;;0.0;;;Doctor's referral for a specific test;;I go to whichever laboratory my doctor recommends;1.0;0.0;0.0;0.0;0.0;0.0;0.0;0.0;0.0;;;;;;;;;;;;;;I cannot compare;Better;Much better;I cannot compare;I cannot compare;I cannot compare;I cannot compare;The previous laboratory was too expensive;1.0;0.0;0.0;0.0;0.0;0.0;0.0;;Price matters but quality comes first;Below ₦20,000;Collect physical copy from the laboratory;Walk in without an appointment;;Yes;gracejoshua499@gmail.com;798806871;b681dce4-251f-44d6-b281-8335bc58d1ca;2026-07-17T08:19:50;submitted_via_web;vcuMVyHEmtj3KUokEUBV7q;uuid:b681dce4-251f-44d6-b281-8335bc58d1ca;353
Yes, I consent to participate;25-34;Male;Civil servant;;Gwagwalada;;Yes, through my employer;Silas Nigeria;SYNLAB Nigeria;1.0;0.0;0.0;0.0;0.0;0.0;0.0;0.0;0.0;0.0;0.0;0.0;0.0;0.0;0.0;;Social media;;I have never used any medical laboratory;0.0;0.0;0.0;0.0;0.0;0.0;0.0;0.0;0.0;0.0;0.0;0.0;0.0;1.0;;Pre-employment medical;;I go to whichever laboratory my HMO covers;0.0;1.0;0.0;0.0;0.0;0.0;0.0;0.0;0.0;;3- Neutral;4.0;I’ve never been to Synlab myself before;;;;;;;;;Quali Health;I cannot compare;I cannot compare;I cannot compare;I cannot compare;I cannot compare;I cannot compare;I cannot compare;Other (please specify);0.0;0.0;0.0;0.0;0.0;0.0;1.0;I’ve never had to switch;Price matters but quality comes first;₦20,000-50,000;Access through an online patient portal or app;Book through my HMO or employer's portal;;Yes;idrisou4@gmail.com;797176777;586c46b3-1ef4-4b90-a9b0-b334754316c9;2026-07-18T10:54:58;submitted_via_web;vcuMVyHEmtj3KUokEUBV7q;uuid:586c46b3-1ef4-4b90-a9b0-b334754316c9;354
Yes, I consent to participate;45-54;Male;Civil servant;;Gwagwalada;;Yes, through my employer;;Other (please specify);0.0;0.0;0.0;0.0;0.0;0.0;0.0;0.0;0.0;0.0;0.0;0.0;0.0;1.0;0.0;;;;I have never used any medical laboratory;0.0;0.0;0.0;0.0;0.0;0.0;0.0;0.0;0.0;0.0;0.0;0.0;0.0;1.0;;Routine health check;;I go to whichever laboratory my doctor recommends;1.0;0.0;0.0;0.0;0.0;0.0;0.0;0.0;0.0;;;;;;;;;;;;;;Much better;Much better;Much better;Much better;Much better;Much better;I cannot compare;I moved to a new area;0.0;0.0;0.0;0.0;0.0;1.0;0.0;;Price is the most important factor;₦20,000-50,000;Collect physical copy from the laboratory;Walk in without an appointment;;No;;798753093;3546e91a-6290-466c-b341-8ef821dec710;2026-07-17T10:54:23;submitted_via_web;vcuMVyHEmtj3KUokEUBV7q;uuid:3546e91a-6290-466c-b341-8ef821dec710;355
Yes, I consent to participate;35-44;Female;Civil servant;;Gwarimpa;;Yes, through my employer;Synlab;SYNLAB Nigeria;1.0;0.0;0.0;0.0;0.0;0.0;0.0;0.0;0.0;0.0;0.0;0.0;0.0;0.0;0.0;;Recommendation from a doctor or healthcare professional;;SYNLAB Nigeria;1.0;0.0;0.0;0.0;0.0;0.0;0.0;0.0;0.0;0.0;0.0;0.0;0.0;0.0;;Monitoring an existing health condition;;I go to whichever laboratory my doctor recommends;1.0;0.0;0.0;0.0;0.0;0.0;0.0;0.0;0.0;;4 - Good;9.0;It was my mum i took there for test and scan  and the way I was attended to was so great and the result marvelous  just don't want to give the 10/10 because they are good;Very satisfied;Very satisfied;Very satisfied;Very satisfied;Satisfied;Very satisfied;Did not experience this;Satisfied;As for me synlab is better,just that my hospital won't sent you out for a test I would have preferred synlab;Much better;Much better;Much better;;Much better;Much better;Much better;Other (please specify);0.0;0.0;0.0;0.0;0.0;0.0;1.0;No;Price is important but not the most important factor;₦20,000-50,000;Receive via email;Book online through a website;I had a very good experience with them;Yes;;799371069;33f9d27d-12a4-419c-8f59-74bd4a208fee;2026-07-23T00:22:30;submitted_via_web;vcuMVyHEmtj3KUokEUBV7q;uuid:33f9d27d-12a4-419c-8f59-74bd4a208fee;356
Yes, I consent to participate;35-44;Male;Self-employed/business owner;;Kubwa;;No, I pay out of pocket;Nhis;SYNLAB Nigeria;1.0;0.0;0.0;0.0;0.0;0.0;0.0;0.0;0.0;0.0;0.0;0.0;0.0;0.0;0.0;;Recommendation from a friend or family member;;SYNLAB Nigeria;1.0;0.0;0.0;0.0;0.0;0.0;0.0;0.0;0.0;0.0;0.0;0.0;0.0;0.0;;Routine health check;;;;;;;;;;;;;3- Neutral;5.0;;Satisfied;Satisfied;Satisfied;Satisfied;Satisfied;Satisfied;Satisfied;Neutral;;Better;Better;About the same;Better;Much better;Much better;Better;My doctor or HMO recommended a different laboratory;0.0;0.0;0.0;0.0;1.0;0.0;0.0;;Price matters but quality comes first;₦50,000-100,000;Access through an online patient portal or app;Book online through a website;;Yes;;796880316;23c80a1a-ea3c-481a-a90d-5e184e9e5604;2026-07-22T03:16:31;submitted_via_web;vcuMVyHEmtj3KUokEUBV7q;uuid:23c80a1a-ea3c-481a-a90d-5e184e9e5604;357
Yes, I consent to participate;35-44;Male;Corporate/salaried professional;;Gwarimpa;;Yes, through my employer;;None of the above;0.0;0.0;0.0;0.0;0.0;0.0;0.0;0.0;0.0;0.0;0.0;0.0;1.0;0.0;0.0;;;;Other (please specify);0.0;0.0;0.0;0.0;0.0;0.0;0.0;0.0;0.0;0.0;0.0;1.0;0.0;0.0;;Doctor's referral for a specific test;;I go to whichever laboratory my HMO covers;0.0;1.0;0.0;0.0;0.0;0.0;0.0;0.0;0.0;;;;;;;;;;;;;;Much better;Better;Better;I cannot compare;Better;Much better;Better;I moved to a new area;0.0;0.0;0.0;0.0;0.0;1.0;0.0;;Price matters but quality comes first;I would not purchase this type of package;Receive via email;Book online through a website;No;No;;796307990;4b2d311e-c975-4f8d-8461-f66cdf12b268;2026-07-17T06:21:41;submitted_via_web;vcuMVyHEmtj3KUokEUBV7q;uuid:4b2d311e-c975-4f8d-8461-f66cdf12b268;358
Yes, I consent to participate;35-44;Male;Self-employed/business owner;;Others;Lagos;No, I pay out of pocket;God's own;None of the above;0.0;0.0;0.0;0.0;0.0;0.0;0.0;0.0;0.0;0.0;0.0;0.0;1.0;0.0;0.0;;;;I have never used any medical laboratory;0.0;0.0;0.0;0.0;0.0;0.0;0.0;0.0;0.0;0.0;0.0;0.0;0.0;1.0;;Other (please specify);;I choose based on price;0.0;0.0;0.0;0.0;0.0;0.0;1.0;0.0;0.0;;;;;;;;;;;;;;I cannot compare;I cannot compare;I cannot compare;I cannot compare;I cannot compare;I cannot compare;I cannot compare;I moved to a new area;0.0;0.0;0.0;0.0;0.0;1.0;0.0;;Price is the most important factor;I would not purchase this type of package;Collect physical copy from the laboratory;Walk in without an appointment;No;No;;797160116;7219eba5-ec4d-42ad-a3a8-b8888848b84e;2026-07-18T10:17:53;submitted_via_web;vcuMVyHEmtj3KUokEUBV7q;uuid:7219eba5-ec4d-42ad-a3a8-b8888848b84e;359
Yes, I consent to participate;35-44;Male;Self-employed/business owner;;Wuse;;;SYNLAB Nigeria;SYNLAB Nigeria;1.0;0.0;0.0;0.0;0.0;0.0;0.0;0.0;0.0;0.0;0.0;0.0;0.0;0.0;0.0;;Advertisement - television, radio or outdoor;;SYNLAB Nigeria;1.0;0.0;0.0;0.0;0.0;0.0;0.0;0.0;0.0;0.0;0.0;0.0;0.0;0.0;;Monitoring an existing health condition;;I go to whichever laboratory my doctor recommends;1.0;0.0;0.0;0.0;0.0;0.0;0.0;0.0;0.0;;4 - Good;7.0;They are good;Satisfied;Neutral;;Very satisfied;;Neutral;;Satisfied;SYNLAB their work is nice;Better;Better;Better;Better;Much better;Much better;Much better;The previous laboratory was too expensive;1.0;0.0;0.0;0.0;0.0;0.0;0.0;;Price is important but not the most important factor;₦100,000-200,000;Collect physical copy from the laboratory;Walk in without an appointment;I like ur good work;Yes;;799884146;6add7c09-54ec-4bb7-8a02-f596aa85645b;2026-07-21T10:34:37;submitted_via_web;vcuMVyHEmtj3KUokEUBV7q;uuid:6add7c09-54ec-4bb7-8a02-f596aa85645b;360
Yes, I consent to participate;45-54;Female;Healthcare professional;;Gwarimpa;;No, I pay out of pocket;;SYNLAB Nigeria Clina Lancet Mecure Healthcare AMCE (African Medical Centre of Excellence) Firmcare Diagnostics APIN Medical Laboratory and Diagnostics e-Clinic & Diagnostics;1.0;1.0;1.0;0.0;0.0;1.0;1.0;0.0;1.0;0.0;0.0;1.0;0.0;0.0;0.0;;I passed by a SYNLAB location;;SYNLAB Nigeria Firmcare Diagnostics APIN Medical Laboratory and Diagnostics;1.0;0.0;0.0;0.0;0.0;1.0;0.0;1.0;0.0;0.0;0.0;0.0;0.0;0.0;;Pre-employment medical;;I search online for options;0.0;0.0;0.0;0.0;1.0;0.0;0.0;0.0;0.0;;4 - Good;8.0;They are swift and reliable;Very satisfied;Satisfied;Satisfied;Satisfied;Satisfied;Very satisfied;Satisfied;Satisfied;Everight;Much better;Much better;Better;Better;Better;Better;Better;The previous laboratory was too expensive;1.0;0.0;0.0;0.0;0.0;0.0;0.0;;Price matters but quality comes first;₦50,000-100,000;Receive via email;Book online through a website;They are doing well, keep it up;No;;799502337;caf037c5-610a-421c-b43d-d0717e384131;2026-07-23T04:53:30;submitted_via_web;vcuMVyHEmtj3KUokEUBV7q;uuid:caf037c5-610a-421c-b43d-d0717e384131;361
Yes, I consent to participate;25-34;Male;Civil servant;;Asokoro;;No, I pay out of pocket;SYNLAB Nigeria;Mecure Healthcare;0.0;0.0;1.0;0.0;0.0;0.0;0.0;0.0;0.0;0.0;0.0;0.0;0.0;0.0;0.0;;;;Mecure Healthcare;0.0;0.0;1.0;0.0;0.0;0.0;0.0;0.0;0.0;0.0;0.0;0.0;0.0;0.0;;Routine health check;;I choose based on previous experience;0.0;0.0;0.0;1.0;0.0;0.0;0.0;0.0;0.0;;;;;;;;;;;;;SYNLAB Nigeria they are good with what they do;Better;Better;Much better;Better;Better;Better;Much better;I was dissatisfied with the quality or accuracy of results;0.0;0.0;1.0;0.0;0.0;0.0;0.0;;Price is important but not the most important factor;₦100,000-200,000;Receive via email;Book through a mobile app;Keep been the best;Yes;;796580499;9c12e3a4-e9c8-403e-b669-cd579fcdfe2f;2026-07-17T09:11:35;submitted_via_web;vcuMVyHEmtj3KUokEUBV7q;uuid:9c12e3a4-e9c8-403e-b669-cd579fcdfe2f;362
Yes, I consent to participate;18-24;Male;Unemployed;;Asokoro;;No, I pay out of pocket;;None of the above;0.0;0.0;0.0;0.0;0.0;0.0;0.0;0.0;0.0;0.0;0.0;0.0;1.0;0.0;0.0;;;;I have never used any medical laboratory;0.0;0.0;0.0;0.0;0.0;0.0;0.0;0.0;0.0;0.0;0.0;0.0;0.0;1.0;;Doctor's referral for a specific test;;I go to whichever laboratory my doctor recommends;1.0;0.0;0.0;0.0;0.0;0.0;0.0;0.0;0.0;;;;;;;;;;;;;;I cannot compare;Much better;Much better;Much better;Much better;Much better;Much better;My doctor or HMO recommended a different laboratory;0.0;0.0;0.0;0.0;1.0;0.0;0.0;;Price matters but quality comes first;₦100,000-200,000;Receive via WhatsApp;;;;;796283509;9c0cd7d6-8195-4e6b-a091-273fd18b8d79;2026-07-16T09:13:27;submitted_via_web;vcuMVyHEmtj3KUokEUBV7q;uuid:9c0cd7d6-8195-4e6b-a091-273fd18b8d79;363
Yes, I consent to participate;18-24;Male;Student;;Wuse;;I am not sure;;SYNLAB Nigeria;1.0;0.0;0.0;0.0;0.0;0.0;0.0;0.0;0.0;0.0;0.0;0.0;0.0;0.0;0.0;;Recommendation from a friend or family member;;I have never used any medical laboratory;0.0;0.0;0.0;0.0;0.0;0.0;0.0;0.0;0.0;0.0;0.0;0.0;0.0;1.0;;Monitoring an existing health condition;;I go to whichever laboratory my doctor recommends;1.0;0.0;0.0;0.0;0.0;0.0;0.0;0.0;0.0;;4 - Good;8.0;I just calculated;;;;;;;;;I think syn lab , because I think their fast and reliable;I cannot compare;About the same;I cannot compare;I cannot compare;I cannot compare;I cannot compare;I cannot compare;I moved to a new area;0.0;0.0;0.0;0.0;0.0;1.0;0.0;;Price is the most important factor;₦20,000-50,000;Access through an online patient portal or app;Book online through a website;No;Yes;;796139623;04fc791c-9ee5-4934-a13e-c9ad53dace52;2026-07-15T18:37:46;submitted_via_web;vcuMVyHEmtj3KUokEUBV7q;uuid:04fc791c-9ee5-4934-a13e-c9ad53dace52;364
Yes, I consent to participate;45-54;Male;Civil servant;;Gwagwalada;;Yes, through my employer;;Other (please specify);0.0;0.0;0.0;0.0;0.0;0.0;0.0;0.0;0.0;0.0;0.0;0.0;0.0;1.0;0.0;;;;I have never used any medical laboratory;0.0;0.0;0.0;0.0;0.0;0.0;0.0;0.0;0.0;0.0;0.0;0.0;0.0;1.0;;Routine health check;;I go to whichever laboratory my doctor recommends;1.0;0.0;0.0;0.0;0.0;0.0;0.0;0.0;0.0;;;;;;;;;;;;;;Much better;Much better;Much better;Much better;Much better;Much better;I cannot compare;I moved to a new area;0.0;0.0;0.0;0.0;0.0;1.0;0.0;;Price is the most important factor;₦20,000-50,000;Collect physical copy from the laboratory;Walk in without an appointment;;No;;798153490;29cf3fcb-45d3-4a9f-b0cb-6adbf19461de;2026-07-16T10:57:28;submitted_via_web;vcuMVyHEmtj3KUokEUBV7q;uuid:29cf3fcb-45d3-4a9f-b0cb-6adbf19461de;365
Yes, I consent to participate;35-44;Male;Corporate/salaried professional;;Lugbe;;Yes, through my employer;St. Emmanuel Hospital;SYNLAB Nigeria Mecure Healthcare Clinix;1.0;0.0;1.0;0.0;1.0;0.0;0.0;0.0;0.0;0.0;0.0;0.0;0.0;0.0;0.0;;Recommendation from a friend or family member;;I have never used any medical laboratory;0.0;0.0;0.0;0.0;0.0;0.0;0.0;0.0;0.0;0.0;0.0;0.0;0.0;1.0;;Insurance or HMO requirement;;I go to whichever laboratory my HMO covers I choose based on proximity to my home or workplace;0.0;1.0;1.0;0.0;0.0;0.0;0.0;0.0;0.0;;3- Neutral;5.0;Because have not used them before myself;;;;;;;;;;I cannot compare;I cannot compare;I cannot compare;I cannot compare;I cannot compare;I cannot compare;I cannot compare;I was dissatisfied with the quality or accuracy of results I was dissatisfied with the customer service My doctor or HMO recommended a different laboratory I moved to a new area;0.0;0.0;1.0;1.0;1.0;1.0;0.0;;Price matters but quality comes first;Below ₦20,000;I have no preference;I have no preference;;No;;798772914;ee62d308-afd7-4567-bb5b-bf34577fb826;2026-07-20T20:03:11;submitted_via_web;vcuMVyHEmtj3KUokEUBV7q;uuid:ee62d308-afd7-4567-bb5b-bf34577fb826;366
Yes, I consent to participate;35-44;Female;Civil servant;;Gwagwalada;;No, I pay out of pocket;;None of the above;0.0;0.0;0.0;0.0;0.0;0.0;0.0;0.0;0.0;0.0;0.0;0.0;1.0;0.0;0.0;;;;I have never used any medical laboratory;0.0;0.0;0.0;0.0;0.0;0.0;0.0;0.0;0.0;0.0;0.0;0.0;0.0;1.0;;Doctor's referral for a specific test;;I go to whichever laboratory my doctor recommends;1.0;0.0;0.0;0.0;0.0;0.0;0.0;0.0;0.0;;;;;;;;;;;;;;I cannot compare;I cannot compare;I cannot compare;I cannot compare;I cannot compare;I cannot compare;I cannot compare;The previous laboratory was too expensive;1.0;0.0;0.0;0.0;0.0;0.0;0.0;;Price matters but quality comes first;Below ₦20,000;Collect physical copy from the laboratory;Walk in without an appointment;;Yes;;798144424;a674df51-2ae4-428a-8b90-df1fe7fde7f6;2026-07-19T19:31:34;submitted_via_web;vcuMVyHEmtj3KUokEUBV7q;uuid:a674df51-2ae4-428a-8b90-df1fe7fde7f6;367
Yes, I consent to participate;45-54;Male;Corporate/salaried professional;;Jabi;;No, I pay out of pocket;Ecolab;e-Clinic & Diagnostics;0.0;0.0;0.0;0.0;0.0;0.0;0.0;0.0;0.0;0.0;0.0;1.0;0.0;0.0;1.0;;;;e-Clinic & Diagnostics;0.0;0.0;0.0;0.0;0.0;0.0;0.0;0.0;0.0;0.0;1.0;0.0;1.0;0.0;;Routine health check;;I go to whichever laboratory my doctor recommends I go to whichever laboratory my HMO covers;1.0;1.0;0.0;0.0;0.0;0.0;0.0;0.0;0.0;;;;;;;;;;;;;Ecolab;Much better;Much better;Much better;Better;Better;Much better;Better;The previous laboratory was inconvenient to access I moved to a new area;0.0;1.0;0.0;0.0;0.0;1.0;0.0;;Price matters but quality comes first;₦50,000-100,000;Receive via email;Book through a mobile app;;No;;798472280;43c52fa1-69ec-406a-8707-f951692c4ba4;2026-07-22T14:24:19;submitted_via_web;vcuMVyHEmtj3KUokEUBV7q;uuid:43c52fa1-69ec-406a-8707-f951692c4ba4;368
Yes, I consent to participate;25-34;Male;Corporate/salaried professional;;Asokoro;;Yes, through my employer;Synlab;SYNLAB Nigeria;1.0;0.0;0.0;0.0;0.0;0.0;0.0;0.0;0.0;0.0;0.0;0.0;0.0;0.0;0.0;;Social media;;I have never used any medical laboratory;0.0;0.0;0.0;0.0;0.0;0.0;0.0;0.0;0.0;0.0;0.0;0.0;0.0;1.0;;Other (please specify);;I ask friends or family for a recommendation;0.0;0.0;0.0;0.0;0.0;1.0;0.0;0.0;0.0;;4 - Good;3.0;Thoughts;;;;;;;;;;Better;Better;Better;Better;Better;Better;Better;I moved to a new area;0.0;0.0;0.0;0.0;0.0;1.0;0.0;;Price is not a significant factor in my decision;₦20,000-50,000;Access through an online patient portal or app;Book online through a website;;No;;796137031;89a3d1d4-3a13-47cf-9914-5c5dd836c65b;2026-07-15T18:22:56;submitted_via_web;vcuMVyHEmtj3KUokEUBV7q;uuid:89a3d1d4-3a13-47cf-9914-5c5dd836c65b;369
Yes, I consent to participate;25-34;Male;Corporate/salaried professional;;Gwagwalada;;No, I pay out of pocket;Imaf lab;SYNLAB Nigeria;1.0;0.0;0.0;0.0;0.0;0.0;0.0;0.0;0.0;0.0;0.0;0.0;0.0;0.0;0.0;;Recommendation from a friend or family member;;Firmcare Diagnostics;0.0;0.0;0.0;0.0;0.0;1.0;0.0;0.0;0.0;0.0;0.0;0.0;0.0;0.0;;Pre-employment medical;;I choose based on the laboratory's reputation;0.0;0.0;0.0;0.0;0.0;0.0;0.0;1.0;0.0;;4 - Good;3.0;It was recommended by a friend though have already done my test at imaf lab but he spoke about them well;;;;;;;;;;About the same;Worse;Better;About the same;Better;About the same;About the same;Other (please specify);0.0;0.0;0.0;0.0;0.0;0.0;1.0;I only visited a lab  once and since than have not use any other lab;Price is not a significant factor in my decision;₦20,000-50,000;Receive via email;Call the laboratory directly;Not bad;Yes;;799058443;5504578a-ee9d-4a08-bce0-ad2e80e5fb44;2026-07-15T16:31:48;submitted_via_web;vcuMVyHEmtj3KUokEUBV7q;uuid:5504578a-ee9d-4a08-bce0-ad2e80e5fb44;370
Yes, I consent to participate;35-44;Female;Corporate/salaried professional;;Asokoro;;No, I pay out of pocket;sure health laboratory and diagnostic limited;SYNLAB Nigeria Other (please specify);1.0;0.0;0.0;0.0;0.0;0.0;0.0;0.0;0.0;0.0;0.0;0.0;0.0;1.0;0.0;sure Health Laboratory and Diagnostic limited;Recommendation from a friend or family member;;Other (please specify);0.0;0.0;0.0;0.0;0.0;0.0;0.0;0.0;0.0;0.0;0.0;1.0;0.0;0.0;sure health laboratory;Doctor's referral for a specific test;;I go to whichever laboratory my doctor recommends;1.0;0.0;0.0;0.0;0.0;0.0;0.0;0.0;0.0;;4 - Good;5.0;I have not used it myself;;;;;;;;;Sure health lab. Reason is that it is closest to Asokoro District hospital;Better;Much better;Better;I cannot compare;Better;About the same;About the same;I moved to a new area;0.0;0.0;0.0;0.0;0.0;1.0;0.0;;Price is the most important factor;Below ₦20,000;Receive via WhatsApp;Book online through a website;Create more awareness for people around Asokoro axis till Mararabaa;Yes;olayemiakinpelu@gmail.com;797794693;1859c6de-18d4-42e6-9c27-8d3bb3040398;2026-07-16T13:57:41;submitted_via_web;vcuMVyHEmtj3KUokEUBV7q;uuid:1859c6de-18d4-42e6-9c27-8d3bb3040398;371
Yes, I consent to participate;35-44;Male;Corporate/salaried professional;;Asokoro;;Yes, through my employer;E-clinic;e-Clinic & Diagnostics;0.0;0.0;0.0;0.0;0.0;0.0;0.0;0.0;0.0;0.0;0.0;1.0;0.0;0.0;0.0;;;;e-Clinic & Diagnostics;0.0;0.0;0.0;0.0;0.0;0.0;0.0;0.0;0.0;0.0;1.0;0.0;0.0;0.0;;Doctor's referral for a specific test;;I go to whichever laboratory my HMO covers;0.0;1.0;0.0;0.0;0.0;0.0;0.0;0.0;0.0;;;;;;;;;;;;;;Better;Better;I cannot compare;Better;About the same;Better;Better;The previous laboratory was inconvenient to access;0.0;1.0;0.0;0.0;0.0;0.0;0.0;;Price matters but quality comes first;₦50,000-100,000;Receive via WhatsApp;Book through a mobile app;;Yes;abdulrahmannuhu4@gmail.com;797249947;4d2b2cc9-3dda-4f7c-90b1-b7f7537aed64;2026-07-20T16:48:11;submitted_via_web;vcuMVyHEmtj3KUokEUBV7q;uuid:4d2b2cc9-3dda-4f7c-90b1-b7f7537aed64;372
Yes, I consent to participate;45-54;Male;Civil servant;;Gwagwalada;;Yes, I pay for it personally;;Clina Lancet;0.0;1.0;0.0;0.0;0.0;0.0;0.0;0.0;0.0;0.0;0.0;0.0;0.0;0.0;0.0;;;;Clina Lancet;0.0;1.0;0.0;0.0;0.0;0.0;0.0;0.0;0.0;0.0;0.0;0.0;0.0;0.0;;Doctor's referral for a specific test;;I go to whichever laboratory my doctor recommends;1.0;0.0;0.0;0.0;0.0;0.0;0.0;0.0;0.0;;;;;;;;;;;;;;Better;Better;Better;Better;Better;Better;Better;I was dissatisfied with the customer service;0.0;0.0;0.0;1.0;0.0;0.0;0.0;;Price matters but quality comes first;Below ₦20,000;Receive via email;Book through a mobile app;;Yes;;796515008;c294bfab-5d0d-44ca-bce0-43e28414e8cc;2026-07-17T09:49:22;submitted_via_web;vcuMVyHEmtj3KUokEUBV7q;uuid:c294bfab-5d0d-44ca-bce0-43e28414e8cc;373
Yes, I consent to participate;35-44;Female;Student;;Asokoro;;No, I pay out of pocket;SYNLAB Nigeria;SYNLAB Nigeria;1.0;0.0;0.0;0.0;0.0;0.0;0.0;0.0;0.0;0.0;0.0;0.0;0.0;0.0;0.0;;Recommendation from a friend or family member;;SYNLAB Nigeria;1.0;0.0;0.0;0.0;0.0;0.0;0.0;0.0;0.0;0.0;0.0;0.0;0.0;0.0;;Routine health check;;I choose based on proximity to my home or workplace;0.0;0.0;1.0;0.0;0.0;0.0;0.0;0.0;0.0;;4 - Good;8.0;Cause they are very good with their work;Satisfied;Neutral;Very satisfied;Satisfied;Very satisfied;Very satisfied;Satisfied;Satisfied;SYNLAB Nigeria;Better;Better;Much better;Better;Much better;Much better;I cannot compare;The previous laboratory was too expensive;1.0;0.0;0.0;0.0;0.0;0.0;0.0;;Price is important but not the most important factor;₦100,000-200,000;Collect physical copy from the laboratory;Book online through a website;;Yes;;796360910;1ebde021-9659-442f-98d3-83655dc89f20;2026-07-19T02:26:58;submitted_via_web;vcuMVyHEmtj3KUokEUBV7q;uuid:1ebde021-9659-442f-98d3-83655dc89f20;374
Yes, I consent to participate;35-44;Female;Self-employed/business owner;;Gwagwalada;;Yes, I pay for it personally;Eco lab;Firmcare Diagnostics;0.0;0.0;0.0;0.0;0.0;0.0;1.0;0.0;0.0;0.0;0.0;0.0;0.0;0.0;1.0;;;;Other (please specify);0.0;0.0;0.0;0.0;0.0;0.0;0.0;0.0;0.0;0.0;0.0;1.0;1.0;0.0;No;Doctor's referral for a specific test;;I ask friends or family for a recommendation;0.0;0.0;0.0;0.0;0.0;1.0;0.0;0.0;0.0;;;;;;;;;;;;;Eco lab is okay i did all my lab test and scan there;Much better;Much better;Much better;Much better;Much better;Much better;Much better;My doctor or HMO recommended a different laboratory;0.0;0.0;0.0;0.0;1.0;0.0;0.0;;Price matters but quality comes first;₦20,000-50,000;Access through an online patient portal or app;Walk in without an appointment;No;Yes;;798408989;f348935a-8e48-4c8c-85ae-c92948f969a3;2026-07-19T08:15:42;submitted_via_web;vcuMVyHEmtj3KUokEUBV7q;uuid:f348935a-8e48-4c8c-85ae-c92948f969a3;375
Yes, I consent to participate;45-54;Male;Civil servant;;Wuse;;Yes, I pay for it personally;SYNLAB Nigeria;SYNLAB Nigeria;1.0;0.0;0.0;0.0;0.0;0.0;0.0;0.0;0.0;0.0;0.0;0.0;0.0;0.0;0.0;;Referred by my HMO or employer;;SYNLAB Nigeria;1.0;0.0;0.0;0.0;0.0;0.0;0.0;0.0;0.0;0.0;0.0;0.0;0.0;0.0;;Monitoring an existing health condition;;I go to whichever laboratory my HMO covers;0.0;1.0;0.0;0.0;0.0;0.0;0.0;0.0;0.0;;4 - Good;8.0;;Neutral;Neutral;Very satisfied;;Satisfied;Neutral;Very satisfied;Satisfied;SYNLAB Nigeria;Better;Much better;Better;Better;Much better;Much better;Better;I was dissatisfied with the customer service;0.0;0.0;0.0;1.0;0.0;0.0;0.0;;Price is not a significant factor in my decision;₦100,000-200,000;Collect physical copy from the laboratory;Walk in without an appointment;SYNLAB Nigeria is the best;Yes;;799419601;860e2028-33a1-41fd-908e-f9976c5a0cc5;2026-07-22T05:27:21;submitted_via_web;vcuMVyHEmtj3KUokEUBV7q;uuid:860e2028-33a1-41fd-908e-f9976c5a0cc5;376
Yes, I consent to participate;25-34;Male;Student;;Gwagwalada;;No, I pay out of pocket;USAID;e-Clinic & Diagnostics;0.0;0.0;0.0;0.0;0.0;0.0;0.0;0.0;0.0;0.0;0.0;1.0;0.0;0.0;0.0;;;;I have never used any medical laboratory;0.0;0.0;0.0;0.0;0.0;0.0;0.0;0.0;0.0;0.0;0.0;0.0;0.0;1.0;;Doctor's referral for a specific test;;I ask friends or family for a recommendation;0.0;0.0;0.0;0.0;0.0;1.0;0.0;0.0;0.0;;;;;;;;;;;;;;About the same;About the same;About the same;Worse;About the same;Worse;Better;The previous laboratory was too expensive;1.0;0.0;0.0;0.0;0.0;0.0;0.0;;Price is the most important factor;₦50,000-100,000;Collect physical copy from the laboratory;Walk in without an appointment;No;No;;796580590;30681b8b-72c7-4f57-bd6a-c2a21d3db4f3;2026-07-17T09:11:47;submitted_via_web;vcuMVyHEmtj3KUokEUBV7q;uuid:30681b8b-72c7-4f57-bd6a-c2a21d3db4f3;377
Yes, I consent to participate;25-34;Female;Civil servant;;Gwarimpa;;Yes, through my employer;;None of the above;0.0;0.0;0.0;0.0;0.0;0.0;0.0;0.0;0.0;0.0;0.0;0.0;1.0;0.0;0.0;;;;Other (please specify);0.0;0.0;0.0;0.0;0.0;0.0;0.0;0.0;0.0;0.0;0.0;1.0;0.0;0.0;No;Doctor's referral for a specific test;;I go to whichever laboratory my HMO covers;0.0;1.0;0.0;0.0;0.0;0.0;0.0;0.0;0.0;;;;;;;;;;;;;My Hmo hospital;Better;Better;Better;Better;Better;Better;Better;The previous laboratory was too expensive;1.0;0.0;0.0;0.0;0.0;0.0;0.0;;Price is important but not the most important factor;₦20,000-50,000;Receive via email;Walk in without an appointment;;Yes;;799412974;2eeeb3c1-710e-4537-bf02-99feebb8d765;2026-07-22T04:58:51;submitted_via_web;vcuMVyHEmtj3KUokEUBV7q;uuid:2eeeb3c1-710e-4537-bf02-99feebb8d765;378
Yes, I consent to participate;35-44;Male;Self-employed/business owner;;Kubwa;;No, I pay out of pocket;Eco scan;SYNLAB Nigeria e-Clinic & Diagnostics;1.0;0.0;0.0;0.0;0.0;0.0;0.0;0.0;0.0;0.0;0.0;1.0;0.0;0.0;1.0;;Recommendation from a friend or family member;;SYNLAB Nigeria e-Clinic & Diagnostics;1.0;0.0;0.0;0.0;0.0;0.0;0.0;0.0;0.0;0.0;1.0;0.0;0.0;0.0;;Doctor's referral for a specific test;;I go to whichever laboratory my doctor recommends I choose based on proximity to my home or workplace;1.0;0.0;1.0;0.0;0.0;0.0;0.0;0.0;0.0;;4 - Good;6.0;My view;Satisfied;Satisfied;Satisfied;Neutral;Satisfied;Satisfied;Neutral;Satisfied;Indifferent;About the same;Better;About the same;About the same;Better;About the same;About the same;My doctor or HMO recommended a different laboratory;0.0;0.0;0.0;0.0;1.0;0.0;0.0;;Price is important but not the most important factor;₦20,000-50,000;Access through an online patient portal or app;Walk in without an appointment;Non;Yes;;799275596;6d0a9456-07e3-4f6d-a57e-3828261b23fb;2026-07-21T17:21:22;submitted_via_web;vcuMVyHEmtj3KUokEUBV7q;uuid:6d0a9456-07e3-4f6d-a57e-3828261b23fb;379
Yes, I consent to participate;35-44;Female;Student;;Asokoro;;No, I pay out of pocket;SYNLAB Nigeria;SYNLAB Nigeria;1.0;0.0;0.0;0.0;0.0;0.0;0.0;0.0;0.0;0.0;0.0;0.0;0.0;0.0;0.0;;Recommendation from a friend or family member;;SYNLAB Nigeria;1.0;0.0;0.0;0.0;0.0;0.0;0.0;0.0;0.0;0.0;0.0;0.0;0.0;0.0;;Routine health check;;I choose based on proximity to my home or workplace;0.0;0.0;1.0;0.0;0.0;0.0;0.0;0.0;0.0;;4 - Good;8.0;Cause they are very good with their work;Satisfied;Neutral;Very satisfied;Satisfied;Very satisfied;Very satisfied;Satisfied;Satisfied;SYNLAB Nigeria;Better;Better;Much better;Better;Much better;Much better;I cannot compare;The previous laboratory was too expensive;1.0;0.0;0.0;0.0;0.0;0.0;0.0;;Price is important but not the most important factor;₦100,000-200,000;Collect physical copy from the laboratory;Book online through a website;;Yes;;797894029;bc80ae2e-5141-4e41-9b3a-d50ad2851baa;2026-07-21T13:37:08;submitted_via_web;vcuMVyHEmtj3KUokEUBV7q;uuid:bc80ae2e-5141-4e41-9b3a-d50ad2851baa;380
Yes, I consent to participate;25-34;Female;Civil servant;;Gwagwalada;;No, I pay out of pocket;Primary health care;SYNLAB Nigeria;1.0;0.0;0.0;0.0;0.0;0.0;0.0;0.0;0.0;0.0;0.0;0.0;0.0;0.0;0.0;;Recommendation from a friend or family member;;SYNLAB Nigeria;1.0;0.0;0.0;0.0;0.0;0.0;0.0;0.0;0.0;0.0;0.0;0.0;0.0;0.0;;Routine health check;;I choose based on proximity to my home or workplace;0.0;0.0;1.0;0.0;0.0;0.0;0.0;0.0;0.0;;4 - Good;9.0;;;;;;;;;;;I cannot compare;I cannot compare;I cannot compare;I cannot compare;I cannot compare;I cannot compare;I cannot compare;I moved to a new area;0.0;0.0;0.0;0.0;0.0;1.0;0.0;;Price is important but not the most important factor;₦20,000-50,000;Receive via WhatsApp;Walk in without an appointment;No;Yes;;796093104;b707e9d0-5ebf-4f76-8c9f-3b1e9130ea3b;2026-07-15T15:21:58;submitted_via_web;vcuMVyHEmtj3KUokEUBV7q;uuid:b707e9d0-5ebf-4f76-8c9f-3b1e9130ea3b;381
Yes, I consent to participate;35-44;Female;Civil servant;;Gwagwalada;;No, I pay out of pocket;;None of the above;0.0;0.0;0.0;0.0;0.0;0.0;0.0;0.0;0.0;0.0;0.0;0.0;1.0;0.0;0.0;;;;I have never used any medical laboratory;0.0;0.0;0.0;0.0;0.0;0.0;0.0;0.0;0.0;0.0;0.0;0.0;0.0;1.0;;Doctor's referral for a specific test;;I go to whichever laboratory my doctor recommends;1.0;0.0;0.0;0.0;0.0;0.0;0.0;0.0;0.0;;;;;;;;;;;;;;I cannot compare;I cannot compare;I cannot compare;I cannot compare;I cannot compare;I cannot compare;I cannot compare;The previous laboratory was too expensive;1.0;0.0;0.0;0.0;0.0;0.0;0.0;;Price matters but quality comes first;Below ₦20,000;Collect physical copy from the laboratory;Walk in without an appointment;;Yes;;798482347;dbd0c381-e724-47a7-9c6e-732a029b33be;2026-07-20T17:23:41;submitted_via_web;vcuMVyHEmtj3KUokEUBV7q;uuid:dbd0c381-e724-47a7-9c6e-732a029b33be;382
Yes, I consent to participate;35-44;Female;Civil servant;;Gwarimpa;;Yes, through my employer;Health scan;e-Clinic & Diagnostics None of the above;0.0;0.0;0.0;0.0;0.0;0.0;0.0;0.0;0.0;0.0;0.0;1.0;1.0;0.0;0.0;;;;I have never used any medical laboratory;0.0;0.0;0.0;0.0;0.0;0.0;0.0;0.0;0.0;0.0;0.0;0.0;0.0;1.0;;Insurance or HMO requirement;;I go to whichever laboratory my HMO covers;0.0;1.0;0.0;0.0;0.0;0.0;0.0;0.0;0.0;;;;;;;;;;;;;;Better;Better;Better;Better;Better;I cannot compare;Better;My doctor or HMO recommended a different laboratory I moved to a new area;0.0;0.0;0.0;0.0;1.0;1.0;0.0;;Price matters but quality comes first;₦20,000-50,000;Access through an online patient portal or app;Book online through a website;;Yes;;798307148;f35c9072-34b6-49bd-b930-bead248441ca;2026-07-22T22:15:16;submitted_via_web;vcuMVyHEmtj3KUokEUBV7q;uuid:f35c9072-34b6-49bd-b930-bead248441ca;383
Yes, I consent to participate;25-34;Male;Civil servant;;Asokoro;;I am not sure;Synlab;SYNLAB Nigeria;1.0;0.0;0.0;0.0;0.0;0.0;0.0;0.0;0.0;0.0;0.0;0.0;0.0;0.0;0.0;;Recommendation from a doctor or healthcare professional;;SYNLAB Nigeria I have never used any medical laboratory;1.0;0.0;0.0;0.0;0.0;0.0;0.0;0.0;0.0;0.0;0.0;0.0;0.0;1.0;;Doctor's referral for a specific test;;I go to whichever laboratory my doctor recommends;1.0;0.0;0.0;0.0;0.0;0.0;0.0;0.0;0.0;;5- Excellent;7.0;;Satisfied;Satisfied;Neutral;Satisfied;Very satisfied;Very satisfied;Very satisfied;Very satisfied;;Better;Better;About the same;Better;Better;Much better;Much better;The previous laboratory was too expensive;1.0;0.0;0.0;0.0;0.0;0.0;0.0;;Price matters but quality comes first;₦50,000-100,000;Collect physical copy from the laboratory;Book online through a website;No;;;796605292;fcd40348-ea4b-46f0-8e92-86d4bf8ee88a;2026-07-17T10:06:17;submitted_via_web;vcuMVyHEmtj3KUokEUBV7q;uuid:fcd40348-ea4b-46f0-8e92-86d4bf8ee88a;384
Yes, I consent to participate;25-34;Female;Unemployed;;Gwagwalada;;No, I pay out of pocket;;None of the above;0.0;0.0;0.0;0.0;0.0;0.0;0.0;0.0;0.0;0.0;0.0;0.0;1.0;0.0;0.0;;;;Pseven Medical Diagnostics I have never used any medical laboratory;0.0;0.0;0.0;0.0;0.0;0.0;0.0;0.0;0.0;1.0;0.0;0.0;0.0;1.0;;Other (please specify);No specific reason;Other (please specify);0.0;0.0;0.0;0.0;0.0;0.0;0.0;0.0;1.0;No specific reason;;;;;;;;;;;;;I cannot compare;I cannot compare;I cannot compare;I cannot compare;I cannot compare;I cannot compare;I cannot compare;I moved to a new area;0.0;0.0;0.0;0.0;0.0;1.0;0.0;;Price is the most important factor;Below ₦20,000;I have no preference;I have no preference;;No;;797711754;54e36c09-cf5d-4afa-9114-3eba261a0980;2026-07-20T13:40:13;submitted_via_web;vcuMVyHEmtj3KUokEUBV7q;uuid:54e36c09-cf5d-4afa-9114-3eba261a0980;385
Yes, I consent to participate;18-24;Male;Student;;Asokoro;;No, I pay out of pocket;;Clinix;0.0;0.0;0.0;0.0;1.0;0.0;0.0;0.0;0.0;0.0;0.0;0.0;0.0;0.0;0.0;;;;I have never used any medical laboratory;0.0;0.0;0.0;0.0;0.0;0.0;0.0;0.0;0.0;0.0;0.0;0.0;0.0;1.0;;;;I go to whichever laboratory my doctor recommends;1.0;0.0;0.0;0.0;0.0;0.0;0.0;0.0;0.0;;;;;;;;;;;;;;Much better;Much better;Much better;Much better;Much better;Much better;Much better;The previous laboratory was too expensive;1.0;0.0;0.0;0.0;0.0;0.0;0.0;;Price matters but quality comes first;Below ₦20,000;Receive via email;Call the laboratory directly;;Yes;;796128108;2adb4514-d57e-48f6-8f34-b90e4ec605a9;2026-07-15T17:41:04;submitted_via_web;vcuMVyHEmtj3KUokEUBV7q;uuid:2adb4514-d57e-48f6-8f34-b90e4ec605a9;386
Yes, I consent to participate;35-44;Male;Civil servant;;Gwarimpa;;Yes, I pay for it personally;;SYNLAB Nigeria;1.0;0.0;0.0;0.0;0.0;0.0;0.0;0.0;0.0;0.0;0.0;0.0;0.0;0.0;0.0;;Recommendation from a doctor or healthcare professional;;SYNLAB Nigeria Mecure Healthcare;1.0;0.0;1.0;0.0;0.0;0.0;0.0;0.0;0.0;0.0;0.0;0.0;0.0;0.0;;Doctor's referral for a specific test;;I choose based on proximity to my home or workplace;0.0;0.0;1.0;0.0;0.0;0.0;0.0;0.0;0.0;;4 - Good;8.0;;Satisfied;Satisfied;Very satisfied;Very satisfied;Did not experience this;Satisfied;Very satisfied;Very satisfied;;Much better;Much better;Much better;Much better;Much better;Much better;Much better;The previous laboratory was inconvenient to access I moved to a new area;0.0;1.0;0.0;0.0;0.0;1.0;0.0;;Price is important but not the most important factor;₦20,000-50,000;Receive via WhatsApp;Book through a mobile app;;No;;799830652;7265e518-a32a-40d3-9074-354a4a5c7d37;2026-07-23T05:40:17;submitted_via_web;vcuMVyHEmtj3KUokEUBV7q;uuid:7265e518-a32a-40d3-9074-354a4a5c7d37;387
Yes, I consent to participate;35-44;Male;Self-employed/business owner;;Gwarimpa;;No, I pay out of pocket;Synlab;SYNLAB Nigeria;1.0;0.0;0.0;0.0;0.0;0.0;0.0;0.0;0.0;0.0;0.0;0.0;0.0;0.0;0.0;;Recommendation from a friend or family member;;SYNLAB Nigeria;1.0;0.0;0.0;0.0;0.0;0.0;0.0;0.0;0.0;0.0;0.0;0.0;0.0;0.0;;Doctor's referral for a specific test;;I go to whichever laboratory my doctor recommends;1.0;0.0;0.0;0.0;0.0;0.0;0.0;0.0;0.0;;;;;;;;;;;;;The one that will give me professional service;I cannot compare;I cannot compare;About the same;Better;Better;Better;Better;My doctor or HMO recommended a different laboratory;0.0;0.0;0.0;0.0;1.0;0.0;0.0;;Price matters but quality comes first;₦20,000-50,000;Collect physical copy from the laboratory;Walk in without an appointment;Be consistent, be professional and listen to customer feedback.;Yes;;796156229;17fac321-5e25-47fa-9e1b-c8e50f2ce881;2026-07-15T20:31:49;submitted_via_web;vcuMVyHEmtj3KUokEUBV7q;uuid:17fac321-5e25-47fa-9e1b-c8e50f2ce881;388
Yes, I consent to participate;35-44;Male;Self-employed/business owner;;Others;Lagos;No, I pay out of pocket;God's own;None of the above;0.0;0.0;0.0;0.0;0.0;0.0;0.0;0.0;0.0;0.0;0.0;0.0;1.0;0.0;0.0;;;;I have never used any medical laboratory;0.0;0.0;0.0;0.0;0.0;0.0;0.0;0.0;0.0;0.0;0.0;0.0;0.0;1.0;;Other (please specify);;I choose based on price;0.0;0.0;0.0;0.0;0.0;0.0;1.0;0.0;0.0;;;;;;;;;;;;;;I cannot compare;I cannot compare;I cannot compare;I cannot compare;I cannot compare;I cannot compare;I cannot compare;I moved to a new area;0.0;0.0;0.0;0.0;0.0;1.0;0.0;;Price is the most important factor;I would not purchase this type of package;Collect physical copy from the laboratory;Walk in without an appointment;No;No;;798135848;3c933611-e2b4-4bcc-b91a-323a3d9598de;2026-07-23T03:41:07;submitted_via_web;vcuMVyHEmtj3KUokEUBV7q;uuid:3c933611-e2b4-4bcc-b91a-323a3d9598de;389
Yes, I consent to participate;35-44;Male;Unemployed;;Gwagwalada;;Yes, I pay for it personally;SYNLAB Nigeria;SYNLAB Nigeria;1.0;0.0;0.0;0.0;0.0;0.0;0.0;0.0;0.0;0.0;0.0;0.0;0.0;0.0;0.0;;Recommendation from a friend or family member;;SYNLAB Nigeria;1.0;0.0;0.0;0.0;0.0;0.0;0.0;0.0;0.0;0.0;0.0;0.0;0.0;0.0;;Routine health check;;I choose based on proximity to my home or workplace;0.0;0.0;1.0;0.0;0.0;0.0;0.0;0.0;0.0;;4 - Good;7.0;Because of the fair treatment;Neutral;Dissatisfied;Satisfied;Satisfied;Satisfied;Satisfied;Satisfied;Neutral;SYNLAB, because they are the best so far;Better;Better;Better;Better;Better;Better;Better;I was dissatisfied with the quality or accuracy of results;0.0;0.0;1.0;0.0;0.0;0.0;0.0;;Price matters but quality comes first;₦100,000-200,000;Access through an online patient portal or app;Call the laboratory directly;I'll suggest they give in their best;Yes;;797859555;d4e4374d-e852-4ca7-90af-094ad4e567d1;2026-07-21T00:16:03;submitted_via_web;vcuMVyHEmtj3KUokEUBV7q;uuid:d4e4374d-e852-4ca7-90af-094ad4e567d1;390
Yes, I consent to participate;35-44;Female;Self-employed/business owner;;Asokoro;;Yes, I pay for it personally;;SYNLAB Nigeria;1.0;0.0;0.0;0.0;0.0;0.0;0.0;0.0;0.0;0.0;0.0;0.0;0.0;0.0;0.0;;Recommendation from a doctor or healthcare professional;;SYNLAB Nigeria;1.0;0.0;0.0;0.0;0.0;0.0;0.0;0.0;0.0;0.0;0.0;0.0;0.0;0.0;;Routine health check;;I go to whichever laboratory my doctor recommends;1.0;0.0;0.0;0.0;0.0;0.0;0.0;0.0;0.0;;;;;;;;;;;;;;;;;;;;;;;;;;;;;;;;;;;No;;799455745;523035fb-0883-4442-ac6e-38933ed91deb;2026-07-20T23:52:45;submitted_via_web;vcuMVyHEmtj3KUokEUBV7q;uuid:523035fb-0883-4442-ac6e-38933ed91deb;391
Yes, I consent to participate;25-34;Male;Student;;Gwagwalada;;No, I pay out of pocket;Apin medical laboratory;SYNLAB Nigeria Clinix Firmcare Diagnostics APIN Medical Laboratory and Diagnostics;1.0;0.0;0.0;0.0;1.0;0.0;1.0;0.0;1.0;0.0;0.0;0.0;0.0;0.0;0.0;;Social media;;I have never used any medical laboratory;0.0;0.0;0.0;0.0;0.0;0.0;0.0;0.0;0.0;0.0;0.0;0.0;0.0;1.0;;Monitoring an existing health condition;;I go to whichever laboratory my doctor recommends;1.0;0.0;0.0;0.0;0.0;0.0;0.0;0.0;0.0;;4 - Good;10.0;They are well recommended;;;;;;;;;Apin medical laboratory… cause a friend went there for a treatment and was successful;Better;Better;Better;Better;Better;Better;Better;I moved to a new area;0.0;0.0;0.0;0.0;0.0;1.0;0.0;;Price matters but quality comes first;₦20,000-50,000;Collect physical copy from the laboratory;Walk in without an appointment;No;Yes;;799634550;63fa00c5-bc99-4f86-aa84-f9f92ba3e7dd;2026-07-16T14:10:18;submitted_via_web;vcuMVyHEmtj3KUokEUBV7q;uuid:63fa00c5-bc99-4f86-aa84-f9f92ba3e7dd;392
Yes, I consent to participate;35-44;Female;Self-employed/business owner;;Wuse;;No, I pay out of pocket;;SYNLAB Nigeria e-Clinic & Diagnostics;1.0;0.0;0.0;0.0;0.0;0.0;0.0;0.0;0.0;0.0;0.0;1.0;0.0;0.0;0.0;;I passed by a SYNLAB location;;SYNLAB Nigeria;1.0;0.0;0.0;0.0;0.0;0.0;0.0;0.0;0.0;0.0;0.0;0.0;0.0;0.0;;Routine health check;;I choose based on proximity to my home or workplace;0.0;0.0;1.0;0.0;0.0;0.0;0.0;0.0;0.0;;4 - Good;8.0;;Satisfied;Very satisfied;Satisfied;Satisfied;Satisfied;Satisfied;Very satisfied;Satisfied;;About the same;Better;Better;About the same;Better;Much better;Much better;I moved to a new area;0.0;0.0;0.0;0.0;0.0;1.0;0.0;;Price is not a significant factor in my decision;₦50,000-100,000;Collect physical copy from the laboratory;Call the laboratory directly;;Yes;;796328071;272afce4-8a6b-4c21-b881-a9f66239c154;2026-07-15T22:08:07;submitted_via_web;vcuMVyHEmtj3KUokEUBV7q;uuid:272afce4-8a6b-4c21-b881-a9f66239c154;393
Yes, I consent to participate;35-44;Male;Self-employed/business owner;;Gwarimpa;;Yes, I pay for it personally;;None of the above;0.0;0.0;0.0;0.0;0.0;0.0;0.0;0.0;0.0;0.0;0.0;0.0;1.0;0.0;0.0;;;;Lifebridge Medical Diagnostics;0.0;0.0;0.0;0.0;0.0;0.0;0.0;0.0;1.0;0.0;0.0;0.0;0.0;0.0;;Doctor's referral for a specific test;;I go to whichever laboratory my doctor recommends;1.0;0.0;0.0;0.0;0.0;0.0;0.0;0.0;0.0;;;;;;;;;;;;;Life bridge  lab ,quick to access for me and the resul was fast to be out;Much better;Much better;Much better;Better;Much better;Much better;Much better;I moved to a new area;0.0;0.0;0.0;0.0;0.0;1.0;0.0;;Price is not a significant factor in my decision;₦50,000-100,000;Receive via email;Call the laboratory directly;;Yes;;796850865;9a5f82b3-89bc-4e94-a4c8-d3fbc8fb2d4a;2026-07-22T16:52:25;submitted_via_web;vcuMVyHEmtj3KUokEUBV7q;uuid:9a5f82b3-89bc-4e94-a4c8-d3fbc8fb2d4a;394
Yes, I consent to participate;35-44;Female;Civil servant;;Gwarimpa;;Yes, through my employer;;SYNLAB Nigeria;1.0;0.0;0.0;0.0;0.0;0.0;0.0;0.0;0.0;0.0;0.0;0.0;0.0;0.0;0.0;;Recommendation from a doctor or healthcare professional;;I have never used any medical laboratory;0.0;0.0;0.0;0.0;0.0;0.0;0.0;0.0;0.0;0.0;0.0;0.0;0.0;1.0;;Routine health check;;I go to whichever laboratory my HMO covers;0.0;1.0;0.0;0.0;0.0;0.0;0.0;0.0;0.0;;5- Excellent;10.0;;;;;;;;;;;Much better;Much better;Much better;About the same;Better;About the same;;My doctor or HMO recommended a different laboratory;0.0;0.0;0.0;0.0;1.0;0.0;0.0;;;;Collect physical copy from the laboratory;Walk in without an appointment;;Yes;;797120154;a1c17a0b-a45b-4bc1-8ed7-3994b066a341;2026-07-23T02:24:28;submitted_via_web;vcuMVyHEmtj3KUokEUBV7q;uuid:a1c17a0b-a45b-4bc1-8ed7-3994b066a341;395
Yes, I consent to participate;35-44;Female;Student;;Asokoro;;I am not sure;;;;;;;;;;;;;;;;;0.0;;;;I have never used any medical laboratory;0.0;0.0;0.0;0.0;0.0;0.0;0.0;0.0;0.0;0.0;0.0;0.0;0.0;1.0;;Routine health check;;I choose based on proximity to my home or workplace;0.0;0.0;1.0;0.0;0.0;0.0;0.0;0.0;0.0;;;;;;;;;;;;;;I cannot compare;About the same;Better;I cannot compare;About the same;About the same;I cannot compare;;;;;;;;;;Price matters but quality comes first;₦20,000-50,000;Collect physical copy from the laboratory;I have no preference;;No;;799505296;d3634556-5121-4937-b8a1-468e62edf383;2026-07-20T14:07:40;submitted_via_web;vcuMVyHEmtj3KUokEUBV7q;uuid:d3634556-5121-4937-b8a1-468e62edf383;396
Yes, I consent to participate;35-44;Male;Civil servant;;Asokoro;;No, I pay out of pocket;SYNLAB Nigeria;Mecure Healthcare;0.0;0.0;1.0;0.0;0.0;0.0;0.0;0.0;0.0;0.0;0.0;0.0;0.0;0.0;0.0;;;;Mecure Healthcare;0.0;0.0;1.0;0.0;0.0;0.0;0.0;0.0;0.0;0.0;0.0;0.0;0.0;0.0;;Routine health check;;I choose based on previous experience;0.0;0.0;0.0;1.0;0.0;0.0;0.0;0.0;0.0;;;;;;;;;;;;;SYNLAB Nigeria they are good with what they do;Better;Better;Much better;Better;Better;Better;Much better;I was dissatisfied with the quality or accuracy of results;0.0;0.0;1.0;0.0;0.0;0.0;0.0;;Price is important but not the most important factor;₦100,000-200,000;Receive via email;Book through a mobile app;Keep been the best;Yes;;797689589;731ed272-0d73-4e83-a3ff-150a1519db97;2026-07-16T19:14:18;submitted_via_web;vcuMVyHEmtj3KUokEUBV7q;uuid:731ed272-0d73-4e83-a3ff-150a1519db97;397
Yes, I consent to participate;35-44;Male;Civil servant;;Asokoro;;Yes, through my employer;Healthwise;Clinix;0.0;0.0;0.0;0.0;1.0;0.0;0.0;0.0;0.0;0.0;0.0;0.0;0.0;0.0;0.0;;;;Lifebridge Medical Diagnostics;0.0;0.0;0.0;0.0;0.0;0.0;0.0;0.0;1.0;0.0;0.0;0.0;0.0;0.0;;Routine health check;;I choose based on the laboratory's reputation;0.0;0.0;0.0;0.0;0.0;0.0;0.0;1.0;0.0;;;;;;;;;;;;;;Better;Much better;About the same;Better;Better;Much better;Much better;I was dissatisfied with the customer service;0.0;0.0;0.0;1.0;0.0;0.0;0.0;;Price matters but quality comes first;₦100,000-200,000;Access through an online patient portal or app;Book through a mobile app;;No;;799038613;e5da25a6-1c08-4346-a3f5-5e2ccb75a78c;2026-07-22T14:10:39;submitted_via_web;vcuMVyHEmtj3KUokEUBV7q;uuid:e5da25a6-1c08-4346-a3f5-5e2ccb75a78c;398
Yes, I consent to participate;45-54;Male;Corporate/salaried professional;;Gwarimpa;;Yes, through my employer;SYNLAB;SYNLAB Nigeria Mecure Healthcare Clinix;1.0;0.0;1.0;0.0;1.0;0.0;0.0;0.0;0.0;0.0;0.0;0.0;0.0;0.0;0.0;;Recommendation from a friend or family member;;SYNLAB Nigeria Clinix;1.0;0.0;0.0;0.0;1.0;0.0;0.0;0.0;0.0;0.0;0.0;0.0;0.0;0.0;;Doctor's referral for a specific test;;I go to whichever laboratory my HMO covers I choose based on proximity to my home or workplace;0.0;1.0;1.0;0.0;0.0;0.0;0.0;0.0;0.0;;4 - Good;8.0;Services was good;Neutral;Satisfied;Satisfied;Satisfied;Satisfied;Very satisfied;Did not experience this;Did not experience this;;I cannot compare;I cannot compare;I cannot compare;I cannot compare;I cannot compare;I cannot compare;I cannot compare;The previous laboratory was inconvenient to access I was dissatisfied with the quality or accuracy of results I was dissatisfied with the customer service My doctor or HMO recommended a different laboratory I moved to a new area;0.0;1.0;1.0;1.0;1.0;1.0;0.0;;Price matters but quality comes first;Below ₦20,000;I have no preference;I have no preference;;No;;797386585;7bcb401d-f64d-4efe-b06f-790df99fc508;2026-07-16T21:10:47;submitted_via_web;vcuMVyHEmtj3KUokEUBV7q;uuid:7bcb401d-f64d-4efe-b06f-790df99fc508;399
Yes, I consent to participate;35-44;Female;Self-employed/business owner;;Gwagwalada;;Yes, I pay for it personally;Eco lab;Firmcare Diagnostics;0.0;0.0;0.0;0.0;0.0;0.0;1.0;0.0;0.0;0.0;0.0;0.0;0.0;0.0;1.0;;;;Other (please specify);0.0;0.0;0.0;0.0;0.0;0.0;0.0;0.0;0.0;0.0;0.0;1.0;1.0;0.0;No;Doctor's referral for a specific test;;I ask friends or family for a recommendation;0.0;0.0;0.0;0.0;0.0;1.0;0.0;0.0;0.0;;;;;;;;;;;;;Eco lab is okay i did all my lab test and scan there;Much better;Much better;Much better;Much better;Much better;Much better;Much better;My doctor or HMO recommended a different laboratory;0.0;0.0;0.0;0.0;1.0;0.0;0.0;;Price matters but quality comes first;₦20,000-50,000;Access through an online patient portal or app;Walk in without an appointment;No;Yes;;798868362;258d8360-4c8c-49bd-80eb-9e0a3f9e474e;2026-07-18T12:33:23;submitted_via_web;vcuMVyHEmtj3KUokEUBV7q;uuid:258d8360-4c8c-49bd-80eb-9e0a3f9e474e;400
Yes, I consent to participate;45-54;Male;Self-employed/business owner;;Gwagwalada;;Yes, I pay for it personally;Synlab;SYNLAB Nigeria;1.0;0.0;0.0;0.0;0.0;0.0;0.0;0.0;0.0;0.0;0.0;0.0;0.0;0.0;0.0;;Recommendation from a friend or family member;;SYNLAB Nigeria;1.0;0.0;0.0;0.0;0.0;0.0;0.0;0.0;0.0;0.0;0.0;0.0;0.0;0.0;;Monitoring an existing health condition;;I ask friends or family for a recommendation;0.0;0.0;0.0;0.0;0.0;1.0;0.0;0.0;0.0;;4 - Good;8.0;Human relationship not bad;Satisfied;Satisfied;Satisfied;Satisfied;Satisfied;Satisfied;Satisfied;Neutral;Synlab;Better;Much better;Better;Better;Much better;Much better;Better;I was dissatisfied with the customer service Other (please specify);0.0;0.0;0.0;1.0;0.0;0.0;1.0;;Price matters but quality comes first;₦50,000-100,000;I have no preference;Call the laboratory directly;;Yes;;796350195;d14bdf08-010f-4963-be7d-fcb6f33a36f2;2026-07-17T02:51:02;submitted_via_web;vcuMVyHEmtj3KUokEUBV7q;uuid:d14bdf08-010f-4963-be7d-fcb6f33a36f2;401
Yes, I consent to participate;35-44;Male;Self-employed/business owner;;Others;Lagos;No, I pay out of pocket;God's own;None of the above;0.0;0.0;0.0;0.0;0.0;0.0;0.0;0.0;0.0;0.0;0.0;0.0;1.0;0.0;0.0;;;;I have never used any medical laboratory;0.0;0.0;0.0;0.0;0.0;0.0;0.0;0.0;0.0;0.0;0.0;0.0;0.0;1.0;;Other (please specify);;I choose based on price;0.0;0.0;0.0;0.0;0.0;0.0;1.0;0.0;0.0;;;;;;;;;;;;;;I cannot compare;I cannot compare;I cannot compare;I cannot compare;I cannot compare;I cannot compare;I cannot compare;I moved to a new area;0.0;0.0;0.0;0.0;0.0;1.0;0.0;;Price is the most important factor;I would not purchase this type of package;Collect physical copy from the laboratory;Walk in without an appointment;No;No;;797029168;671d93d0-91ec-4609-b584-d5d4244e236a;2026-07-21T16:23:57;submitted_via_web;vcuMVyHEmtj3KUokEUBV7q;uuid:671d93d0-91ec-4609-b584-d5d4244e236a;402
Yes, I consent to participate;35-44;Male;Civil servant;;Asokoro;;No, I pay out of pocket;SYNLAB Nigeria;Mecure Healthcare;0.0;0.0;1.0;0.0;0.0;0.0;0.0;0.0;0.0;0.0;0.0;0.0;0.0;0.0;0.0;;;;Mecure Healthcare;0.0;0.0;1.0;0.0;0.0;0.0;0.0;0.0;0.0;0.0;0.0;0.0;0.0;0.0;;Routine health check;;I choose based on previous experience;0.0;0.0;0.0;1.0;0.0;0.0;0.0;0.0;0.0;;;;;;;;;;;;;SYNLAB Nigeria they are good with what they do;Better;Better;Much better;Better;Better;Better;Much better;I was dissatisfied with the quality or accuracy of results;0.0;0.0;1.0;0.0;0.0;0.0;0.0;;Price is important but not the most important factor;₦100,000-200,000;Receive via email;Book through a mobile app;Keep been the best;Yes;;796931460;7fa254e3-1130-4e58-96a1-61004eeb7965;2026-07-19T22:33:19;submitted_via_web;vcuMVyHEmtj3KUokEUBV7q;uuid:7fa254e3-1130-4e58-96a1-61004eeb7965;403
Yes, I consent to participate;45-54;Female;Healthcare professional;;Gwagwalada;;No, I pay out of pocket;;SYNLAB Nigeria;1.0;0.0;0.0;0.0;0.0;0.0;0.0;0.0;0.0;0.0;0.0;0.0;0.0;0.0;0.0;;Referred by my HMO or employer;;Afriglobal Medicare;0.0;0.0;0.0;1.0;0.0;0.0;0.0;0.0;0.0;0.0;0.0;0.0;0.0;0.0;;Monitoring an existing health condition;;I choose based on previous experience;0.0;0.0;0.0;1.0;0.0;0.0;0.0;0.0;0.0;;3- Neutral;6.0;;;;;;;;;;;Better;Better;Better;Better;Much better;Better;Better;I was dissatisfied with the quality or accuracy of results;0.0;0.0;1.0;0.0;0.0;0.0;0.0;;Price matters but quality comes first;Below ₦20,000;Collect physical copy from the laboratory;I have no preference;;Yes;;796691652;6f378cfe-f137-44c4-a1c0-6ed236f0a18e;2026-07-20T14:11:29;submitted_via_web;vcuMVyHEmtj3KUokEUBV7q;uuid:6f378cfe-f137-44c4-a1c0-6ed236f0a18e;404
Yes, I consent to participate;35-44;Female;Civil servant;;Gwagwalada;;No, I pay out of pocket;;None of the above;0.0;0.0;0.0;0.0;0.0;0.0;0.0;0.0;0.0;0.0;0.0;0.0;1.0;0.0;0.0;;;;I have never used any medical laboratory;0.0;0.0;0.0;0.0;0.0;0.0;0.0;0.0;0.0;0.0;0.0;0.0;0.0;1.0;;Doctor's referral for a specific test;;I go to whichever laboratory my doctor recommends;1.0;0.0;0.0;0.0;0.0;0.0;0.0;0.0;0.0;;;;;;;;;;;;;;I cannot compare;I cannot compare;I cannot compare;I cannot compare;I cannot compare;I cannot compare;I cannot compare;The previous laboratory was too expensive;1.0;0.0;0.0;0.0;0.0;0.0;0.0;;Price matters but quality comes first;Below ₦20,000;Collect physical copy from the laboratory;Walk in without an appointment;;Yes;;797836857;6fd73c3d-9034-4d69-90eb-c6110fdd80ea;2026-07-23T09:56:25;submitted_via_web;vcuMVyHEmtj3KUokEUBV7q;uuid:6fd73c3d-9034-4d69-90eb-c6110fdd80ea;405
Yes, I consent to participate;35-44;Female;Self-employed/business owner;;Wuse;;No, I pay out of pocket;;SYNLAB Nigeria e-Clinic & Diagnostics;1.0;0.0;0.0;0.0;0.0;0.0;0.0;0.0;0.0;0.0;0.0;1.0;0.0;0.0;0.0;;I passed by a SYNLAB location;;SYNLAB Nigeria;1.0;0.0;0.0;0.0;0.0;0.0;0.0;0.0;0.0;0.0;0.0;0.0;0.0;0.0;;Routine health check;;I choose based on proximity to my home or workplace;0.0;0.0;1.0;0.0;0.0;0.0;0.0;0.0;0.0;;4 - Good;8.0;;Satisfied;Very satisfied;Satisfied;Satisfied;Satisfied;Satisfied;Very satisfied;Satisfied;;About the same;Better;Better;About the same;Better;Much better;Much better;I moved to a new area;0.0;0.0;0.0;0.0;0.0;1.0;0.0;;Price is not a significant factor in my decision;₦50,000-100,000;Collect physical copy from the laboratory;Call the laboratory directly;;Yes;;799837973;a95deb8f-e6d9-4ca4-aad4-d44280d57186;2026-07-19T13:48:05;submitted_via_web;vcuMVyHEmtj3KUokEUBV7q;uuid:a95deb8f-e6d9-4ca4-aad4-d44280d57186;406
Yes, I consent to participate;35-44;Male;Corporate/salaried professional;;Asokoro;;Yes, through my employer;Synlab;SYNLAB Nigeria;1.0;0.0;0.0;0.0;0.0;0.0;0.0;0.0;0.0;0.0;0.0;0.0;0.0;0.0;0.0;;Social media;;I have never used any medical laboratory;0.0;0.0;0.0;0.0;0.0;0.0;0.0;0.0;0.0;0.0;0.0;0.0;0.0;1.0;;Other (please specify);;I ask friends or family for a recommendation;0.0;0.0;0.0;0.0;0.0;1.0;0.0;0.0;0.0;;4 - Good;3.0;Thoughts;;;;;;;;;;Better;Better;Better;Better;Better;Better;Better;I moved to a new area;0.0;0.0;0.0;0.0;0.0;1.0;0.0;;Price is not a significant factor in my decision;₦20,000-50,000;Access through an online patient portal or app;Book online through a website;;No;;799823292;56026b30-f9c7-4092-a047-5f22f8d42682;2026-07-21T14:36:21;submitted_via_web;vcuMVyHEmtj3KUokEUBV7q;uuid:56026b30-f9c7-4092-a047-5f22f8d42682;407
Yes, I consent to participate;45-54;Female;Healthcare professional;;Wuse;;Yes, through my employer;;SYNLAB Nigeria;1.0;0.0;0.0;0.0;0.0;0.0;0.0;0.0;0.0;0.0;0.0;0.0;0.0;0.0;0.0;;Referred by my HMO or employer;;SYNLAB Nigeria;1.0;0.0;0.0;0.0;0.0;0.0;0.0;0.0;0.0;0.0;0.0;0.0;1.0;0.0;;Pre-employment medical;;I choose based on previous experience;0.0;0.0;0.0;1.0;0.0;0.0;0.0;0.0;0.0;;3- Neutral;9.0;;Very satisfied;Very satisfied;Satisfied;Very satisfied;Very satisfied;Satisfied;Neutral;Satisfied;Eco scan;Better;Better;Better;Better;Much better;Better;About the same;My doctor or HMO recommended a different laboratory;0.0;0.0;0.0;0.0;1.0;0.0;0.0;;Price is important but not the most important factor;₦20,000-50,000;Collect physical copy from the laboratory;Walk in without an appointment;Their is room for improvement;Yes;;798756807;495d4939-bbab-4db5-9332-089e301a8c28;2026-07-22T16:18:39;submitted_via_web;vcuMVyHEmtj3KUokEUBV7q;uuid:495d4939-bbab-4db5-9332-089e301a8c28;408
Yes, I consent to participate;45-54;Male;Corporate/salaried professional;;Gwarimpa;;Yes, through my employer;SYNLAB;SYNLAB Nigeria Mecure Healthcare Clinix;1.0;0.0;1.0;0.0;1.0;0.0;0.0;0.0;0.0;0.0;0.0;0.0;0.0;0.0;0.0;;Recommendation from a friend or family member;;SYNLAB Nigeria Clinix;1.0;0.0;0.0;0.0;1.0;0.0;0.0;0.0;0.0;0.0;0.0;0.0;0.0;0.0;;Doctor's referral for a specific test;;I go to whichever laboratory my HMO covers I choose based on proximity to my home or workplace;0.0;1.0;1.0;0.0;0.0;0.0;0.0;0.0;0.0;;4 - Good;8.0;Services was good;Neutral;Satisfied;Satisfied;Satisfied;Satisfied;Very satisfied;Did not experience this;Did not experience this;;I cannot compare;I cannot compare;I cannot compare;I cannot compare;I cannot compare;I cannot compare;I cannot compare;The previous laboratory was inconvenient to access I was dissatisfied with the quality or accuracy of results I was dissatisfied with the customer service My doctor or HMO recommended a different laboratory I moved to a new area;0.0;1.0;1.0;1.0;1.0;1.0;0.0;;Price matters but quality comes first;Below ₦20,000;I have no preference;I have no preference;;No;;798108960;3b829345-99f7-4b16-9a82-84025f28435b;2026-07-20T13:50:43;submitted_via_web;vcuMVyHEmtj3KUokEUBV7q;uuid:3b829345-99f7-4b16-9a82-84025f28435b;409
Yes, I consent to participate;25-34;Female;Civil servant;;Gwagwalada;;Yes, through my employer;Mercure Health care;Mecure Healthcare Firmcare Diagnostics Lifebridge Medical Diagnostics;0.0;0.0;1.0;0.0;0.0;0.0;1.0;0.0;0.0;1.0;0.0;0.0;0.0;0.0;0.0;;;;Mecure Healthcare Firmcare Diagnostics;0.0;0.0;1.0;0.0;0.0;1.0;0.0;0.0;0.0;0.0;0.0;0.0;0.0;0.0;;Routine health check;;I choose based on previous experience;0.0;0.0;0.0;1.0;0.0;0.0;0.0;0.0;0.0;;;;;;;;;;;;;Mecure, their attitude to work is positive;Much better;Much better;Much better;Much better;Much better;Better;Much better;The previous laboratory was inconvenient to access;0.0;1.0;0.0;0.0;0.0;0.0;0.0;;Price matters but quality comes first;Below ₦20,000;Collect physical copy from the laboratory;Walk in without an appointment;Employ people who are willing to do the job.;No;;796244145;40c88262-62d7-40a6-8d6f-3ebf19ecb688;2026-07-16T07:35:34;submitted_via_web;vcuMVyHEmtj3KUokEUBV7q;uuid:40c88262-62d7-40a6-8d6f-3ebf19ecb688;410
Yes, I consent to participate;45-54;Male;Self-employed/business owner;;Asokoro;;Yes, I pay for it personally;Echo lab;SYNLAB Nigeria Clinix e-Clinic & Diagnostics;1.0;0.0;0.0;0.0;1.0;0.0;0.0;0.0;0.0;0.0;0.0;1.0;0.0;0.0;1.0;;Recommendation from a friend or family member;;Other (please specify);0.0;0.0;0.0;0.0;0.0;0.0;0.0;0.0;0.0;0.0;0.0;1.0;0.0;0.0;Darlez and Everight;Routine health check;;I go to whichever laboratory my doctor recommends;1.0;0.0;0.0;0.0;0.0;0.0;0.0;0.0;0.0;;;;I’ve not used them before;;;;;;;;;;;;;;;;;;;;;;;;;;;;;;;;;798533828;b25093ab-41d3-4712-b5e9-c9dad24186c0;2026-07-22T04:19:26;submitted_via_web;vcuMVyHEmtj3KUokEUBV7q;uuid:b25093ab-41d3-4712-b5e9-c9dad24186c0;411
Yes, I consent to participate;35-44;Male;Self-employed/business owner;;Asokoro;;No, I pay out of pocket;Healthscan;LAB360;0.0;0.0;0.0;0.0;0.0;0.0;0.0;1.0;0.0;0.0;0.0;0.0;0.0;0.0;0.0;;;;LAB360;0.0;0.0;0.0;0.0;0.0;0.0;1.0;0.0;0.0;0.0;0.0;0.0;0.0;0.0;;Doctor's referral for a specific test;;I go to whichever laboratory my doctor recommends;1.0;0.0;0.0;0.0;0.0;0.0;0.0;0.0;0.0;;;;;;;;;;;;;Healthscan;Better;Much better;About the same;About the same;Better;Better;Better;The previous laboratory was too expensive;1.0;0.0;0.0;0.0;0.0;0.0;0.0;;Price matters but quality comes first;₦20,000-50,000;Receive via WhatsApp;Call the laboratory directly;More awareness needed for recognition;Yes;;798031451;c73491f1-f7b8-436b-98da-514811c3d8b8;2026-07-20T17:45:15;submitted_via_web;vcuMVyHEmtj3KUokEUBV7q;uuid:c73491f1-f7b8-436b-98da-514811c3d8b8;412
Yes, I consent to participate;45-54;Female;Self-employed/business owner;;Gwagwalada;;I am not sure;SYNLAB Nigeria;SYNLAB Nigeria;1.0;0.0;0.0;0.0;0.0;0.0;0.0;0.0;0.0;0.0;0.0;0.0;0.0;0.0;0.0;;Recommendation from a doctor or healthcare professional;;SYNLAB Nigeria;1.0;0.0;0.0;0.0;0.0;0.0;0.0;0.0;0.0;0.0;0.0;0.0;0.0;0.0;;Routine health check;;I go to whichever laboratory my doctor recommends;1.0;0.0;0.0;0.0;0.0;0.0;0.0;0.0;0.0;;5- Excellent;10.0;Because SYNLAB Nigeria is good;Very satisfied;Satisfied;Satisfied;Satisfied;Satisfied;Satisfied;Satisfied;Satisfied;SYNLAB Nigeria is good;Better;Better;Better;Better;Better;Better;Better;My doctor or HMO recommended a different laboratory;0.0;0.0;0.0;0.0;1.0;0.0;0.0;;Price matters but quality comes first;₦100,000-200,000;Collect physical copy from the laboratory;Book online through a website;;Yes;;796167642;fd466063-bcfb-4b4a-8689-10ad6e269dde;2026-07-22T20:14:57;submitted_via_web;vcuMVyHEmtj3KUokEUBV7q;uuid:fd466063-bcfb-4b4a-8689-10ad6e269dde;413
Yes, I consent to participate;35-44;Male;Corporate/salaried professional;;Kubwa;;Yes, through my employer;;None of the above;0.0;0.0;0.0;0.0;0.0;0.0;0.0;0.0;0.0;0.0;0.0;0.0;1.0;0.0;0.0;;;;I have never used any medical laboratory;0.0;0.0;0.0;0.0;0.0;0.0;0.0;0.0;0.0;0.0;0.0;0.0;0.0;1.0;;Doctor's referral for a specific test;;I go to whichever laboratory my doctor recommends;1.0;0.0;0.0;0.0;0.0;0.0;0.0;0.0;0.0;;;;;;;;;;;;;;I cannot compare;About the same;About the same;Worse;Better;About the same;About the same;I moved to a new area;0.0;0.0;0.0;0.0;0.0;1.0;0.0;;Price matters but quality comes first;I would not purchase this type of package;Receive via email;Walk in without an appointment;;Yes;;797706872;dc19d8a7-399c-4c3b-b8ec-20d88beedc44;2026-07-21T17:48:51;submitted_via_web;vcuMVyHEmtj3KUokEUBV7q;uuid:dc19d8a7-399c-4c3b-b8ec-20d88beedc44;414
Yes, I consent to participate;35-44;Male;Civil servant;;Wuse;;Yes, through my employer;Eclinic;e-Clinic & Diagnostics;0.0;0.0;0.0;0.0;0.0;0.0;0.0;0.0;0.0;0.0;0.0;1.0;0.0;0.0;0.0;;;;e-Clinic & Diagnostics;0.0;0.0;0.0;0.0;0.0;0.0;0.0;0.0;0.0;0.0;1.0;0.0;0.0;0.0;;Monitoring an existing health condition;;I choose based on proximity to my home or workplace;0.0;0.0;1.0;0.0;0.0;0.0;0.0;0.0;0.0;;;;;;;;;;;;;Synlab;Much better;Much better;Much better;I cannot compare;Better;Much better;Better;My doctor or HMO recommended a different laboratory;0.0;0.0;0.0;0.0;1.0;0.0;0.0;;Price matters but quality comes first;₦50,000-100,000;Access through an online patient portal or app;Walk in without an appointment;Low cost driver me;Yes;;797627937;4d392a70-5928-432c-b1c5-cc50c5ff346c;2026-07-17T01:03:59;submitted_via_web;vcuMVyHEmtj3KUokEUBV7q;uuid:4d392a70-5928-432c-b1c5-cc50c5ff346c;415
Yes, I consent to participate;45-54;Male;Self-employed/business owner;;Gwarimpa;;Yes, through my employer;Life plan modern laboratory;SYNLAB Nigeria;1.0;0.0;0.0;0.0;0.0;0.0;0.0;0.0;0.0;0.0;0.0;0.0;0.0;0.0;0.0;;I passed by a SYNLAB location;;SYNLAB Nigeria;1.0;0.0;0.0;0.0;0.0;0.0;0.0;0.0;0.0;0.0;0.0;0.0;0.0;0.0;;Doctor's referral for a specific test;;I go to whichever laboratory my doctor recommends;1.0;0.0;0.0;0.0;0.0;0.0;0.0;0.0;0.0;;4 - Good;6.0;My reason is based on structure and recommendation;Satisfied;Satisfied;Neutral;Satisfied;;Satisfied;Satisfied;Neutral;Synlab, reason is that I am more aware of services they render;Better;Better;Better;About the same;Much better;I cannot compare;Better;The previous laboratory was inconvenient to access;0.0;1.0;0.0;0.0;0.0;0.0;0.0;;Price is the most important factor;₦100,000-200,000;Receive via email;Book through my HMO or employer's portal;Create more awareness to people here;Yes;;797590790;5f82560c-9398-46df-a35b-cd57bea4c5aa;2026-07-18T20:44:54;submitted_via_web;vcuMVyHEmtj3KUokEUBV7q;uuid:5f82560c-9398-46df-a35b-cd57bea4c5aa;416
Yes, I consent to participate;25-34;Male;Healthcare professional;;Gwarimpa;;No, I pay out of pocket;Qualihealth Diagnostics;SYNLAB Nigeria Clina Lancet Mecure Healthcare Clinix LAB360 APIN Medical Laboratory and Diagnostics;1.0;1.0;1.0;0.0;1.0;0.0;0.0;1.0;1.0;0.0;0.0;0.0;0.0;0.0;0.0;;Social media;;Other (please specify);0.0;0.0;0.0;0.0;0.0;0.0;0.0;0.0;0.0;0.0;0.0;1.0;0.0;0.0;Qualihealth;Routine health check;;I choose based on the laboratory's reputation;0.0;0.0;0.0;0.0;0.0;0.0;0.0;1.0;0.0;;4 - Good;5.0;No reason;;;;;;;;;;I cannot compare;I cannot compare;I cannot compare;Much worse;Better;Much better;I cannot compare;Other (please specify);0.0;0.0;0.0;0.0;0.0;0.0;1.0;No;Price is important but not the most important factor;₦20,000-50,000;Receive via email;Book online through a website;No;No;;796413682;71d8cb20-9682-4e8b-9cc9-2874b764f091;2026-07-16T14:58:49;submitted_via_web;vcuMVyHEmtj3KUokEUBV7q;uuid:71d8cb20-9682-4e8b-9cc9-2874b764f091;417
Yes, I consent to participate;35-44;Male;Student;;Asokoro;;No, I pay out of pocket;Haske lab;Other (please specify);0.0;0.0;0.0;0.0;0.0;0.0;0.0;0.0;0.0;0.0;0.0;0.0;0.0;1.0;0.0;Haske clinic;;;I have never used any medical laboratory;0.0;0.0;0.0;0.0;0.0;0.0;0.0;0.0;0.0;0.0;0.0;0.0;0.0;1.0;;Routine health check;;I choose based on price I choose based on the laboratory's reputation;0.0;0.0;0.0;0.0;0.0;0.0;1.0;1.0;0.0;;;;;;;;;;;;;;I cannot compare;Better;Much better;I cannot compare;I cannot compare;I cannot compare;I cannot compare;I moved to a new area;0.0;0.0;0.0;0.0;0.0;1.0;0.0;;Price is the most important factor;I would not purchase this type of package;Receive via WhatsApp;I have no preference;Not really;Yes;;796938003;d0b034e5-ee3f-44de-b829-988a48604cbd;2026-07-15T15:43:04;submitted_via_web;vcuMVyHEmtj3KUokEUBV7q;uuid:d0b034e5-ee3f-44de-b829-988a48604cbd;418
Yes, I consent to participate;35-44;Female;Corporate/salaried professional;;Asokoro;;No, I pay out of pocket;sure health laboratory and diagnostic limited;SYNLAB Nigeria Other (please specify);1.0;0.0;0.0;0.0;0.0;0.0;0.0;0.0;0.0;0.0;0.0;0.0;0.0;1.0;0.0;sure Health Laboratory and Diagnostic limited;Recommendation from a friend or family member;;Other (please specify);0.0;0.0;0.0;0.0;0.0;0.0;0.0;0.0;0.0;0.0;0.0;1.0;0.0;0.0;sure health laboratory;Doctor's referral for a specific test;;I go to whichever laboratory my doctor recommends;1.0;0.0;0.0;0.0;0.0;0.0;0.0;0.0;0.0;;4 - Good;5.0;I have not used it myself;;;;;;;;;Sure health lab. Reason is that it is closest to Asokoro District hospital;Better;Much better;Better;I cannot compare;Better;About the same;About the same;I moved to a new area;0.0;0.0;0.0;0.0;0.0;1.0;0.0;;Price is the most important factor;Below ₦20,000;Receive via WhatsApp;Book online through a website;Create more awareness for people around Asokoro axis till Mararabaa;Yes;olayemiakinpelu@gmail.com;796068509;47240a9c-740f-4863-a9eb-362e07fc2f2f;2026-07-15T14:02:06;submitted_via_web;vcuMVyHEmtj3KUokEUBV7q;uuid:47240a9c-740f-4863-a9eb-362e07fc2f2f;419
Yes, I consent to participate;35-44;Female;Civil servant;;Gwagwalada;;Yes, through my employer;LAB360;LAB360;0.0;0.0;0.0;0.0;0.0;0.0;0.0;1.0;0.0;0.0;0.0;0.0;0.0;0.0;0.0;;;;LAB360;0.0;0.0;0.0;0.0;0.0;0.0;1.0;0.0;0.0;0.0;0.0;0.0;0.0;0.0;;Insurance or HMO requirement;;I go to whichever laboratory my HMO covers;0.0;1.0;0.0;0.0;0.0;0.0;0.0;0.0;0.0;;;;;;;;;;;;;;I cannot compare;I cannot compare;I cannot compare;I cannot compare;Better;Better;Better;I moved to a new area;0.0;0.0;0.0;0.0;0.0;1.0;0.0;;Price is not a significant factor in my decision;₦20,000-50,000;Collect physical copy from the laboratory;Book through my HMO or employer's portal;;No;;798903696;f723f9f8-b481-48ab-a15b-5bdbd44bd962;2026-07-17T09:48:52;submitted_via_web;vcuMVyHEmtj3KUokEUBV7q;uuid:f723f9f8-b481-48ab-a15b-5bdbd44bd962;420
Yes, I consent to participate;35-44;Male;Civil servant;;Wuse;;No, I pay out of pocket;SYNLAB Nigeria;SYNLAB Nigeria;1.0;0.0;0.0;0.0;0.0;0.0;0.0;0.0;0.0;0.0;0.0;0.0;0.0;0.0;0.0;;Recommendation from a doctor or healthcare professional;;SYNLAB Nigeria;1.0;0.0;0.0;0.0;0.0;0.0;0.0;0.0;0.0;0.0;0.0;0.0;0.0;0.0;;Monitoring an existing health condition;;I choose based on proximity to my home or workplace;0.0;0.0;1.0;0.0;0.0;0.0;0.0;0.0;0.0;;3- Neutral;9.0;;Neutral;Very satisfied;Very satisfied;;Satisfied;Very satisfied;Neutral;Satisfied;SYNLAB Nigeria;Better;Better;Better;Much better;Better;Much better;Better;I was dissatisfied with the quality or accuracy of results;0.0;0.0;1.0;0.0;0.0;0.0;0.0;;Price matters but quality comes first;₦20,000-50,000;Receive via WhatsApp;Walk in without an appointment;I love ur codinition;Yes;;797878627;3eb10586-1b77-4a43-b32a-18d40621ee70;2026-07-17T02:40:58;submitted_via_web;vcuMVyHEmtj3KUokEUBV7q;uuid:3eb10586-1b77-4a43-b32a-18d40621ee70;421
Yes, I consent to participate;25-34;Female;Civil servant;;Kubwa;;Yes, through my employer;Synlab;SYNLAB Nigeria Lifebridge Medical Diagnostics;1.0;0.0;0.0;0.0;0.0;0.0;0.0;0.0;0.0;1.0;0.0;0.0;0.0;0.0;0.0;;Recommendation from a friend or family member;;SYNLAB Nigeria Lifebridge Medical Diagnostics;1.0;0.0;0.0;0.0;0.0;0.0;0.0;0.0;1.0;0.0;0.0;0.0;0.0;0.0;;Doctor's referral for a specific test;;I go to whichever laboratory my HMO covers;0.0;1.0;0.0;0.0;0.0;0.0;0.0;0.0;0.0;;3- Neutral;6.0;Neutral;Dissatisfied;Neutral;Satisfied;Satisfied;Satisfied;Very satisfied;Did not experience this;Neutral;No preference;About the same;Better;Much better;About the same;Better;Better;Better;My doctor or HMO recommended a different laboratory;0.0;0.0;0.0;0.0;1.0;0.0;0.0;;Price matters but quality comes first;₦20,000-50,000;Access through an online patient portal or app;Walk in without an appointment;Not really;Yes;;796315674;fd886f54-1b34-4c8d-8903-c40f6684796e;2026-07-16T10:21:19;submitted_via_web;vcuMVyHEmtj3KUokEUBV7q;uuid:fd886f54-1b34-4c8d-8903-c40f6684796e;422
Yes, I consent to participate;45-54;Male;Civil servant;;Gwarimpa;;Yes, I pay for it personally;;SYNLAB Nigeria;1.0;0.0;0.0;0.0;0.0;0.0;0.0;0.0;0.0;0.0;0.0;0.0;0.0;0.0;0.0;;Recommendation from a doctor or healthcare professional;;SYNLAB Nigeria Mecure Healthcare;1.0;0.0;1.0;0.0;0.0;0.0;0.0;0.0;0.0;0.0;0.0;0.0;0.0;0.0;;Doctor's referral for a specific test;;I choose based on proximity to my home or workplace;0.0;0.0;1.0;0.0;0.0;0.0;0.0;0.0;0.0;;4 - Good;8.0;;Satisfied;Satisfied;Very satisfied;Very satisfied;Did not experience this;Satisfied;Very satisfied;Very satisfied;;Much better;Much better;Much better;Much better;Much better;Much better;Much better;The previous laboratory was inconvenient to access I moved to a new area;0.0;1.0;0.0;0.0;0.0;1.0;0.0;;Price is important but not the most important factor;₦20,000-50,000;Receive via WhatsApp;Book through a mobile app;;No;;799928433;8f867528-7a8d-4cd6-96d8-4cc4b516f808;2026-07-23T10:33:08;submitted_via_web;vcuMVyHEmtj3KUokEUBV7q;uuid:8f867528-7a8d-4cd6-96d8-4cc4b516f808;423
Yes, I consent to participate;35-44;Female;Civil servant;;Gwarimpa;;Yes, through my employer;Garki general hospital Hu;None of the above;0.0;0.0;0.0;0.0;0.0;0.0;0.0;0.0;0.0;0.0;0.0;0.0;1.0;0.0;0.0;;;;Other (please specify);0.0;0.0;0.0;0.0;0.0;0.0;0.0;0.0;0.0;0.0;0.0;1.0;0.0;0.0;Garki general hospital;Doctor's referral for a specific test;;I go to whichever laboratory my HMO covers;0.0;1.0;0.0;0.0;0.0;0.0;0.0;0.0;0.0;;;;;;;;;;;;;Garki general hospital, because l am used to it;Better;Worse;Better;Much better;Better;Better;Worse;Other (please specify);0.0;0.0;0.0;0.0;0.0;0.0;1.0;Want to be sure, if the scan is correct;Price matters but quality comes first;I would not purchase this type of package;Collect physical copy from the laboratory;Walk in without an appointment;;Yes;;797060973;f1b45261-6ae2-4751-a44f-3e8141a315ae;2026-07-18T05:30:16;submitted_via_web;vcuMVyHEmtj3KUokEUBV7q;uuid:f1b45261-6ae2-4751-a44f-3e8141a315ae;424
Yes, I consent to participate;35-44;Male;Corporate/salaried professional;;Gwarimpa;;Yes, through my employer;;None of the above;0.0;0.0;0.0;0.0;0.0;0.0;0.0;0.0;0.0;0.0;0.0;0.0;1.0;0.0;0.0;;;;I have never used any medical laboratory;0.0;0.0;0.0;0.0;0.0;0.0;0.0;0.0;0.0;0.0;0.0;0.0;0.0;1.0;;Doctor's referral for a specific test;;I go to whichever laboratory my HMO covers;0.0;1.0;0.0;0.0;0.0;0.0;0.0;0.0;0.0;;;;;;;;;;;;;;About the same;About the same;I cannot compare;About the same;About the same;I cannot compare;About the same;My doctor or HMO recommended a different laboratory I moved to a new area;0.0;0.0;0.0;0.0;1.0;1.0;0.0;;Price is important but not the most important factor;Below ₦20,000;Receive via WhatsApp;Book through a mobile app;;No;;796422918;d2b3e23e-4926-4557-abcb-857c93f9e8ce;2026-07-20T19:33:28;submitted_via_web;vcuMVyHEmtj3KUokEUBV7q;uuid:d2b3e23e-4926-4557-abcb-857c93f9e8ce;425
Yes, I consent to participate;35-44;Male;Civil servant;;Asokoro;;Yes, through my employer;Healthwise;Clinix;0.0;0.0;0.0;0.0;1.0;0.0;0.0;0.0;0.0;0.0;0.0;0.0;0.0;0.0;0.0;;;;Lifebridge Medical Diagnostics;0.0;0.0;0.0;0.0;0.0;0.0;0.0;0.0;1.0;0.0;0.0;0.0;0.0;0.0;;Routine health check;;I choose based on the laboratory's reputation;0.0;0.0;0.0;0.0;0.0;0.0;0.0;1.0;0.0;;;;;;;;;;;;;;Better;Much better;About the same;Better;Better;Much better;Much better;I was dissatisfied with the customer service;0.0;0.0;0.0;1.0;0.0;0.0;0.0;;Price matters but quality comes first;₦100,000-200,000;Access through an online patient portal or app;Book through a mobile app;;No;;796142024;eee23e46-b446-40ff-aaec-4f26482fa48f;2026-07-15T18:50:21;submitted_via_web;vcuMVyHEmtj3KUokEUBV7q;uuid:eee23e46-b446-40ff-aaec-4f26482fa48f;426
Yes, I consent to participate;35-44;Male;Student;;Asokoro;;I am not sure;Nha;None of the above;0.0;0.0;0.0;0.0;0.0;0.0;0.0;0.0;0.0;0.0;0.0;0.0;1.0;0.0;0.0;;;;I have never used any medical laboratory;0.0;0.0;0.0;0.0;0.0;0.0;0.0;0.0;0.0;0.0;0.0;0.0;0.0;1.0;;Routine health check;;I go to whichever laboratory my doctor recommends;1.0;0.0;0.0;0.0;0.0;0.0;0.0;0.0;0.0;;;;;;;;;;;;;They care;Better;Better;Much better;Much better;Better;Much better;About the same;I moved to a new area;0.0;0.0;0.0;0.0;0.0;1.0;0.0;;Price is important but not the most important factor;Below ₦20,000;Receive via email;Walk in without an appointment;Nice;No;;799437920;525761db-8eda-4daf-884e-d89a4d780f22;2026-07-22T17:06:17;submitted_via_web;vcuMVyHEmtj3KUokEUBV7q;uuid:525761db-8eda-4daf-884e-d89a4d780f22;427
Yes, I consent to participate;35-44;Female;Self-employed/business owner;;Gwagwalada;;No, I pay out of pocket;NONE;AMCE (African Medical Centre of Excellence);0.0;0.0;0.0;0.0;0.0;1.0;0.0;0.0;0.0;0.0;0.0;0.0;0.0;0.0;0.0;;;;I have never used any medical laboratory;0.0;0.0;0.0;0.0;0.0;0.0;0.0;0.0;0.0;0.0;0.0;0.0;0.0;1.0;;Doctor's referral for a specific test;;I go to whichever laboratory my doctor recommends;1.0;0.0;0.0;0.0;0.0;0.0;0.0;0.0;0.0;;;;;;;;;;;;;NONE;I cannot compare;I cannot compare;I cannot compare;I cannot compare;I cannot compare;I cannot compare;I cannot compare;Other (please specify);0.0;0.0;0.0;0.0;0.0;0.0;1.0;NONE;Price matters but quality comes first;₦100,000-200,000;Receive via email;I have no preference;NO;No;;796223618;e87c14f1-eb0c-4cb2-aefa-a85416e16636;2026-07-20T03:46:11;submitted_via_web;vcuMVyHEmtj3KUokEUBV7q;uuid:e87c14f1-eb0c-4cb2-aefa-a85416e16636;428
Yes, I consent to participate;35-44;Female;Corporate/salaried professional;;Asokoro;;No, I pay out of pocket;sure health laboratory and diagnostic limited;SYNLAB Nigeria Other (please specify);1.0;0.0;0.0;0.0;0.0;0.0;0.0;0.0;0.0;0.0;0.0;0.0;0.0;1.0;0.0;sure Health Laboratory and Diagnostic limited;Recommendation from a friend or family member;;Other (please specify);0.0;0.0;0.0;0.0;0.0;0.0;0.0;0.0;0.0;0.0;0.0;1.0;0.0;0.0;sure health laboratory;Doctor's referral for a specific test;;I go to whichever laboratory my doctor recommends;1.0;0.0;0.0;0.0;0.0;0.0;0.0;0.0;0.0;;4 - Good;5.0;I have not used it myself;;;;;;;;;Sure health lab. Reason is that it is closest to Asokoro District hospital;Better;Much better;Better;I cannot compare;Better;About the same;About the same;I moved to a new area;0.0;0.0;0.0;0.0;0.0;1.0;0.0;;Price is the most important factor;Below ₦20,000;Receive via WhatsApp;Book online through a website;Create more awareness for people around Asokoro axis till Mararabaa;Yes;olayemiakinpelu@gmail.com;797702575;b0b0cdfe-ae52-45fe-86e7-2a77fe1c5cb6;2026-07-22T14:39:57;submitted_via_web;vcuMVyHEmtj3KUokEUBV7q;uuid:b0b0cdfe-ae52-45fe-86e7-2a77fe1c5cb6;429
Yes, I consent to participate;35-44;Male;Corporate/salaried professional;;Gwarimpa;;Yes, through my employer;;None of the above;0.0;0.0;0.0;0.0;0.0;0.0;0.0;0.0;0.0;0.0;0.0;0.0;1.0;0.0;0.0;;;;I have never used any medical laboratory;0.0;0.0;0.0;0.0;0.0;0.0;0.0;0.0;0.0;0.0;0.0;0.0;0.0;1.0;;Doctor's referral for a specific test;;I go to whichever laboratory my HMO covers;0.0;1.0;0.0;0.0;0.0;0.0;0.0;0.0;0.0;;;;;;;;;;;;;;About the same;About the same;I cannot compare;About the same;About the same;I cannot compare;About the same;My doctor or HMO recommended a different laboratory I moved to a new area;0.0;0.0;0.0;0.0;1.0;1.0;0.0;;Price is important but not the most important factor;Below ₦20,000;Receive via WhatsApp;Book through a mobile app;;No;;797112634;c27e8413-78de-472c-8ef8-f612d0c2c4c8;2026-07-18T08:37:36;submitted_via_web;vcuMVyHEmtj3KUokEUBV7q;uuid:c27e8413-78de-472c-8ef8-f612d0c2c4c8;430
Yes, I consent to participate;45-54;Male;Self-employed/business owner;;Asokoro;;Yes, I pay for it personally;ZOOLANT;SYNLAB Nigeria Mecure Healthcare Clinix AMCE (African Medical Centre of Excellence) Firmcare Diagnostics APIN Medical Laboratory and Diagnostics Lifebridge Medical Diagnostics Pseven Medical Diagnostics e-Clinic & Diagnostics;1.0;0.0;1.0;0.0;1.0;1.0;1.0;0.0;1.0;1.0;1.0;1.0;0.0;0.0;0.0;;Recommendation from a friend or family member;;SYNLAB Nigeria Clina Lancet Afriglobal Medicare Firmcare Diagnostics;1.0;1.0;0.0;1.0;0.0;1.0;0.0;0.0;0.0;0.0;0.0;0.0;0.0;0.0;;Insurance or HMO requirement;;I go to whichever laboratory my HMO covers I choose based on previous experience;0.0;1.0;0.0;1.0;0.0;0.0;0.0;0.0;0.0;;4 - Good;7.0;;Satisfied;Satisfied;Neutral;Satisfied;Satisfied;Satisfied;Satisfied;Satisfied;;Much better;Better;;Much better;Much better;Much better;Better;My doctor or HMO recommended a different laboratory;0.0;0.0;0.0;0.0;1.0;0.0;0.0;;Price matters but quality comes first;Above ₦200,000;Access through an online patient portal or app;Book online through a website;;Yes;;799397291;ba4caece-a270-409e-8a27-edd4938640fc;2026-07-20T11:10:48;submitted_via_web;vcuMVyHEmtj3KUokEUBV7q;uuid:ba4caece-a270-409e-8a27-edd4938640fc;431
Yes, I consent to participate;35-44;Male;Civil servant;;Gwagwalada;;Yes, through my employer;Eldorado lab;SYNLAB Nigeria;1.0;0.0;0.0;0.0;0.0;0.0;0.0;0.0;0.0;0.0;0.0;0.0;0.0;0.0;0.0;;Recommendation from a doctor or healthcare professional;;Other (please specify);0.0;0.0;0.0;0.0;0.0;0.0;0.0;0.0;0.0;0.0;0.0;1.0;0.0;0.0;My hospital have a lab;Routine health check;;I go to whichever laboratory my doctor recommends;1.0;0.0;0.0;0.0;0.0;0.0;0.0;0.0;0.0;;4 - Good;4.0;My doctor just recommended it for that they are so good buti didn't later use it;;;;;;;;;My hospital lab is okay;Much better;Better;Much better;Better;Better;Much better;Much better;The previous laboratory was too expensive;1.0;0.0;0.0;0.0;0.0;0.0;0.0;;Price is important but not the most important factor;₦50,000-100,000;Access through an online patient portal or app;Call the laboratory directly;Is okay;Yes;;799958863;73387499-fb48-4ffa-8d62-5e37f3958a64;2026-07-20T15:52:26;submitted_via_web;vcuMVyHEmtj3KUokEUBV7q;uuid:73387499-fb48-4ffa-8d62-5e37f3958a64;432
Yes, I consent to participate;35-44;Female;Self-employed/business owner;;Gwagwalada;;No, I pay out of pocket;NONE;AMCE (African Medical Centre of Excellence);0.0;0.0;0.0;0.0;0.0;1.0;0.0;0.0;0.0;0.0;0.0;0.0;0.0;0.0;0.0;;;;I have never used any medical laboratory;0.0;0.0;0.0;0.0;0.0;0.0;0.0;0.0;0.0;0.0;0.0;0.0;0.0;1.0;;Doctor's referral for a specific test;;I go to whichever laboratory my doctor recommends;1.0;0.0;0.0;0.0;0.0;0.0;0.0;0.0;0.0;;;;;;;;;;;;;NONE;I cannot compare;I cannot compare;I cannot compare;I cannot compare;I cannot compare;I cannot compare;I cannot compare;Other (please specify);0.0;0.0;0.0;0.0;0.0;0.0;1.0;NONE;Price matters but quality comes first;₦100,000-200,000;Receive via email;I have no preference;NO;No;;796411590;3df09b04-9ce7-4782-8e07-b2981df00963;2026-07-16T14:51:22;submitted_via_web;vcuMVyHEmtj3KUokEUBV7q;uuid:3df09b04-9ce7-4782-8e07-b2981df00963;433
Yes, I consent to participate;35-44;Female;Student;;Gwarimpa;;I am not sure;Gwarimpa;None of the above;0.0;0.0;0.0;0.0;0.0;0.0;0.0;0.0;0.0;0.0;0.0;0.0;1.0;0.0;0.0;;;;I have never used any medical laboratory;0.0;0.0;0.0;0.0;0.0;0.0;0.0;0.0;0.0;0.0;0.0;0.0;0.0;1.0;;;;;;;;;;;;;;;;;;;;;;;;;;;;;;;;;;;;;;;;;;;;;;;;;;797291902;0bdcd572-2145-4ac0-9d88-4db1607ac175;2026-07-23T06:06:54;submitted_via_web;vcuMVyHEmtj3KUokEUBV7q;uuid:0bdcd572-2145-4ac0-9d88-4db1607ac175;434
Yes, I consent to participate;18-24;Male;Unemployed;;Gwagwalada;;Yes, I pay for it personally;;LAB360;0.0;0.0;0.0;0.0;0.0;0.0;0.0;1.0;0.0;0.0;0.0;0.0;0.0;0.0;0.0;;;;LAB360;0.0;0.0;0.0;0.0;0.0;0.0;1.0;0.0;0.0;0.0;0.0;0.0;0.0;0.0;;Insurance or HMO requirement;;I choose based on the laboratory's reputation;0.0;0.0;0.0;0.0;0.0;0.0;0.0;1.0;0.0;;;;;;;;;;;;;;Much better;Much better;Much better;Much better;Much better;Much better;Much better;My doctor or HMO recommended a different laboratory;0.0;0.0;0.0;0.0;1.0;0.0;0.0;;Price matters but quality comes first;₦20,000-50,000;Receive via WhatsApp;Book through a mobile app;;Yes;;799396050;01ad272b-8bf5-4aa9-b1be-b07e0905f0c9;2026-07-17T11:36:04;submitted_via_web;vcuMVyHEmtj3KUokEUBV7q;uuid:01ad272b-8bf5-4aa9-b1be-b07e0905f0c9;435
Yes, I consent to participate;45-54;Female;Self-employed/business owner;;Gwagwalada;;I am not sure;SYNLAB Nigeria;SYNLAB Nigeria;1.0;0.0;0.0;0.0;0.0;0.0;0.0;0.0;0.0;0.0;0.0;0.0;0.0;0.0;0.0;;Recommendation from a doctor or healthcare professional;;SYNLAB Nigeria;1.0;0.0;0.0;0.0;0.0;0.0;0.0;0.0;0.0;0.0;0.0;0.0;0.0;0.0;;Routine health check;;I go to whichever laboratory my doctor recommends;1.0;0.0;0.0;0.0;0.0;0.0;0.0;0.0;0.0;;5- Excellent;10.0;Because SYNLAB Nigeria is good;Very satisfied;Satisfied;Satisfied;Satisfied;Satisfied;Satisfied;Satisfied;Satisfied;SYNLAB Nigeria is good;Better;Better;Better;Better;Better;Better;Better;My doctor or HMO recommended a different laboratory;0.0;0.0;0.0;0.0;1.0;0.0;0.0;;Price matters but quality comes first;₦100,000-200,000;Collect physical copy from the laboratory;Book online through a website;;Yes;;799721509;98f34a75-1d47-4e0a-b732-0533576bf68b;2026-07-17T03:06:11;submitted_via_web;vcuMVyHEmtj3KUokEUBV7q;uuid:98f34a75-1d47-4e0a-b732-0533576bf68b;436
Yes, I consent to participate;25-34;Female;Self-employed/business owner;;Asokoro;;I am not sure;;SYNLAB Nigeria;1.0;0.0;0.0;0.0;0.0;0.0;0.0;0.0;0.0;0.0;0.0;0.0;0.0;0.0;0.0;;;;;;;;;;;;;;;;;0.0;;;;;;;;;;;;;;;;;;;;;;;;;;;;;;;;;;;;;;;;;;;;;;;;;Yes;;796127646;6f7bd514-a5c7-4d27-a926-6916b8047657;2026-07-15T17:38:34;submitted_via_web;vcuMVyHEmtj3KUokEUBV7q;uuid:6f7bd514-a5c7-4d27-a926-6916b8047657;437
Yes, I consent to participate;45-54;Male;Self-employed/business owner;;Gwarimpa;;Yes, I pay for it personally;SYNLAB Nigeria;SYNLAB Nigeria;1.0;0.0;0.0;0.0;0.0;0.0;0.0;0.0;0.0;0.0;0.0;0.0;0.0;0.0;0.0;;Recommendation from a friend or family member;;SYNLAB Nigeria;1.0;0.0;0.0;0.0;0.0;0.0;0.0;0.0;0.0;0.0;0.0;0.0;0.0;0.0;;Routine health check;;I go to whichever laboratory my doctor recommends;1.0;0.0;0.0;0.0;0.0;0.0;0.0;0.0;0.0;;4 - Good;6.0;They are still growing and getting recognized in Nigeria;Very satisfied;Very satisfied;Very satisfied;Very satisfied;Neutral;Satisfied;Neutral;Neutral;SYNLAB Nigeria they are affordable;Much better;Much better;Much better;Better;Better;Much better;Much better;The previous laboratory was inconvenient to access;0.0;1.0;0.0;0.0;0.0;0.0;0.0;;Price matters but quality comes first;₦50,000-100,000;Access through an online patient portal or app;Walk in without an appointment;We need more of your lab worldwide;Yes;;797424070;c2821f01-60bc-4046-96f3-297b9f8c2f3e;2026-07-20T15:36:55;submitted_via_web;vcuMVyHEmtj3KUokEUBV7q;uuid:c2821f01-60bc-4046-96f3-297b9f8c2f3e;438
Yes, I consent to participate;35-44;Male;Student;;Asokoro;;No, I pay out of pocket;Haske lab;Other (please specify);0.0;0.0;0.0;0.0;0.0;0.0;0.0;0.0;0.0;0.0;0.0;0.0;0.0;1.0;0.0;Haske clinic;;;I have never used any medical laboratory;0.0;0.0;0.0;0.0;0.0;0.0;0.0;0.0;0.0;0.0;0.0;0.0;0.0;1.0;;Routine health check;;I choose based on price I choose based on the laboratory's reputation;0.0;0.0;0.0;0.0;0.0;0.0;1.0;1.0;0.0;;;;;;;;;;;;;;I cannot compare;Better;Much better;I cannot compare;I cannot compare;I cannot compare;I cannot compare;I moved to a new area;0.0;0.0;0.0;0.0;0.0;1.0;0.0;;Price is the most important factor;I would not purchase this type of package;Receive via WhatsApp;I have no preference;Not really;Yes;;797107434;f6b0a1f6-a300-47ab-a433-7d54814edce9;2026-07-18T08:24:55;submitted_via_web;vcuMVyHEmtj3KUokEUBV7q;uuid:f6b0a1f6-a300-47ab-a433-7d54814edce9;439
Yes, I consent to participate;45-54;Female;Healthcare professional;;Kubwa;;Yes, through my employer;General Hospital kubwa;SYNLAB Nigeria;1.0;0.0;0.0;0.0;0.0;0.0;0.0;0.0;0.0;0.0;0.0;0.0;0.0;0.0;0.0;;Advertisement - television, radio or outdoor;;APIN Medical Laboratory and Diagnostics;0.0;0.0;0.0;0.0;0.0;0.0;0.0;1.0;0.0;0.0;0.0;0.0;0.0;0.0;;Routine health check;;I go to whichever laboratory my HMO covers;0.0;1.0;0.0;0.0;0.0;0.0;0.0;0.0;0.0;;5- Excellent;8.0;When lunching one of their branches the manner at which they welcome patients;;;;;;;;;Kubwa General hospital. It is cheaper for me the once my HMo will not cover;Much better;Much better;Much better;Worse;About the same;I cannot compare;Better;I was dissatisfied with the customer service;0.0;0.0;0.0;1.0;0.0;0.0;0.0;;Price is important but not the most important factor;₦50,000-100,000;Collect physical copy from the laboratory;Call the laboratory directly;They should keep up the good work;Yes;;798597105;b602f7f3-c640-4ebb-b3ed-dfba7d85af19;2026-07-20T01:57:00;submitted_via_web;vcuMVyHEmtj3KUokEUBV7q;uuid:b602f7f3-c640-4ebb-b3ed-dfba7d85af19;440
Yes, I consent to participate;35-44;Female;Civil servant;;Gwarimpa;;Yes, through my employer;;SYNLAB Nigeria;1.0;0.0;0.0;0.0;0.0;0.0;0.0;0.0;0.0;0.0;0.0;0.0;0.0;0.0;0.0;;Recommendation from a doctor or healthcare professional;;I have never used any medical laboratory;0.0;0.0;0.0;0.0;0.0;0.0;0.0;0.0;0.0;0.0;0.0;0.0;0.0;1.0;;Routine health check;;I go to whichever laboratory my HMO covers;0.0;1.0;0.0;0.0;0.0;0.0;0.0;0.0;0.0;;5- Excellent;10.0;;;;;;;;;;;Much better;Much better;Much better;About the same;Better;About the same;;My doctor or HMO recommended a different laboratory;0.0;0.0;0.0;0.0;1.0;0.0;0.0;;;;Collect physical copy from the laboratory;Walk in without an appointment;;Yes;;798977450;b91645ca-fc1d-4aac-9367-b0c27550d79e;2026-07-18T13:52:32;submitted_via_web;vcuMVyHEmtj3KUokEUBV7q;uuid:b91645ca-fc1d-4aac-9367-b0c27550d79e;441
Yes, I consent to participate;45-54;Male;Corporate/salaried professional;;Gwarimpa;;Yes, through my employer;SYNLAB;SYNLAB Nigeria Mecure Healthcare Clinix;1.0;0.0;1.0;0.0;1.0;0.0;0.0;0.0;0.0;0.0;0.0;0.0;0.0;0.0;0.0;;Recommendation from a friend or family member;;SYNLAB Nigeria Clinix;1.0;0.0;0.0;0.0;1.0;0.0;0.0;0.0;0.0;0.0;0.0;0.0;0.0;0.0;;Doctor's referral for a specific test;;I go to whichever laboratory my HMO covers I choose based on proximity to my home or workplace;0.0;1.0;1.0;0.0;0.0;0.0;0.0;0.0;0.0;;4 - Good;8.0;Services was good;Neutral;Satisfied;Satisfied;Satisfied;Satisfied;Very satisfied;Did not experience this;Did not experience this;;I cannot compare;I cannot compare;I cannot compare;I cannot compare;I cannot compare;I cannot compare;I cannot compare;The previous laboratory was inconvenient to access I was dissatisfied with the quality or accuracy of results I was dissatisfied with the customer service My doctor or HMO recommended a different laboratory I moved to a new area;0.0;1.0;1.0;1.0;1.0;1.0;0.0;;Price matters but quality comes first;Below ₦20,000;I have no preference;I have no preference;;No;;798824585;c115355f-ca3e-42e3-a6e7-96cb1fa467e9;2026-07-18T10:30:14;submitted_via_web;vcuMVyHEmtj3KUokEUBV7q;uuid:c115355f-ca3e-42e3-a6e7-96cb1fa467e9;442
Yes, I consent to participate;25-34;Male;Corporate/salaried professional;;Asokoro;;Yes, through my employer;;SYNLAB Nigeria APIN Medical Laboratory and Diagnostics;1.0;0.0;0.0;0.0;0.0;0.0;0.0;0.0;1.0;0.0;0.0;0.0;0.0;0.0;0.0;;Recommendation from a friend or family member;;;;;;;;;;;;;;;0.0;;;Routine health check;;I go to whichever laboratory my HMO covers I choose based on the laboratory's reputation;0.0;1.0;0.0;0.0;0.0;0.0;0.0;1.0;0.0;;;6.0;I've heard good talks about them.;;;;;;;;;;I cannot compare;Better;Better;Better;Better;Better;Better;The previous laboratory was too expensive I was dissatisfied with the quality or accuracy of results I was dissatisfied with the customer service;1.0;0.0;1.0;1.0;0.0;0.0;0.0;;Price matters but quality comes first;Below ₦20,000;Receive via WhatsApp;Book online through a website;;Yes;odunzechidubem73@gmail.com;796716036;ada04714-40d3-44ab-b968-b4d235389580;2026-07-21T10:25:48;submitted_via_web;vcuMVyHEmtj3KUokEUBV7q;uuid:ada04714-40d3-44ab-b968-b4d235389580;443
Yes, I consent to participate;25-34;Male;Student;;Gwagwalada;;No, I pay out of pocket;Apin medical laboratory;SYNLAB Nigeria Clinix Firmcare Diagnostics APIN Medical Laboratory and Diagnostics;1.0;0.0;0.0;0.0;1.0;0.0;1.0;0.0;1.0;0.0;0.0;0.0;0.0;0.0;0.0;;Social media;;I have never used any medical laboratory;0.0;0.0;0.0;0.0;0.0;0.0;0.0;0.0;0.0;0.0;0.0;0.0;0.0;1.0;;Monitoring an existing health condition;;I go to whichever laboratory my doctor recommends;1.0;0.0;0.0;0.0;0.0;0.0;0.0;0.0;0.0;;4 - Good;10.0;They are well recommended;;;;;;;;;Apin medical laboratory… cause a friend went there for a treatment and was successful;Better;Better;Better;Better;Better;Better;Better;I moved to a new area;0.0;0.0;0.0;0.0;0.0;1.0;0.0;;Price matters but quality comes first;₦20,000-50,000;Collect physical copy from the laboratory;Walk in without an appointment;No;Yes;;799901894;2ef938a0-fadf-4fdd-b3e6-a9306f0d9031;2026-07-22T11:40:17;submitted_via_web;vcuMVyHEmtj3KUokEUBV7q;uuid:2ef938a0-fadf-4fdd-b3e6-a9306f0d9031;444
Yes, I consent to participate;25-34;Male;Healthcare professional;;Gwarimpa;;Yes, through my employer;Synlab;SYNLAB Nigeria;1.0;0.0;0.0;0.0;0.0;0.0;0.0;0.0;0.0;0.0;0.0;0.0;0.0;0.0;0.0;;Other (please specify);I was directed to take a patient there;SYNLAB Nigeria;1.0;0.0;0.0;0.0;0.0;0.0;0.0;0.0;0.0;0.0;0.0;0.0;0.0;0.0;;Routine health check;;I go to whichever laboratory my HMO covers;0.0;1.0;0.0;0.0;0.0;0.0;0.0;0.0;0.0;;3- Neutral;6.0;I only took a patient there once;Neutral;Neutral;Satisfied;Satisfied;Satisfied;Did not experience this;Neutral;Did not experience this;;About the same;About the same;About the same;About the same;About the same;About the same;About the same;The previous laboratory was too expensive Other (please specify);1.0;0.0;0.0;0.0;0.0;0.0;1.0;I have a lab were i work;Price matters but quality comes first;₦20,000-50,000;Receive via email;Book through my HMO or employer's portal;;Yes;;799412529;9064b0a4-552f-4e06-9b4c-7dc808e6ec4d;2026-07-22T04:55:55;submitted_via_web;vcuMVyHEmtj3KUokEUBV7q;uuid:9064b0a4-552f-4e06-9b4c-7dc808e6ec4d;445
Yes, I consent to participate;35-44;Male;Other (please specify);Fashion designer;Gwagwalada;;No, I pay out of pocket;Gwagwalada;None of the above;0.0;0.0;0.0;0.0;0.0;0.0;0.0;0.0;0.0;0.0;0.0;0.0;1.0;0.0;0.0;;;;I have never used any medical laboratory;0.0;0.0;0.0;0.0;0.0;0.0;0.0;0.0;0.0;0.0;0.0;0.0;0.0;1.0;;Routine health check;;I choose based on the laboratory's reputation;0.0;0.0;0.0;0.0;0.0;0.0;0.0;1.0;0.0;;;;;;;;;;;;;;Better;Better;Better;Better;Better;Better;Better;I moved to a new area;0.0;0.0;0.0;0.0;0.0;1.0;0.0;;Price matters but quality comes first;Below ₦20,000;Collect physical copy from the laboratory;Book through a mobile app;;No;;798821864;710c16bc-2140-4b5b-8c7c-b735f8857bbe;2026-07-23T10:00:17;submitted_via_web;vcuMVyHEmtj3KUokEUBV7q;uuid:710c16bc-2140-4b5b-8c7c-b735f8857bbe;446
Yes, I consent to participate;35-44;Male;Corporate/salaried professional;;Jabi;;No, I pay out of pocket;Synlab;SYNLAB Nigeria Mecure Healthcare AMCE (African Medical Centre of Excellence);1.0;0.0;1.0;0.0;0.0;1.0;0.0;0.0;0.0;0.0;0.0;0.0;0.0;0.0;0.0;;I passed by a SYNLAB location;;SYNLAB Nigeria Mecure Healthcare;1.0;0.0;1.0;0.0;0.0;0.0;0.0;0.0;0.0;0.0;0.0;0.0;0.0;0.0;;Routine health check;;I choose based on previous experience;0.0;0.0;0.0;1.0;0.0;0.0;0.0;0.0;0.0;;4 - Good;10.0;Because I've done my background check and as well tested it.;Very satisfied;Very satisfied;Very satisfied;Very satisfied;Very satisfied;Very satisfied;Very satisfied;Very satisfied;Synlab because their services are topnotch.;Much better;Much better;Much better;Much better;Much better;Much better;Much better;The previous laboratory was inconvenient to access;0.0;1.0;0.0;0.0;0.0;0.0;0.0;;Price matters but quality comes first;₦20,000-50,000;Receive via email;I have no preference;;Yes;Uchennanjoku445@gmail.com;798408912;f2eae53c-e862-49a9-9f79-eaec3a18e76a;2026-07-21T11:08:12;submitted_via_web;vcuMVyHEmtj3KUokEUBV7q;uuid:f2eae53c-e862-49a9-9f79-eaec3a18e76a;447
Yes, I consent to participate;45-54;Female;Healthcare professional;;Kubwa;;Yes, through my employer;General Hospital kubwa;SYNLAB Nigeria;1.0;0.0;0.0;0.0;0.0;0.0;0.0;0.0;0.0;0.0;0.0;0.0;0.0;0.0;0.0;;Advertisement - television, radio or outdoor;;APIN Medical Laboratory and Diagnostics;0.0;0.0;0.0;0.0;0.0;0.0;0.0;1.0;0.0;0.0;0.0;0.0;0.0;0.0;;Routine health check;;I go to whichever laboratory my HMO covers;0.0;1.0;0.0;0.0;0.0;0.0;0.0;0.0;0.0;;5- Excellent;8.0;When lunching one of their branches the manner at which they welcome patients;;;;;;;;;Kubwa General hospital. It is cheaper for me the once my HMo will not cover;Much better;Much better;Much better;Worse;About the same;I cannot compare;Better;I was dissatisfied with the customer service;0.0;0.0;0.0;1.0;0.0;0.0;0.0;;Price is important but not the most important factor;₦50,000-100,000;Collect physical copy from the laboratory;Call the laboratory directly;They should keep up the good work;Yes;;798624388;3da86bcc-7a5e-47b4-92e5-7ceb25315d83;2026-07-23T08:01:18;submitted_via_web;vcuMVyHEmtj3KUokEUBV7q;uuid:3da86bcc-7a5e-47b4-92e5-7ceb25315d83;448
Yes, I consent to participate;45-54;Male;Self-employed/business owner;;Asokoro;;Yes, I pay for it personally;Echo lab;SYNLAB Nigeria Clinix e-Clinic & Diagnostics;1.0;0.0;0.0;0.0;1.0;0.0;0.0;0.0;0.0;0.0;0.0;1.0;0.0;0.0;1.0;;Recommendation from a friend or family member;;Other (please specify);0.0;0.0;0.0;0.0;0.0;0.0;0.0;0.0;0.0;0.0;0.0;1.0;0.0;0.0;Darlez and Everight;Routine health check;;I go to whichever laboratory my doctor recommends;1.0;0.0;0.0;0.0;0.0;0.0;0.0;0.0;0.0;;;;I’ve not used them before;;;;;;;;;;;;;;;;;;;;;;;;;;;;;;;;;799249991;6cde41c8-d59d-4ae1-bc1d-ffd2c459d679;2026-07-23T10:18:44;submitted_via_web;vcuMVyHEmtj3KUokEUBV7q;uuid:6cde41c8-d59d-4ae1-bc1d-ffd2c459d679;449
Yes, I consent to participate;35-44;Male;Corporate/salaried professional;;Asokoro;;Yes, through my employer;E-clinic;e-Clinic & Diagnostics;0.0;0.0;0.0;0.0;0.0;0.0;0.0;0.0;0.0;0.0;0.0;1.0;0.0;0.0;0.0;;;;e-Clinic & Diagnostics;0.0;0.0;0.0;0.0;0.0;0.0;0.0;0.0;0.0;0.0;1.0;0.0;0.0;0.0;;Doctor's referral for a specific test;;I go to whichever laboratory my HMO covers;0.0;1.0;0.0;0.0;0.0;0.0;0.0;0.0;0.0;;;;;;;;;;;;;;Better;Better;I cannot compare;Better;About the same;Better;Better;The previous laboratory was inconvenient to access;0.0;1.0;0.0;0.0;0.0;0.0;0.0;;Price matters but quality comes first;₦50,000-100,000;Receive via WhatsApp;Book through a mobile app;;Yes;abdulrahmannuhu4@gmail.com;796467768;0169b11f-c06d-4c81-96fa-5abedaf14a35;2026-07-16T19:33:54;submitted_via_web;vcuMVyHEmtj3KUokEUBV7q;uuid:0169b11f-c06d-4c81-96fa-5abedaf14a35;450
Yes, I consent to participate;35-44;Female;Corporate/salaried professional;;Asokoro;;No, I pay out of pocket;sure health laboratory and diagnostic limited;SYNLAB Nigeria Other (please specify);1.0;0.0;0.0;0.0;0.0;0.0;0.0;0.0;0.0;0.0;0.0;0.0;0.0;1.0;0.0;sure Health Laboratory and Diagnostic limited;Recommendation from a friend or family member;;Other (please specify);0.0;0.0;0.0;0.0;0.0;0.0;0.0;0.0;0.0;0.0;0.0;1.0;0.0;0.0;sure health laboratory;Doctor's referral for a specific test;;I go to whichever laboratory my doctor recommends;1.0;0.0;0.0;0.0;0.0;0.0;0.0;0.0;0.0;;4 - Good;5.0;I have not used it myself;;;;;;;;;Sure health lab. Reason is that it is closest to Asokoro District hospital;Better;Much better;Better;I cannot compare;Better;About the same;About the same;I moved to a new area;0.0;0.0;0.0;0.0;0.0;1.0;0.0;;Price is the most important factor;Below ₦20,000;Receive via WhatsApp;Book online through a website;Create more awareness for people around Asokoro axis till Mararabaa;Yes;olayemiakinpelu@gmail.com;797664718;de2262f9-9ae7-4f0f-b89b-8528fbc7bcd3;2026-07-19T14:35:27;submitted_via_web;vcuMVyHEmtj3KUokEUBV7q;uuid:de2262f9-9ae7-4f0f-b89b-8528fbc7bcd3;451
Yes, I consent to participate;35-44;Male;Civil servant;;Kubwa;;Yes, through my employer;Medi care;SYNLAB Nigeria;1.0;0.0;0.0;0.0;0.0;0.0;0.0;0.0;0.0;0.0;0.0;0.0;0.0;0.0;0.0;;Referred by my HMO or employer;;SYNLAB Nigeria;1.0;0.0;0.0;0.0;0.0;0.0;0.0;0.0;0.0;0.0;0.0;0.0;0.0;0.0;;Routine health check;;I go to whichever laboratory my HMO covers;0.0;1.0;0.0;0.0;0.0;0.0;0.0;0.0;0.0;;4 - Good;5.0;;Satisfied;Satisfied;Satisfied;Satisfied;Satisfied;Satisfied;Neutral;Satisfied;Medi care, because they very good;Better;Better;Better;Better;Much better;Much better;Better;My doctor or HMO recommended a different laboratory;0.0;0.0;0.0;0.0;1.0;0.0;0.0;;Price matters but quality comes first;₦50,000-100,000;Receive via email;Book through my HMO or employer's portal;No;Yes;a.salisu01@gmail.com;796316825;de0fdaa5-47db-4aeb-8c81-6b2065892e9a;2026-07-16T10:24:14;submitted_via_web;vcuMVyHEmtj3KUokEUBV7q;uuid:de0fdaa5-47db-4aeb-8c81-6b2065892e9a;452
Yes, I consent to participate;35-44;Male;Self-employed/business owner;;Gwarimpa;;Yes, through my employer;Life plan modern laboratory;SYNLAB Nigeria;1.0;0.0;0.0;0.0;0.0;0.0;0.0;0.0;0.0;0.0;0.0;0.0;0.0;0.0;0.0;;I passed by a SYNLAB location;;SYNLAB Nigeria;1.0;0.0;0.0;0.0;0.0;0.0;0.0;0.0;0.0;0.0;0.0;0.0;0.0;0.0;;Doctor's referral for a specific test;;I go to whichever laboratory my doctor recommends;1.0;0.0;0.0;0.0;0.0;0.0;0.0;0.0;0.0;;4 - Good;6.0;My reason is based on structure and recommendation;Satisfied;Satisfied;Neutral;Satisfied;;Satisfied;Satisfied;Neutral;Synlab, reason is that I am more aware of services they render;Better;Better;Better;About the same;Much better;I cannot compare;Better;The previous laboratory was inconvenient to access;0.0;1.0;0.0;0.0;0.0;0.0;0.0;;Price is the most important factor;₦100,000-200,000;Receive via email;Book through my HMO or employer's portal;Create more awareness to people here;Yes;;798069510;46f2f26c-698d-4b9f-be56-edb386bfd363;2026-07-21T14:11:22;submitted_via_web;vcuMVyHEmtj3KUokEUBV7q;uuid:46f2f26c-698d-4b9f-be56-edb386bfd363;453
Yes, I consent to participate;45-54;Male;Healthcare professional;;Gwarimpa;;No, I pay out of pocket;Qualihealth Diagnostics;SYNLAB Nigeria Clina Lancet Mecure Healthcare Clinix LAB360 APIN Medical Laboratory and Diagnostics;1.0;1.0;1.0;0.0;1.0;0.0;0.0;1.0;1.0;0.0;0.0;0.0;0.0;0.0;0.0;;Social media;;Other (please specify);0.0;0.0;0.0;0.0;0.0;0.0;0.0;0.0;0.0;0.0;0.0;1.0;0.0;0.0;Qualihealth;Routine health check;;I choose based on the laboratory's reputation;0.0;0.0;0.0;0.0;0.0;0.0;0.0;1.0;0.0;;4 - Good;5.0;No reason;;;;;;;;;;I cannot compare;I cannot compare;I cannot compare;Much worse;Better;Much better;I cannot compare;Other (please specify);0.0;0.0;0.0;0.0;0.0;0.0;1.0;No;Price is important but not the most important factor;₦20,000-50,000;Receive via email;Book online through a website;No;No;;796638884;82822a8c-d1c4-4749-b02c-eb87666b517f;2026-07-20T23:26:36;submitted_via_web;vcuMVyHEmtj3KUokEUBV7q;uuid:82822a8c-d1c4-4749-b02c-eb87666b517f;454
Yes, I consent to participate;35-44;Female;Self-employed/business owner;;Gwarimpa;;Yes, through my employer;SYNLAB Nigeria;SYNLAB Nigeria;1.0;0.0;0.0;0.0;0.0;0.0;0.0;0.0;0.0;0.0;0.0;0.0;0.0;0.0;0.0;;Recommendation from a friend or family member;;;;;;;;;;;;;;;0.0;;;Routine health check;;I go to whichever laboratory my HMO covers;0.0;1.0;0.0;0.0;0.0;0.0;0.0;0.0;0.0;;5- Excellent;10.0;;;;;;;;;;;Better;Much better;Better;Better;Much better;Much better;Much better;;;;;;;;;;;;;;;;;797341835;8b98a2d2-9732-453f-8185-ad28bf062393;2026-07-23T11:49:11;submitted_via_web;vcuMVyHEmtj3KUokEUBV7q;uuid:8b98a2d2-9732-453f-8185-ad28bf062393;455
Yes, I consent to participate;18-24;Female;Student;;Asokoro;;Yes, I pay for it personally;;Mecure Healthcare;0.0;0.0;1.0;0.0;0.0;0.0;0.0;0.0;0.0;0.0;0.0;0.0;0.0;0.0;0.0;;;;I have never used any medical laboratory;0.0;0.0;0.0;0.0;0.0;0.0;0.0;0.0;0.0;0.0;0.0;0.0;0.0;1.0;;Monitoring an existing health condition;;I choose based on proximity to my home or workplace;0.0;0.0;1.0;0.0;0.0;0.0;0.0;0.0;0.0;;;;;;;;;;;;;;Better;Better;Better;;Better;Better;Better;The previous laboratory was too expensive;1.0;0.0;0.0;0.0;0.0;0.0;0.0;;Price is the most important factor;Below ₦20,000;Collect physical copy from the laboratory;Walk in without an appointment;;Yes;rihanatjimoh297@gmail.com;796643351;f05745ec-f0f3-4643-a50d-c29272ebfacf;2026-07-21T00:16:44;submitted_via_web;vcuMVyHEmtj3KUokEUBV7q;uuid:f05745ec-f0f3-4643-a50d-c29272ebfacf;456
Yes, I consent to participate;35-44;Female;Healthcare professional;;Wuse;;Yes, through my employer;;SYNLAB Nigeria;1.0;0.0;0.0;0.0;0.0;0.0;0.0;0.0;0.0;0.0;0.0;0.0;0.0;0.0;0.0;;Recommendation from a doctor or healthcare professional;;SYNLAB Nigeria Firmcare Diagnostics e-Clinic & Diagnostics Other (please specify);1.0;0.0;0.0;0.0;0.0;1.0;0.0;0.0;0.0;0.0;1.0;1.0;1.0;0.0;Echolab;Doctor's referral for a specific test;;I go to whichever laboratory my HMO covers;0.0;1.0;0.0;0.0;0.0;0.0;0.0;0.0;0.0;;5- Excellent;10.0;Reliable result;Very satisfied;Satisfied;Satisfied;Very satisfied;Satisfied;Very satisfied;Dissatisfied;Neutral;;Better;I cannot compare;Much better;Much worse;Better;Much better;I cannot compare;The previous laboratory was too expensive;1.0;0.0;0.0;0.0;0.0;0.0;0.0;;Price is important but not the most important factor;₦50,000-100,000;Receive via WhatsApp;Call the laboratory directly;The price is becoming unbearable;No;;797012727;34077244-f521-462f-a723-90358eb94269;2026-07-20T09:21:01;submitted_via_web;vcuMVyHEmtj3KUokEUBV7q;uuid:34077244-f521-462f-a723-90358eb94269;457
Yes, I consent to participate;25-34;Male;Student;;Gwagwalada;;No, I pay out of pocket;Apin medical laboratory;SYNLAB Nigeria Clinix Firmcare Diagnostics APIN Medical Laboratory and Diagnostics;1.0;0.0;0.0;0.0;1.0;0.0;1.0;0.0;1.0;0.0;0.0;0.0;0.0;0.0;0.0;;Social media;;I have never used any medical laboratory;0.0;0.0;0.0;0.0;0.0;0.0;0.0;0.0;0.0;0.0;0.0;0.0;0.0;1.0;;Monitoring an existing health condition;;I go to whichever laboratory my doctor recommends;1.0;0.0;0.0;0.0;0.0;0.0;0.0;0.0;0.0;;4 - Good;10.0;They are well recommended;;;;;;;;;Apin medical laboratory… cause a friend went there for a treatment and was successful;Better;Better;Better;Better;Better;Better;Better;I moved to a new area;0.0;0.0;0.0;0.0;0.0;1.0;0.0;;Price matters but quality comes first;₦20,000-50,000;Collect physical copy from the laboratory;Walk in without an appointment;No;Yes;;797405289;38095081-0172-477c-98cf-6bf6fedf57e6;2026-07-22T06:39:06;submitted_via_web;vcuMVyHEmtj3KUokEUBV7q;uuid:38095081-0172-477c-98cf-6bf6fedf57e6;458
Yes, I consent to participate;35-44;Male;Civil servant;;Gwarimpa;;Yes, through my employer;;None of the above;0.0;0.0;0.0;0.0;0.0;0.0;0.0;0.0;0.0;0.0;0.0;0.0;1.0;0.0;0.0;;;;e-Clinic & Diagnostics;0.0;0.0;0.0;0.0;0.0;0.0;0.0;0.0;0.0;0.0;1.0;0.0;0.0;0.0;;Monitoring an existing health condition;;I ask friends or family for a recommendation;0.0;0.0;0.0;0.0;0.0;1.0;0.0;0.0;0.0;;;;;;;;;;;;;;I cannot compare;Much better;Much better;Much better;Much better;Much better;Much better;The previous laboratory was inconvenient to access;0.0;1.0;0.0;0.0;0.0;0.0;0.0;;Price is important but not the most important factor;₦20,000-50,000;Receive via email;Call the laboratory directly;;Yes;;799340642;85a86cd4-9181-48e2-b27e-24113d14ddf4;2026-07-23T11:39:26;submitted_via_web;vcuMVyHEmtj3KUokEUBV7q;uuid:85a86cd4-9181-48e2-b27e-24113d14ddf4;459
Yes, I consent to participate;18-24;Female;Healthcare professional;;Lugbe;;Yes, through my employer;Zankli medical centre;Firmcare Diagnostics;0.0;0.0;0.0;0.0;0.0;0.0;1.0;0.0;0.0;0.0;0.0;0.0;0.0;0.0;0.0;;;;Other (please specify);0.0;0.0;0.0;0.0;0.0;0.0;0.0;0.0;0.0;0.0;0.0;1.0;0.0;0.0;Nigeria airforce hospital;Doctor's referral for a specific test;;I choose based on previous experience;0.0;0.0;0.0;1.0;0.0;0.0;0.0;0.0;0.0;;;;;;;;;;;;;Zankli medical centre;Better;Much better;Much better;Better;Much better;Much better;Better;I moved to a new area;0.0;0.0;0.0;0.0;0.0;1.0;0.0;;Price is not a significant factor in my decision;₦50,000-100,000;Receive via email;Walk in without an appointment;No;Yes;Salahublessing60@gmail.com;796523174;24f811d4-181e-4538-a9b3-80fdbc271eac;2026-07-17T05:50:41;submitted_via_web;vcuMVyHEmtj3KUokEUBV7q;uuid:24f811d4-181e-4538-a9b3-80fdbc271eac;460
Yes, I consent to participate;18-24;Female;Unemployed;;Asokoro;;No, I pay out of pocket;No idea;APIN Medical Laboratory and Diagnostics;0.0;0.0;0.0;0.0;0.0;0.0;0.0;0.0;1.0;0.0;0.0;0.0;0.0;0.0;0.0;;;;I have never used any medical laboratory;0.0;0.0;0.0;0.0;0.0;0.0;0.0;0.0;0.0;0.0;0.0;0.0;0.0;1.0;;Doctor's referral for a specific test;;I search online for options I ask friends or family for a recommendation;0.0;0.0;0.0;0.0;1.0;1.0;0.0;0.0;0.0;;;;;;;;;;;;;;I cannot compare;About the same;About the same;About the same;About the same;About the same;About the same;I was dissatisfied with the quality or accuracy of results;0.0;0.0;1.0;0.0;0.0;0.0;0.0;;Price is important but not the most important factor;Below ₦20,000;Access through an online patient portal or app;Book online through a website;No;No;;796293759;d0b7c721-c400-4f7f-a70c-763fe9c95745;2026-07-16T09:34:42;submitted_via_web;vcuMVyHEmtj3KUokEUBV7q;uuid:d0b7c721-c400-4f7f-a70c-763fe9c95745;461
Yes, I consent to participate;35-44;Male;Healthcare professional;;Gwarimpa;;Yes, through my employer;Synlab;SYNLAB Nigeria;1.0;0.0;0.0;0.0;0.0;0.0;0.0;0.0;0.0;0.0;0.0;0.0;0.0;0.0;0.0;;Other (please specify);I was directed to take a patient there;SYNLAB Nigeria;1.0;0.0;0.0;0.0;0.0;0.0;0.0;0.0;0.0;0.0;0.0;0.0;0.0;0.0;;Routine health check;;I go to whichever laboratory my HMO covers;0.0;1.0;0.0;0.0;0.0;0.0;0.0;0.0;0.0;;3- Neutral;6.0;I only took a patient there once;Neutral;Neutral;Satisfied;Satisfied;Satisfied;Did not experience this;Neutral;Did not experience this;;About the same;About the same;About the same;About the same;About the same;About the same;About the same;The previous laboratory was too expensive Other (please specify);1.0;0.0;0.0;0.0;0.0;0.0;1.0;I have a lab were i work;Price matters but quality comes first;₦20,000-50,000;Receive via email;Book through my HMO or employer's portal;;Yes;;799448231;46c8779b-2290-48b8-a53b-074cd5463f2b;2026-07-20T02:29:20;submitted_via_web;vcuMVyHEmtj3KUokEUBV7q;uuid:46c8779b-2290-48b8-a53b-074cd5463f2b;462
Yes, I consent to participate;45-54;Male;Civil servant;;Gwagwalada;;Yes, through my employer;;Other (please specify);0.0;0.0;0.0;0.0;0.0;0.0;0.0;0.0;0.0;0.0;0.0;0.0;0.0;1.0;0.0;;;;I have never used any medical laboratory;0.0;0.0;0.0;0.0;0.0;0.0;0.0;0.0;0.0;0.0;0.0;0.0;0.0;1.0;;Routine health check;;I go to whichever laboratory my doctor recommends;1.0;0.0;0.0;0.0;0.0;0.0;0.0;0.0;0.0;;;;;;;;;;;;;;Much better;Much better;Much better;Much better;Much better;Much better;I cannot compare;I moved to a new area;0.0;0.0;0.0;0.0;0.0;1.0;0.0;;Price is the most important factor;₦20,000-50,000;Collect physical copy from the laboratory;Walk in without an appointment;;No;;797189385;54a5ccd2-1825-47c9-91e4-48b8f56ee8d9;2026-07-21T02:27:50;submitted_via_web;vcuMVyHEmtj3KUokEUBV7q;uuid:54a5ccd2-1825-47c9-91e4-48b8f56ee8d9;463
Yes, I consent to participate;35-44;Male;Healthcare professional;;Kubwa;;Yes, through my employer;Eco scan;SYNLAB Nigeria Lifebridge Medical Diagnostics;1.0;0.0;0.0;0.0;0.0;0.0;0.0;0.0;0.0;1.0;0.0;0.0;0.0;0.0;1.0;;I passed by a SYNLAB location;;SYNLAB Nigeria Lifebridge Medical Diagnostics e-Clinic & Diagnostics;1.0;0.0;0.0;0.0;0.0;0.0;0.0;0.0;1.0;0.0;1.0;0.0;0.0;0.0;;Routine health check;;I go to whichever laboratory my HMO covers I choose based on proximity to my home or workplace;0.0;1.0;1.0;0.0;0.0;0.0;0.0;0.0;0.0;;3- Neutral;5.0;Indifferent;Neutral;Neutral;Neutral;Satisfied;Satisfied;Neutral;Neutral;Neutral;My Hospital;Better;About the same;About the same;About the same;Better;About the same;About the same;My doctor or HMO recommended a different laboratory I moved to a new area;0.0;0.0;0.0;0.0;1.0;1.0;0.0;;Price matters but quality comes first;₦20,000-50,000;I have no preference;I have no preference;Improvement;Yes;;799543609;a61989d8-f5cf-47ae-8879-7d2d2592d6b7;2026-07-23T10:24:40;submitted_via_web;vcuMVyHEmtj3KUokEUBV7q;uuid:a61989d8-f5cf-47ae-8879-7d2d2592d6b7;464
Yes, I consent to participate;18-24;Female;Student;;Asokoro;;I am not sure;;None of the above;0.0;0.0;0.0;0.0;0.0;0.0;0.0;0.0;0.0;0.0;0.0;0.0;1.0;0.0;0.0;;;;I have never used any medical laboratory;0.0;0.0;0.0;0.0;0.0;0.0;0.0;0.0;0.0;0.0;0.0;0.0;0.0;1.0;;Other (please specify);;;;;;;;;;;;;;;;;;;;;;;;;;;;;;;;;;;;;;;;;;;;;;;;796130013;0ced453b-f92a-49ca-834c-bc8d957bf711;2026-07-15T17:48:52;submitted_via_web;vcuMVyHEmtj3KUokEUBV7q;uuid:0ced453b-f92a-49ca-834c-bc8d957bf711;465
Yes, I consent to participate;35-44;Male;Corporate/salaried professional;;Kubwa;;Yes, through my employer;;None of the above;0.0;0.0;0.0;0.0;0.0;0.0;0.0;0.0;0.0;0.0;0.0;0.0;1.0;0.0;0.0;;;;I have never used any medical laboratory;0.0;0.0;0.0;0.0;0.0;0.0;0.0;0.0;0.0;0.0;0.0;0.0;0.0;1.0;;Doctor's referral for a specific test;;I go to whichever laboratory my doctor recommends;1.0;0.0;0.0;0.0;0.0;0.0;0.0;0.0;0.0;;;;;;;;;;;;;;I cannot compare;About the same;About the same;Worse;Better;About the same;About the same;I moved to a new area;0.0;0.0;0.0;0.0;0.0;1.0;0.0;;Price matters but quality comes first;I would not purchase this type of package;Receive via email;Walk in without an appointment;;Yes;;797203913;cd72cfb8-d262-4e1b-8a15-504ddcc80a69;2026-07-18T22:20:56;submitted_via_web;vcuMVyHEmtj3KUokEUBV7q;uuid:cd72cfb8-d262-4e1b-8a15-504ddcc80a69;466
Yes, I consent to participate;35-44;Female;Civil servant;;Asokoro;;Yes, through my employer;Echo scan and lab;None of the above;0.0;0.0;0.0;0.0;0.0;0.0;0.0;0.0;0.0;0.0;0.0;0.0;1.0;0.0;1.0;;;;I have never used any medical laboratory;0.0;0.0;0.0;0.0;0.0;0.0;0.0;0.0;0.0;0.0;0.0;0.0;0.0;1.0;;Doctor's referral for a specific test;;I go to whichever laboratory my doctor recommends I choose based on proximity to my home or workplace;1.0;0.0;1.0;0.0;0.0;0.0;0.0;0.0;0.0;;;;;;;;;;;;;;;;;;;;;;;;;;;;;;;;;;;;;799649760;9c4d83b4-8adc-4b65-bd2c-2129505a0bdb;2026-07-23T12:54:40;submitted_via_web;vcuMVyHEmtj3KUokEUBV7q;uuid:9c4d83b4-8adc-4b65-bd2c-2129505a0bdb;467
Yes, I consent to participate;35-44;;;;;;;;;;;;;;;;;;;;;;;0.0;;;;;;;;;;;;;;;;;0.0;;;;;;;;;;;;;;;;;;;;;;;;;;;;;;;;;;;;;;;;;;;;;;;;Nil;No;;796501921;a4d4b1aa-5478-41d2-b5a8-e5119b966e16;2026-07-20T19:03:45;submitted_via_web;vcuMVyHEmtj3KUokEUBV7q;uuid:a4d4b1aa-5478-41d2-b5a8-e5119b966e16;468
Yes, I consent to participate;35-44;Female;Self-employed/business owner;;Wuse;;Yes, I pay for it personally;;SYNLAB Nigeria;1.0;0.0;0.0;0.0;0.0;0.0;0.0;0.0;0.0;0.0;0.0;0.0;0.0;0.0;0.0;;Recommendation from a friend or family member;;SYNLAB Nigeria Lifebridge Medical Diagnostics;1.0;0.0;0.0;0.0;0.0;0.0;0.0;0.0;1.0;0.0;0.0;0.0;0.0;0.0;;Routine health check;;I choose based on proximity to my home or workplace;0.0;0.0;1.0;0.0;0.0;0.0;0.0;0.0;0.0;;3- Neutral;5.0;;Satisfied;Satisfied;Neutral;Satisfied;Very satisfied;Satisfied;Satisfied;Satisfied;Synlab;Better;Better;About the same;About the same;Better;About the same;Better;The previous laboratory was inconvenient to access;0.0;1.0;0.0;0.0;0.0;0.0;0.0;;Price matters but quality comes first;₦50,000-100,000;Access through an online patient portal or app;Book through a mobile app;;Yes;;797370896;409890f0-7bd5-4134-8d17-d3aafa90bc6d;2026-07-22T12:49:20;submitted_via_web;vcuMVyHEmtj3KUokEUBV7q;uuid:409890f0-7bd5-4134-8d17-d3aafa90bc6d;469
Yes, I consent to participate;35-44;Female;Civil servant;;Gwagwalada;;No, I pay out of pocket;;None of the above;0.0;0.0;0.0;0.0;0.0;0.0;0.0;0.0;0.0;0.0;0.0;0.0;1.0;0.0;0.0;;;;I have never used any medical laboratory;0.0;0.0;0.0;0.0;0.0;0.0;0.0;0.0;0.0;0.0;0.0;0.0;0.0;1.0;;Doctor's referral for a specific test;;I go to whichever laboratory my doctor recommends;1.0;0.0;0.0;0.0;0.0;0.0;0.0;0.0;0.0;;;;;;;;;;;;;;I cannot compare;I cannot compare;I cannot compare;I cannot compare;I cannot compare;I cannot compare;I cannot compare;The previous laboratory was too expensive;1.0;0.0;0.0;0.0;0.0;0.0;0.0;;Price matters but quality comes first;Below ₦20,000;Collect physical copy from the laboratory;Walk in without an appointment;;Yes;;798193373;2353bcab-daa3-4fdc-ae18-d451151f93ac;2026-07-16T17:22:21;submitted_via_web;vcuMVyHEmtj3KUokEUBV7q;uuid:2353bcab-daa3-4fdc-ae18-d451151f93ac;470
Yes, I consent to participate;35-44;Female;Healthcare professional;;Wuse;;Yes, through my employer;SYNLAB Nigeria;SYNLAB Nigeria;1.0;0.0;0.0;0.0;0.0;0.0;0.0;0.0;0.0;0.0;0.0;0.0;0.0;0.0;0.0;;Referred by my HMO or employer;;SYNLAB Nigeria;1.0;0.0;0.0;0.0;0.0;0.0;0.0;0.0;0.0;0.0;0.0;0.0;0.0;0.0;;Insurance or HMO requirement;;I go to whichever laboratory my HMO covers;0.0;1.0;0.0;0.0;0.0;0.0;0.0;0.0;0.0;;3- Neutral;8.0;They are hardworking;Very satisfied;Very satisfied;Very satisfied;Satisfied;;Very satisfied;Satisfied;Very satisfied;SYNLAB Nigeria;Much better;Much better;Much better;Better;Much better;Better;Better;I was dissatisfied with the customer service;0.0;0.0;0.0;1.0;0.0;0.0;0.0;;Price matters but quality comes first;₦50,000-100,000;Access through an online patient portal or app;Book online through a website;Good customer service;Yes;;796190093;c801da49-9195-498c-87bd-8a3f4e5cdbc8;2026-07-15T23:38:51;submitted_via_web;vcuMVyHEmtj3KUokEUBV7q;uuid:c801da49-9195-498c-87bd-8a3f4e5cdbc8;471
Yes, I consent to participate;25-34;Male;Self-employed/business owner;;Lugbe;;No, I pay out of pocket;;None of the above;0.0;0.0;0.0;0.0;0.0;0.0;0.0;0.0;0.0;0.0;0.0;0.0;1.0;0.0;0.0;;;;Other (please specify) I have never used any medical laboratory;0.0;0.0;0.0;0.0;0.0;0.0;0.0;0.0;0.0;0.0;0.0;1.0;0.0;1.0;Primary health care lab;Doctor's referral for a specific test;;I choose based on previous experience I choose based on the laboratory's reputation;0.0;0.0;0.0;1.0;0.0;0.0;0.0;1.0;0.0;;;;;;;;;;;;;;About the same;About the same;About the same;Better;About the same;About the same;Worse;The previous laboratory was too expensive;1.0;0.0;0.0;0.0;0.0;0.0;0.0;;Price matters but quality comes first;₦20,000-50,000;I have no preference;I have no preference;;Yes;calebandrew472@gmail.com;799996022;45fdf252-fa43-4d38-87f5-8ef9acf83831;2026-07-23T12:23:25;submitted_via_web;vcuMVyHEmtj3KUokEUBV7q;uuid:45fdf252-fa43-4d38-87f5-8ef9acf83831;472
Yes, I consent to participate;45-54;Male;Self-employed/business owner;;Asokoro;;Yes, I pay for it personally;Echo lab;SYNLAB Nigeria Clinix e-Clinic & Diagnostics;1.0;0.0;0.0;0.0;1.0;0.0;0.0;0.0;0.0;0.0;0.0;1.0;0.0;0.0;1.0;;Recommendation from a friend or family member;;Other (please specify);0.0;0.0;0.0;0.0;0.0;0.0;0.0;0.0;0.0;0.0;0.0;1.0;0.0;0.0;Darlez and Everight;Routine health check;;I go to whichever laboratory my doctor recommends;1.0;0.0;0.0;0.0;0.0;0.0;0.0;0.0;0.0;;;;I’ve not used them before;;;;;;;;;;;;;;;;;;;;;;;;;;;;;;;;;797609090;0fce7983-aa3a-481a-81d0-b1af5d89d4fc;2026-07-19T08:34:22;submitted_via_web;vcuMVyHEmtj3KUokEUBV7q;uuid:0fce7983-aa3a-481a-81d0-b1af5d89d4fc;473
Yes, I consent to participate;25-34;Female;Healthcare professional;;Lugbe;;No, I pay out of pocket;;SYNLAB Nigeria APIN Medical Laboratory and Diagnostics e-Clinic & Diagnostics;1.0;0.0;0.0;0.0;0.0;0.0;0.0;0.0;1.0;0.0;0.0;1.0;0.0;0.0;0.0;;I passed by a SYNLAB location;;SYNLAB Nigeria;1.0;0.0;0.0;0.0;0.0;0.0;0.0;0.0;0.0;0.0;0.0;0.0;0.0;0.0;;Routine health check;;I choose based on proximity to my home or workplace;0.0;0.0;1.0;0.0;0.0;0.0;0.0;0.0;0.0;;4 - Good;8.0;Swift response;Satisfied;Satisfied;Satisfied;Very satisfied;Very satisfied;Very satisfied;Neutral;Satisfied;;I cannot compare;Much better;Better;About the same;Better;Better;Better;I moved to a new area;0.0;0.0;0.0;0.0;0.0;1.0;0.0;;Price matters but quality comes first;₦20,000-50,000;Receive via email;Walk in without an appointment;;No;;797941648;5c83b518-2b39-4e3e-b0b4-e45ae7d44a72;2026-07-18T16:35:42;submitted_via_web;vcuMVyHEmtj3KUokEUBV7q;uuid:5c83b518-2b39-4e3e-b0b4-e45ae7d44a72;474
Yes, I consent to participate;35-44;Male;Corporate/salaried professional;;Jabi;;No, I pay out of pocket;Synlab;SYNLAB Nigeria Mecure Healthcare AMCE (African Medical Centre of Excellence);1.0;0.0;1.0;0.0;0.0;1.0;0.0;0.0;0.0;0.0;0.0;0.0;0.0;0.0;0.0;;I passed by a SYNLAB location;;SYNLAB Nigeria Mecure Healthcare;1.0;0.0;1.0;0.0;0.0;0.0;0.0;0.0;0.0;0.0;0.0;0.0;0.0;0.0;;Routine health check;;I choose based on previous experience;0.0;0.0;0.0;1.0;0.0;0.0;0.0;0.0;0.0;;4 - Good;10.0;Because I've done my background check and as well tested it.;Very satisfied;Very satisfied;Very satisfied;Very satisfied;Very satisfied;Very satisfied;Very satisfied;Very satisfied;Synlab because their services are topnotch.;Much better;Much better;Much better;Much better;Much better;Much better;Much better;The previous laboratory was inconvenient to access;0.0;1.0;0.0;0.0;0.0;0.0;0.0;;Price matters but quality comes first;₦20,000-50,000;Receive via email;I have no preference;;Yes;Uchennanjoku445@gmail.com;798590706;1a6ffa6a-3d7b-4031-813c-e9567ed889cd;2026-07-23T12:59:46;submitted_via_web;vcuMVyHEmtj3KUokEUBV7q;uuid:1a6ffa6a-3d7b-4031-813c-e9567ed889cd;475
Yes, I consent to participate;18-24;Male;Student;;Asokoro;;No, I pay out of pocket;;Clinix;0.0;0.0;0.0;0.0;1.0;0.0;0.0;0.0;0.0;0.0;0.0;0.0;0.0;0.0;0.0;;;;I have never used any medical laboratory;0.0;0.0;0.0;0.0;0.0;0.0;0.0;0.0;0.0;0.0;0.0;0.0;0.0;1.0;;;;I go to whichever laboratory my doctor recommends;1.0;0.0;0.0;0.0;0.0;0.0;0.0;0.0;0.0;;;;;;;;;;;;;;Much better;Much better;Much better;Much better;Much better;Much better;Much better;The previous laboratory was too expensive;1.0;0.0;0.0;0.0;0.0;0.0;0.0;;Price matters but quality comes first;Below ₦20,000;Receive via email;Call the laboratory directly;;Yes;;796791757;04dda0e1-f782-452a-994b-02264b7f490c;2026-07-22T17:15:59;submitted_via_web;vcuMVyHEmtj3KUokEUBV7q;uuid:04dda0e1-f782-452a-994b-02264b7f490c;476
Yes, I consent to participate;45-54;Female;Healthcare professional;;Wuse;;Yes, through my employer;;SYNLAB Nigeria;1.0;0.0;0.0;0.0;0.0;0.0;0.0;0.0;0.0;0.0;0.0;0.0;0.0;0.0;0.0;;Referred by my HMO or employer;;SYNLAB Nigeria;1.0;0.0;0.0;0.0;0.0;0.0;0.0;0.0;0.0;0.0;0.0;0.0;1.0;0.0;;Pre-employment medical;;I choose based on previous experience;0.0;0.0;0.0;1.0;0.0;0.0;0.0;0.0;0.0;;3- Neutral;9.0;;Very satisfied;Very satisfied;Satisfied;Very satisfied;Very satisfied;Satisfied;Neutral;Satisfied;Eco scan;Better;Better;Better;Better;Much better;Better;About the same;My doctor or HMO recommended a different laboratory;0.0;0.0;0.0;0.0;1.0;0.0;0.0;;Price is important but not the most important factor;₦20,000-50,000;Collect physical copy from the laboratory;Walk in without an appointment;Their is room for improvement;Yes;;799038496;4eceffb2-7166-46ec-97f2-8c95cc3d93bc;2026-07-23T02:01:44;submitted_via_web;vcuMVyHEmtj3KUokEUBV7q;uuid:4eceffb2-7166-46ec-97f2-8c95cc3d93bc;477
Yes, I consent to participate;35-44;Male;Self-employed/business owner;;Wuse;;;SYNLAB Nigeria;SYNLAB Nigeria;1.0;0.0;0.0;0.0;0.0;0.0;0.0;0.0;0.0;0.0;0.0;0.0;0.0;0.0;0.0;;Advertisement - television, radio or outdoor;;SYNLAB Nigeria;1.0;0.0;0.0;0.0;0.0;0.0;0.0;0.0;0.0;0.0;0.0;0.0;0.0;0.0;;Monitoring an existing health condition;;I go to whichever laboratory my doctor recommends;1.0;0.0;0.0;0.0;0.0;0.0;0.0;0.0;0.0;;4 - Good;7.0;They are good;Satisfied;Neutral;;Very satisfied;;Neutral;;Satisfied;SYNLAB their work is nice;Better;Better;Better;Better;Much better;Much better;Much better;The previous laboratory was too expensive;1.0;0.0;0.0;0.0;0.0;0.0;0.0;;Price is important but not the most important factor;₦100,000-200,000;Collect physical copy from the laboratory;Walk in without an appointment;I like ur good work;Yes;;799748461;6a6ce398-090b-4bab-8078-b08d31b6afd2;2026-07-22T18:40:56;submitted_via_web;vcuMVyHEmtj3KUokEUBV7q;uuid:6a6ce398-090b-4bab-8078-b08d31b6afd2;478
Yes, I consent to participate;55 and above;Male;Civil servant;;Gwarimpa;;Yes, through my employer;;Mecure Healthcare;0.0;0.0;1.0;0.0;0.0;0.0;0.0;0.0;0.0;0.0;0.0;0.0;0.0;0.0;0.0;;;;Mecure Healthcare;0.0;0.0;1.0;0.0;0.0;0.0;0.0;0.0;0.0;0.0;0.0;0.0;0.0;0.0;;Doctor's referral for a specific test;;I go to whichever laboratory my doctor recommends;1.0;0.0;0.0;0.0;0.0;0.0;0.0;0.0;0.0;;;;;;;;;;;;;Fin diagnosis, very accessible and accurate;Much better;;Much better;Much better;Much better;Much better;Much better;The previous laboratory was inconvenient to access;0.0;1.0;0.0;0.0;0.0;0.0;0.0;;Price is important but not the most important factor;₦50,000-100,000;Receive via email;Book through my HMO or employer's portal;Have heard about it like twice;Yes;;799406672;d93bceb3-aafb-4c2c-9abc-fc992e629378;2026-07-22T04:21:47;submitted_via_web;vcuMVyHEmtj3KUokEUBV7q;uuid:d93bceb3-aafb-4c2c-9abc-fc992e629378;479
Yes, I consent to participate;45-54;Male;Civil servant;;Wuse;;No, I pay out of pocket;SYNLAB Nigeria;SYNLAB Nigeria;1.0;0.0;0.0;0.0;0.0;0.0;0.0;0.0;0.0;0.0;0.0;0.0;0.0;0.0;0.0;;Recommendation from a doctor or healthcare professional;;SYNLAB Nigeria;1.0;0.0;0.0;0.0;0.0;0.0;0.0;0.0;0.0;0.0;0.0;0.0;0.0;0.0;;Monitoring an existing health condition;;I choose based on proximity to my home or workplace;0.0;0.0;1.0;0.0;0.0;0.0;0.0;0.0;0.0;;3- Neutral;9.0;;Neutral;Very satisfied;Very satisfied;;Satisfied;Very satisfied;Neutral;Satisfied;SYNLAB Nigeria;Better;Better;Better;Much better;Better;Much better;Better;I was dissatisfied with the quality or accuracy of results;0.0;0.0;1.0;0.0;0.0;0.0;0.0;;Price matters but quality comes first;₦20,000-50,000;Receive via WhatsApp;Walk in without an appointment;I love ur codinition;Yes;;799750422;8a38bcb8-4771-418d-bc5d-f59bcebde68b;2026-07-22T18:49:04;submitted_via_web;vcuMVyHEmtj3KUokEUBV7q;uuid:8a38bcb8-4771-418d-bc5d-f59bcebde68b;480
Yes, I consent to participate;45-54;Male;Self-employed/business owner;;Gwagwalada;;Yes, I pay for it personally;Synlab;SYNLAB Nigeria;1.0;0.0;0.0;0.0;0.0;0.0;0.0;0.0;0.0;0.0;0.0;0.0;0.0;0.0;0.0;;Recommendation from a friend or family member;;SYNLAB Nigeria;1.0;0.0;0.0;0.0;0.0;0.0;0.0;0.0;0.0;0.0;0.0;0.0;0.0;0.0;;Monitoring an existing health condition;;I ask friends or family for a recommendation;0.0;0.0;0.0;0.0;0.0;1.0;0.0;0.0;0.0;;4 - Good;8.0;Human relationship not bad;Satisfied;Satisfied;Satisfied;Satisfied;Satisfied;Satisfied;Satisfied;Neutral;Synlab;Better;Much better;Better;Better;Much better;Much better;Better;I was dissatisfied with the customer service Other (please specify);0.0;0.0;0.0;1.0;0.0;0.0;1.0;;Price matters but quality comes first;₦50,000-100,000;I have no preference;Call the laboratory directly;;Yes;;799503322;dc3b0425-8cbc-413e-8fa3-b2a62101c682;2026-07-20T13:21:30;submitted_via_web;vcuMVyHEmtj3KUokEUBV7q;uuid:dc3b0425-8cbc-413e-8fa3-b2a62101c682;481
Yes, I consent to participate;45-54;Female;Civil servant;;Gwagwalada;;Yes, through my employer;Gwagwalada specialist;SYNLAB Nigeria;1.0;0.0;0.0;0.0;0.0;0.0;0.0;0.0;0.0;0.0;0.0;0.0;0.0;0.0;0.0;;Recommendation from a friend or family member;;SYNLAB Nigeria;1.0;0.0;0.0;0.0;0.0;0.0;0.0;0.0;0.0;0.0;0.0;0.0;0.0;0.0;;Doctor's referral for a specific test;;I go to whichever laboratory my doctor recommends;1.0;0.0;0.0;0.0;0.0;0.0;0.0;0.0;0.0;;1- Very poor;9.0;Aside their services they are also friendly.;Very satisfied;Satisfied;Satisfied;Satisfied;Satisfied;Neutral;Very satisfied;Neutral;Same hospital.;Much better;Much better;Much better;Much better;Much better;Much better;Much better;I moved to a new area;0.0;0.0;0.0;0.0;0.0;1.0;0.0;;Price matters but quality comes first;₦100,000-200,000;Receive via WhatsApp;Call the laboratory directly;;Yes;;797173656;d28fce03-faad-4d84-9290-a77a5c18b1d1;2026-07-18T10:48:23;submitted_via_web;vcuMVyHEmtj3KUokEUBV7q;uuid:d28fce03-faad-4d84-9290-a77a5c18b1d1;482
Yes, I consent to participate;35-44;Female;Healthcare professional;;Gwagwalada;;Yes, through my employer;My hospital have a lab;Lifebridge Medical Diagnostics;0.0;0.0;0.0;0.0;0.0;0.0;0.0;0.0;0.0;1.0;0.0;0.0;0.0;0.0;0.0;;;;Lifebridge Medical Diagnostics;0.0;0.0;0.0;0.0;0.0;0.0;0.0;0.0;1.0;0.0;0.0;0.0;0.0;0.0;;Routine health check;;I go to whichever laboratory my HMO covers;0.0;1.0;0.0;0.0;0.0;0.0;0.0;0.0;0.0;;;;;;;;;;;;;Lifebridge;Much better;Much better;Much better;Much better;Much better;Much better;Much better;Other (please specify);0.0;0.0;0.0;0.0;0.0;0.0;1.0;No;Price matters but quality comes first;₦20,000-50,000;Access through an online patient portal or app;Call the laboratory directly;;Yes;;798478837;dda78706-3359-4a62-83b7-1c03e9a94cf2;2026-07-21T13:59:39;submitted_via_web;vcuMVyHEmtj3KUokEUBV7q;uuid:dda78706-3359-4a62-83b7-1c03e9a94cf2;483
Yes, I consent to participate;25-34;Female;Unemployed;;Gwagwalada;;No, I pay out of pocket;;None of the above;0.0;0.0;0.0;0.0;0.0;0.0;0.0;0.0;0.0;0.0;0.0;0.0;1.0;0.0;0.0;;;;Pseven Medical Diagnostics I have never used any medical laboratory;0.0;0.0;0.0;0.0;0.0;0.0;0.0;0.0;0.0;1.0;0.0;0.0;0.0;1.0;;Other (please specify);No specific reason;Other (please specify);0.0;0.0;0.0;0.0;0.0;0.0;0.0;0.0;1.0;No specific reason;;;;;;;;;;;;;I cannot compare;I cannot compare;I cannot compare;I cannot compare;I cannot compare;I cannot compare;I cannot compare;I moved to a new area;0.0;0.0;0.0;0.0;0.0;1.0;0.0;;Price is the most important factor;Below ₦20,000;I have no preference;I have no preference;;No;;797106396;c98f8d9e-d167-4838-bd79-63aa6f03b15b;2026-07-18T08:22:46;submitted_via_web;vcuMVyHEmtj3KUokEUBV7q;uuid:c98f8d9e-d167-4838-bd79-63aa6f03b15b;484
Yes, I consent to participate;35-44;Male;Other (please specify);Fashion designer;Gwagwalada;;No, I pay out of pocket;Gwagwalada;None of the above;0.0;0.0;0.0;0.0;0.0;0.0;0.0;0.0;0.0;0.0;0.0;0.0;1.0;0.0;0.0;;;;I have never used any medical laboratory;0.0;0.0;0.0;0.0;0.0;0.0;0.0;0.0;0.0;0.0;0.0;0.0;0.0;1.0;;Routine health check;;I choose based on the laboratory's reputation;0.0;0.0;0.0;0.0;0.0;0.0;0.0;1.0;0.0;;;;;;;;;;;;;;Better;Better;Better;Better;Better;Better;Better;I moved to a new area;0.0;0.0;0.0;0.0;0.0;1.0;0.0;;Price matters but quality comes first;Below ₦20,000;Collect physical copy from the laboratory;Book through a mobile app;;No;;797292324;c82f6f89-3eff-4b8b-bc7e-7b65300da867;2026-07-16T13:06:56;submitted_via_web;vcuMVyHEmtj3KUokEUBV7q;uuid:c82f6f89-3eff-4b8b-bc7e-7b65300da867;485
Yes, I consent to participate;35-44;Female;Corporate/salaried professional;;Gwagwalada;;Yes, I pay for it personally;SYNLAB Nigeria;SYNLAB Nigeria e-Clinic & Diagnostics;1.0;0.0;0.0;0.0;0.0;0.0;0.0;0.0;0.0;0.0;0.0;1.0;0.0;0.0;0.0;;Recommendation from a doctor or healthcare professional;;SYNLAB Nigeria e-Clinic & Diagnostics;1.0;0.0;0.0;0.0;0.0;0.0;0.0;0.0;0.0;0.0;1.0;0.0;0.0;0.0;;Doctor's referral for a specific test;;I go to whichever laboratory my HMO covers;0.0;1.0;0.0;0.0;0.0;0.0;0.0;0.0;0.0;;5- Excellent;9.0;Best experience;Satisfied;Very satisfied;Very satisfied;Very satisfied;Very satisfied;Very satisfied;Did not experience this;Satisfied;SYNLAB Nigeria;Better;Much better;Much better;Better;Much better;Better;I cannot compare;My doctor or HMO recommended a different laboratory;0.0;0.0;0.0;0.0;1.0;0.0;0.0;;Price matters but quality comes first;₦20,000-50,000;Collect physical copy from the laboratory;Walk in without an appointment;Keep it up;Yes;semluv@gmail.com;799491418;65af17d8-c9c8-4540-ba35-610c283ed519;2026-07-19T05:21:21;submitted_via_web;vcuMVyHEmtj3KUokEUBV7q;uuid:65af17d8-c9c8-4540-ba35-610c283ed519;486
Yes, I consent to participate;45-54;Male;Self-employed/business owner;;Gwagwalada;;Yes, I pay for it personally;Synlab;SYNLAB Nigeria;1.0;0.0;0.0;0.0;0.0;0.0;0.0;0.0;0.0;0.0;0.0;0.0;0.0;0.0;0.0;;Recommendation from a friend or family member;;SYNLAB Nigeria;1.0;0.0;0.0;0.0;0.0;0.0;0.0;0.0;0.0;0.0;0.0;0.0;0.0;0.0;;Monitoring an existing health condition;;I ask friends or family for a recommendation;0.0;0.0;0.0;0.0;0.0;1.0;0.0;0.0;0.0;;4 - Good;8.0;Human relationship not bad;Satisfied;Satisfied;Satisfied;Satisfied;Satisfied;Satisfied;Satisfied;Neutral;Synlab;Better;Much better;Better;Better;Much better;Much better;Better;I was dissatisfied with the customer service Other (please specify);0.0;0.0;0.0;1.0;0.0;0.0;1.0;;Price matters but quality comes first;₦50,000-100,000;I have no preference;Call the laboratory directly;;Yes;;799453708;ea3ef2f9-1500-4865-a411-a54c35e5e542;2026-07-20T05:59:09;submitted_via_web;vcuMVyHEmtj3KUokEUBV7q;uuid:ea3ef2f9-1500-4865-a411-a54c35e5e542;487
Yes, I consent to participate;35-44;Male;Self-employed/business owner;;Gwarimpa;;Yes, I pay for it personally;;None of the above;0.0;0.0;0.0;0.0;0.0;0.0;0.0;0.0;0.0;0.0;0.0;0.0;1.0;0.0;0.0;;;;Lifebridge Medical Diagnostics;0.0;0.0;0.0;0.0;0.0;0.0;0.0;0.0;1.0;0.0;0.0;0.0;0.0;0.0;;Doctor's referral for a specific test;;I go to whichever laboratory my doctor recommends;1.0;0.0;0.0;0.0;0.0;0.0;0.0;0.0;0.0;;;;;;;;;;;;;Life bridge  lab ,quick to access for me and the resul was fast to be out;Much better;Much better;Much better;Better;Much better;Much better;Much better;I moved to a new area;0.0;0.0;0.0;0.0;0.0;1.0;0.0;;Price is not a significant factor in my decision;₦50,000-100,000;Receive via email;Call the laboratory directly;;Yes;;796656701;172b24bd-e552-4cc6-a013-9dceea06fc8d;2026-07-22T23:35:12;submitted_via_web;vcuMVyHEmtj3KUokEUBV7q;uuid:172b24bd-e552-4cc6-a013-9dceea06fc8d;488
Yes, I consent to participate;25-34;Female;Civil servant;;Others;Nyanya Area A last road;Yes, I pay for it personally;Gaskiya medical laboratory;Other (please specify);0.0;0.0;0.0;0.0;0.0;0.0;0.0;0.0;0.0;0.0;0.0;0.0;0.0;1.0;0.0;;;;SYNLAB Nigeria;1.0;0.0;0.0;0.0;0.0;0.0;0.0;0.0;0.0;0.0;0.0;0.0;0.0;0.0;;Insurance or HMO requirement;;Other (please specify);0.0;0.0;0.0;0.0;0.0;0.0;0.0;0.0;1.0;;;;;Neutral;Neutral;Neutral;Dissatisfied;Neutral;Very dissatisfied;Very dissatisfied;Very dissatisfied;;Better;Much better;Much better;Better;Worse;Much worse;Much worse;I moved to a new area;0.0;0.0;0.0;0.0;0.0;1.0;0.0;;Price matters but quality comes first;₦20,000-50,000;Collect physical copy from the laboratory;Book through my HMO or employer's portal;;Yes;;798949566;71831ac8-9bb8-4c22-8b8b-ad45a6c65a30;2026-07-21T07:19:02;submitted_via_web;vcuMVyHEmtj3KUokEUBV7q;uuid:71831ac8-9bb8-4c22-8b8b-ad45a6c65a30;489
Yes, I consent to participate;35-44;Female;Healthcare professional;;Wuse;;Yes, through my employer;;SYNLAB Nigeria;1.0;0.0;0.0;0.0;0.0;0.0;0.0;0.0;0.0;0.0;0.0;0.0;0.0;0.0;0.0;;Recommendation from a doctor or healthcare professional;;SYNLAB Nigeria Firmcare Diagnostics e-Clinic & Diagnostics Other (please specify);1.0;0.0;0.0;0.0;0.0;1.0;0.0;0.0;0.0;0.0;1.0;1.0;1.0;0.0;Echolab;Doctor's referral for a specific test;;I go to whichever laboratory my HMO covers;0.0;1.0;0.0;0.0;0.0;0.0;0.0;0.0;0.0;;5- Excellent;10.0;Reliable result;Very satisfied;Satisfied;Satisfied;Very satisfied;Satisfied;Very satisfied;Dissatisfied;Neutral;;Better;I cannot compare;Much better;Much worse;Better;Much better;I cannot compare;The previous laboratory was too expensive;1.0;0.0;0.0;0.0;0.0;0.0;0.0;;Price is important but not the most important factor;₦50,000-100,000;Receive via WhatsApp;Call the laboratory directly;The price is becoming unbearable;No;;796658924;4b18a979-36bd-441a-a74f-74697d62809b;2026-07-18T22:03:11;submitted_via_web;vcuMVyHEmtj3KUokEUBV7q;uuid:4b18a979-36bd-441a-a74f-74697d62809b;490
Yes, I consent to participate;25-34;Male;Self-employed/business owner;;Asokoro;;No, I pay out of pocket;;SYNLAB Nigeria;1.0;0.0;0.0;0.0;0.0;0.0;0.0;0.0;0.0;0.0;0.0;0.0;0.0;0.0;0.0;;Recommendation from a friend or family member;;SYNLAB Nigeria;1.0;0.0;0.0;0.0;0.0;0.0;0.0;0.0;0.0;0.0;0.0;0.0;0.0;0.0;;;;;;;;;;;;;;;;;;;;;;;;;;;;;;;;;;;;;;;;;;;;;;;;;;796129580;aeb983fa-3f77-46c2-aac2-b766daecca9a;2026-07-15T17:46:46;submitted_via_web;vcuMVyHEmtj3KUokEUBV7q;uuid:aeb983fa-3f77-46c2-aac2-b766daecca9a;491
Yes, I consent to participate;35-44;Female;Self-employed/business owner;;Lugbe;;Yes, I pay for it personally;Synlab;SYNLAB Nigeria;1.0;0.0;0.0;0.0;0.0;0.0;0.0;0.0;0.0;0.0;0.0;0.0;0.0;0.0;0.0;;Recommendation from a friend or family member;;SYNLAB Nigeria;1.0;0.0;0.0;0.0;0.0;0.0;0.0;0.0;0.0;0.0;0.0;0.0;0.0;0.0;;Doctor's referral for a specific test;;I go to whichever laboratory my doctor recommends;1.0;0.0;0.0;0.0;0.0;0.0;0.0;0.0;0.0;;4 - Good;7.0;Very good;Satisfied;;;Very satisfied;Satisfied;Satisfied;Very satisfied;Very satisfied;Synlab;;Better;Much better;I cannot compare;Much better;Much better;Better;The previous laboratory was too expensive;1.0;0.0;0.0;0.0;0.0;0.0;0.0;;Price is important but not the most important factor;Below ₦20,000;Collect physical copy from the laboratory;Walk in without an appointment;;No;;797590077;46496c12-285b-4a11-92cc-7f9a82cbd152;2026-07-19T00:10:34;submitted_via_web;vcuMVyHEmtj3KUokEUBV7q;uuid:46496c12-285b-4a11-92cc-7f9a82cbd152;492
Yes, I consent to participate;18-24;Male;Unemployed;;Gwagwalada;;Yes, I pay for it personally;;LAB360;0.0;0.0;0.0;0.0;0.0;0.0;0.0;1.0;0.0;0.0;0.0;0.0;0.0;0.0;0.0;;;;LAB360;0.0;0.0;0.0;0.0;0.0;0.0;1.0;0.0;0.0;0.0;0.0;0.0;0.0;0.0;;Insurance or HMO requirement;;I choose based on the laboratory's reputation;0.0;0.0;0.0;0.0;0.0;0.0;0.0;1.0;0.0;;;;;;;;;;;;;;Much better;Much better;Much better;Much better;Much better;Much better;Much better;My doctor or HMO recommended a different laboratory;0.0;0.0;0.0;0.0;1.0;0.0;0.0;;Price matters but quality comes first;₦20,000-50,000;Receive via WhatsApp;Book through a mobile app;;Yes;;796671367;cb59f8e2-7009-47d0-97ca-3e0119f9d31f;2026-07-17T12:29:41;submitted_via_web;vcuMVyHEmtj3KUokEUBV7q;uuid:cb59f8e2-7009-47d0-97ca-3e0119f9d31f;493
Yes, I consent to participate;25-34;Female;Healthcare professional;;Kubwa;;Yes, through my employer;General Hospital kubwa;SYNLAB Nigeria;1.0;0.0;0.0;0.0;0.0;0.0;0.0;0.0;0.0;0.0;0.0;0.0;0.0;0.0;0.0;;Advertisement - television, radio or outdoor;;APIN Medical Laboratory and Diagnostics;0.0;0.0;0.0;0.0;0.0;0.0;0.0;1.0;0.0;0.0;0.0;0.0;0.0;0.0;;Routine health check;;I go to whichever laboratory my HMO covers;0.0;1.0;0.0;0.0;0.0;0.0;0.0;0.0;0.0;;5- Excellent;8.0;When lunching one of their branches the manner at which they welcome patients;;;;;;;;;Kubwa General hospital. It is cheaper for me the once my HMo will not cover;Much better;Much better;Much better;Worse;About the same;I cannot compare;Better;I was dissatisfied with the customer service;0.0;0.0;0.0;1.0;0.0;0.0;0.0;;Price is important but not the most important factor;₦50,000-100,000;Collect physical copy from the laboratory;Call the laboratory directly;They should keep up the good work;Yes;;797592599;a782ba7e-a3ee-4f5d-9976-7a7864a9a87f;2026-07-18T20:52:31;submitted_via_web;vcuMVyHEmtj3KUokEUBV7q;uuid:a782ba7e-a3ee-4f5d-9976-7a7864a9a87f;494
Yes, I consent to participate;35-44;Female;Self-employed/business owner;;Asokoro;;Yes, I pay for it personally;;SYNLAB Nigeria;1.0;0.0;0.0;0.0;0.0;0.0;0.0;0.0;0.0;0.0;0.0;0.0;0.0;0.0;0.0;;Recommendation from a doctor or healthcare professional;;SYNLAB Nigeria;1.0;0.0;0.0;0.0;0.0;0.0;0.0;0.0;0.0;0.0;0.0;0.0;0.0;0.0;;Routine health check;;I go to whichever laboratory my doctor recommends;1.0;0.0;0.0;0.0;0.0;0.0;0.0;0.0;0.0;;;;;;;;;;;;;;;;;;;;;;;;;;;;;;;;;;;No;;798778932;38d11201-4e71-4034-929e-6e0e39ddddec;2026-07-17T11:17:48;submitted_via_web;vcuMVyHEmtj3KUokEUBV7q;uuid:38d11201-4e71-4034-929e-6e0e39ddddec;495
Yes, I consent to participate;35-44;Female;Civil servant;;Gwagwalada;;Yes, through my employer;LAB360;LAB360;0.0;0.0;0.0;0.0;0.0;0.0;0.0;1.0;0.0;0.0;0.0;0.0;0.0;0.0;0.0;;;;LAB360;0.0;0.0;0.0;0.0;0.0;0.0;1.0;0.0;0.0;0.0;0.0;0.0;0.0;0.0;;Insurance or HMO requirement;;I go to whichever laboratory my HMO covers;0.0;1.0;0.0;0.0;0.0;0.0;0.0;0.0;0.0;;;;;;;;;;;;;;I cannot compare;I cannot compare;I cannot compare;I cannot compare;Better;Better;Better;I moved to a new area;0.0;0.0;0.0;0.0;0.0;1.0;0.0;;Price is not a significant factor in my decision;₦20,000-50,000;Collect physical copy from the laboratory;Book through my HMO or employer's portal;;No;;798592118;7ee2dc9e-aa0a-47b2-a33a-ef8c79c452c4;2026-07-21T22:59:09;submitted_via_web;vcuMVyHEmtj3KUokEUBV7q;uuid:7ee2dc9e-aa0a-47b2-a33a-ef8c79c452c4;496
Yes, I consent to participate;35-44;Female;Healthcare professional;;Others;Maitama;No, I pay out of pocket;Lifebridge;Lifebridge Medical Diagnostics;0.0;0.0;0.0;0.0;0.0;0.0;0.0;0.0;0.0;1.0;0.0;0.0;0.0;0.0;0.0;;;;Lifebridge Medical Diagnostics;0.0;0.0;0.0;0.0;0.0;0.0;0.0;0.0;1.0;0.0;0.0;0.0;0.0;0.0;;Doctor's referral for a specific test;;I go to whichever laboratory my doctor recommends;1.0;0.0;0.0;0.0;0.0;0.0;0.0;0.0;0.0;;;;;;;;;;;;;Life bridge because the diagnosis is well explanatory;Better;Better;Better;I cannot compare;Better;I cannot compare;I cannot compare;I was dissatisfied with the quality or accuracy of results;0.0;0.0;1.0;0.0;0.0;0.0;0.0;;Price is the most important factor;₦20,000-50,000;Receive via email;Book through a mobile app;No;Yes;;798638911;14725bb4-782b-4199-ab91-1b70bb492fa2;2026-07-21T12:35:17;submitted_via_web;vcuMVyHEmtj3KUokEUBV7q;uuid:14725bb4-782b-4199-ab91-1b70bb492fa2;497
Yes, I consent to participate;35-44;Male;Corporate/salaried professional;;Gwarimpa;;Yes, through my employer;SYNLAB;SYNLAB Nigeria Mecure Healthcare Clinix;1.0;0.0;1.0;0.0;1.0;0.0;0.0;0.0;0.0;0.0;0.0;0.0;0.0;0.0;0.0;;Recommendation from a friend or family member;;SYNLAB Nigeria Clinix;1.0;0.0;0.0;0.0;1.0;0.0;0.0;0.0;0.0;0.0;0.0;0.0;0.0;0.0;;Doctor's referral for a specific test;;I go to whichever laboratory my HMO covers I choose based on proximity to my home or workplace;0.0;1.0;1.0;0.0;0.0;0.0;0.0;0.0;0.0;;4 - Good;8.0;Services was good;Neutral;Satisfied;Satisfied;Satisfied;Satisfied;Very satisfied;Did not experience this;Did not experience this;;I cannot compare;I cannot compare;I cannot compare;I cannot compare;I cannot compare;I cannot compare;I cannot compare;The previous laboratory was inconvenient to access I was dissatisfied with the quality or accuracy of results I was dissatisfied with the customer service My doctor or HMO recommended a different laboratory I moved to a new area;0.0;1.0;1.0;1.0;1.0;1.0;0.0;;Price matters but quality comes first;Below ₦20,000;I have no preference;I have no preference;;No;;797191216;be68f047-5729-4cf5-ae19-98e0fdb97263;2026-07-18T11:29:44;submitted_via_web;vcuMVyHEmtj3KUokEUBV7q;uuid:be68f047-5729-4cf5-ae19-98e0fdb97263;498
